year_month,district,okrug,official_secondary_sqm,official_newbuild_sqm,official_rent_sqm,secondary_mom_change_pct,cbr_key_rate_pct,avg_mortgage_rate_pct,n_listings_ours,our_avg_price_all,diff_vs_official_pct,is_new_moscow
2020-01-01,Aeroport,SAO,220700,248600,920,,6.0,8.5,3,154400.0,-30.0,False
2020-01-01,Akademichesky,YuZAO,282900,313200,1179,,6.0,8.5,4,185400.0,-34.5,False
2020-01-01,Alekseevsky,SVAO,227900,257500,949,,6.0,8.5,9,157422.0,-30.9,False
2020-01-01,Altufyevsky,SVAO,173500,191000,723,,6.0,8.5,4,96925.0,-44.1,False
2020-01-01,Arbat,CAO,480000,543700,2000,,6.0,8.5,4,374250.0,-22.0,False
2020-01-01,Babushkinsky,SVAO,186300,200900,776,,6.0,8.5,3,118300.0,-36.5,False
2020-01-01,Basmanny,CAO,380000,430100,1583,,6.0,8.5,5,245700.0,-35.3,False
2020-01-01,Begovoy,SAO,246600,279900,1028,,6.0,8.5,2,187100.0,-24.1,False
2020-01-01,Beskudnikovsky,SAO,178200,191700,742,,6.0,8.5,5,114020.0,-36.0,False
2020-01-01,Bibirevo,SVAO,180900,204800,754,,6.0,8.5,8,105113.0,-41.9,False
2020-01-01,Biryulyovo Vostochnoye,YuAO,161500,178800,673,,6.0,8.5,1,83400.0,-48.4,False
2020-01-01,Biryulyovo Zapadnoye,YuAO,157300,181200,655,,6.0,8.5,4,98300.0,-37.5,False
2020-01-01,Bogorodskoye,VAO,194100,209100,809,,6.0,8.5,4,131100.0,-32.5,False
2020-01-01,Brateyevo,YuAO,165900,182800,691,,6.0,8.5,5,100360.0,-39.5,False
2020-01-01,Butyrsky,SVAO,208800,233700,870,,6.0,8.5,5,104120.0,-50.1,False
2020-01-01,Chertanovo Severnoye,YuAO,185800,198600,774,,6.0,8.5,5,124740.0,-32.9,False
2020-01-01,Chertanovo Tsentralnoye,YuAO,177900,198800,741,,6.0,8.5,6,121983.0,-31.4,False
2020-01-01,Chertanovo Yuzhnoye,YuAO,172700,195000,720,,6.0,8.5,5,121180.0,-29.8,False
2020-01-01,Cheryomushki,YuZAO,254300,281700,1059,,6.0,8.5,2,203550.0,-20.0,False
2020-01-01,Danilovsky,YuAO,234600,252000,977,,6.0,8.5,3,163133.0,-30.5,False
2020-01-01,Desyonovskoye,NAO,135100,143800,563,,6.0,8.5,5,62620.0,-53.6,True
2020-01-01,Dmitrovsky,SAO,178000,193800,741,,6.0,8.5,1,114000.0,-36.0,False
2020-01-01,Donskoy,YuAO,237500,267300,990,,6.0,8.5,3,203633.0,-14.3,False
2020-01-01,Dorogomilovo,ZAO,373300,391300,1555,,6.0,8.5,5,272920.0,-26.9,False
2020-01-01,Fili-Davydkovo,ZAO,277300,308900,1155,,6.0,8.5,5,209740.0,-24.4,False
2020-01-01,Filimonkovskoye,NAO,129900,140300,541,,6.0,8.5,5,54880.0,-57.8,True
2020-01-01,Filyovsky Park,ZAO,300100,340100,1250,,6.0,8.5,3,214233.0,-28.6,False
2020-01-01,Gagarinsky,YuZAO,319800,335400,1333,,6.0,8.5,3,262167.0,-18.0,False
2020-01-01,Golovinsky,SAO,195500,213500,814,,6.0,8.5,4,126475.0,-35.3,False
2020-01-01,Golyanovo,VAO,165800,173300,691,,6.0,8.5,9,105944.0,-36.1,False
2020-01-01,Ivanovskoye,VAO,174300,199400,726,,6.0,8.5,7,112314.0,-35.6,False
2020-01-01,Izmaylovo,VAO,207000,229900,862,,6.0,8.5,6,130750.0,-36.8,False
2020-01-01,Khamovniki,CAO,514900,567000,2145,,6.0,8.5,8,373813.0,-27.4,False
2020-01-01,Khoroshyovo-Mnyovniki,SZAO,270500,305800,1127,,6.0,8.5,8,184663.0,-31.7,False
2020-01-01,Khoroshyovsky,SAO,256700,293900,1070,,6.0,8.5,5,188680.0,-26.5,False
2020-01-01,Khovrino,SAO,173200,189400,722,,6.0,8.5,6,108700.0,-37.2,False
2020-01-01,Kievsky,TAO,72600,79900,302,,6.0,8.5,6,38417.0,-47.1,True
2020-01-01,Klyonovskoye,TAO,70600,77200,294,,6.0,8.5,9,35278.0,-50.0,True
2020-01-01,Kokoshkino,NAO,114800,129800,478,,6.0,8.5,8,68913.0,-40.0,True
2020-01-01,Konkovo,YuZAO,237400,253300,989,,6.0,8.5,4,149200.0,-37.2,False
2020-01-01,Koptevo,SAO,192900,213600,804,,6.0,8.5,8,112863.0,-41.5,False
2020-01-01,Kosino-Ukhtomsky,VAO,161600,178700,673,,6.0,8.5,5,91140.0,-43.6,False
2020-01-01,Kotlovka,YuZAO,260600,287500,1086,,6.0,8.5,6,165533.0,-36.5,False
2020-01-01,Krasnopakhorskoye,TAO,88700,97000,370,,6.0,8.5,6,42633.0,-51.9,True
2020-01-01,Krasnoselsky,CAO,358800,392700,1495,,6.0,8.5,9,210533.0,-41.3,False
2020-01-01,Krylatskoye,SZAO,307900,342400,1283,,6.0,8.5,6,186000.0,-39.6,False
2020-01-01,Kuntsevo,ZAO,266300,281300,1109,,6.0,8.5,6,165850.0,-37.7,False
2020-01-01,Kurkino,SZAO,250100,271600,1042,,6.0,8.5,7,138386.0,-44.7,False
2020-01-01,Levoberezhny,SAO,180300,199500,751,,6.0,8.5,4,105650.0,-41.4,False
2020-01-01,Lianozovo,SVAO,177100,194900,738,,6.0,8.5,5,102500.0,-42.1,False
2020-01-01,Lomonosovsky,YuZAO,302400,342400,1260,,6.0,8.5,3,182333.0,-39.7,False
2020-01-01,Losinoostrovsky,SVAO,185100,203100,771,,6.0,8.5,6,105783.0,-42.9,False
2020-01-01,Marfino,SVAO,186800,203000,778,,6.0,8.5,8,115088.0,-38.4,False
2020-01-01,Marushkinskoye,NAO,116500,127100,485,,6.0,8.5,6,58533.0,-49.8,True
2020-01-01,Maryina Roshcha,SVAO,224300,242400,935,,6.0,8.5,4,185975.0,-17.1,False
2020-01-01,Meshchansky,CAO,367300,393700,1530,,6.0,8.5,3,297700.0,-18.9,False
2020-01-01,Metrogorodok,VAO,174800,187200,728,,6.0,8.5,4,109450.0,-37.4,False
2020-01-01,Mikhaylovo-Yartsevskoye,TAO,72800,83000,303,,6.0,8.5,5,40320.0,-44.6,True
2020-01-01,Mitino,SZAO,206600,228300,861,,6.0,8.5,4,136075.0,-34.1,False
2020-01-01,Molzhaninovsky,SAO,152500,170000,636,,6.0,8.5,2,91950.0,-39.7,False
2020-01-01,Moskovsky,NAO,145000,162000,604,,6.0,8.5,2,80050.0,-44.8,True
2020-01-01,Moskvorechye-Saburovo,YuAO,176700,190800,736,,6.0,8.5,7,128414.0,-27.3,False
2020-01-01,Mosrentgen,NAO,152000,172900,633,,6.0,8.5,1,88900.0,-41.5,True
2020-01-01,Mozhaysky,ZAO,239800,263500,999,,6.0,8.5,4,159475.0,-33.5,False
2020-01-01,Nagatino-Sadovniki,YuAO,212000,233200,883,,6.0,8.5,6,172383.0,-18.7,False
2020-01-01,Nagatinsky Zaton,YuAO,221800,246200,924,,6.0,8.5,6,162900.0,-26.6,False
2020-01-01,Nagorny,YuAO,216000,242300,900,,6.0,8.5,4,145325.0,-32.7,False
2020-01-01,Novo-Peredelkino,ZAO,193200,215700,805,,6.0,8.5,9,115433.0,-40.3,False
2020-01-01,Novofyodorovskoye,TAO,72000,76700,300,,6.0,8.5,6,43433.0,-39.7,True
2020-01-01,Novogireyevo,VAO,189300,214900,789,,6.0,8.5,2,119150.0,-37.1,False
2020-01-01,Novokosino,VAO,178400,199800,743,,6.0,8.5,8,94650.0,-46.9,False
2020-01-01,Obruchevsky,YuZAO,250300,285800,1043,,6.0,8.5,2,168400.0,-32.7,False
2020-01-01,Ochakovo-Matveyevskoye,ZAO,244000,280800,1017,,6.0,8.5,4,153600.0,-37.0,False
2020-01-01,Orekhovo-Borisovo Severnoye,YuAO,163600,180200,682,,6.0,8.5,3,75100.0,-54.1,False
2020-01-01,Orekhovo-Borisovo Yuzhnoye,YuAO,163900,178100,683,,6.0,8.5,6,82217.0,-49.8,False
2020-01-01,Ostankinsky,SVAO,226400,246900,943,,6.0,8.5,8,143950.0,-36.4,False
2020-01-01,Otradnoye,SVAO,187300,207500,781,,6.0,8.5,8,109825.0,-41.4,False
2020-01-01,Perovo,VAO,188900,213800,787,,6.0,8.5,5,145660.0,-22.9,False
2020-01-01,Pervomayskoye,TAO,80600,88200,336,,6.0,8.5,4,41200.0,-48.9,True
2020-01-01,Pokrovskoye-Streshnevo,SZAO,233200,260200,971,,6.0,8.5,6,170350.0,-27.0,False
2020-01-01,Preobrazhenskoye,VAO,200800,220200,837,,6.0,8.5,8,179513.0,-10.6,False
2020-01-01,Presnensky,CAO,439400,504100,1831,,6.0,8.5,5,360320.0,-18.0,False
2020-01-01,Prospekt Vernadskogo,ZAO,310400,337700,1293,,6.0,8.5,3,199267.0,-35.8,False
2020-01-01,Ramenki,ZAO,319800,354300,1332,,6.0,8.5,2,193050.0,-39.6,False
2020-01-01,Rogovskoye,TAO,72900,76400,304,,6.0,8.5,4,30475.0,-58.2,True
2020-01-01,Rostokino,SVAO,189300,204500,789,,6.0,8.5,6,160117.0,-15.4,False
2020-01-01,Ryazanovskoye,NAO,117100,127200,488,,6.0,8.5,4,56975.0,-51.3,True
2020-01-01,Savyolovsky,SAO,237300,263400,989,,6.0,8.5,8,158075.0,-33.4,False
2020-01-01,Severnoye Butovo,YuZAO,212100,224900,884,,6.0,8.5,7,127071.0,-40.1,False
2020-01-01,Severnoye Izmaylovo,VAO,187700,213700,782,,6.0,8.5,6,133650.0,-28.8,False
2020-01-01,Severnoye Medvedkovo,SVAO,182200,202300,759,,6.0,8.5,7,96329.0,-47.1,False
2020-01-01,Severnoye Tushino,SZAO,211300,232000,880,,6.0,8.5,3,121233.0,-42.6,False
2020-01-01,Severny,SVAO,163200,186300,680,,6.0,8.5,11,87009.0,-46.7,False
2020-01-01,Shchapovskoye,TAO,75500,84700,315,,6.0,8.5,7,42071.0,-44.3,True
2020-01-01,Shcherbinka,NAO,141700,149900,590,,6.0,8.5,4,72075.0,-49.1,True
2020-01-01,Shchukino,SZAO,261500,285400,1090,,6.0,8.5,8,189313.0,-27.6,False
2020-01-01,Sokol,SAO,255900,282100,1066,,6.0,8.5,6,201817.0,-21.1,False
2020-01-01,Sokolinaya Gora,VAO,185000,196200,771,,6.0,8.5,8,132338.0,-28.5,False
2020-01-01,Sokolniki,VAO,217900,231700,908,,6.0,8.5,6,151217.0,-30.6,False
2020-01-01,Solntsevo,ZAO,209700,233300,874,,6.0,8.5,7,118543.0,-43.5,False
2020-01-01,Sosenskoye,NAO,145100,156900,605,,6.0,8.5,7,71814.0,-50.5,True
2020-01-01,Strogino,SZAO,264800,286400,1103,,6.0,8.5,4,213625.0,-19.3,False
2020-01-01,Sviblovo,SVAO,187800,204300,783,,6.0,8.5,6,144167.0,-23.2,False
2020-01-01,Tagansky,CAO,352300,391100,1468,,6.0,8.5,3,276900.0,-21.4,False
2020-01-01,Timiryazevsky,SAO,218200,238500,909,,6.0,8.5,8,161038.0,-26.2,False
2020-01-01,Troitsk,TAO,101800,114100,424,,6.0,8.5,3,48067.0,-52.8,True
2020-01-01,Troparyovo-Nikulino,ZAO,280300,311700,1168,,6.0,8.5,7,209229.0,-25.4,False
2020-01-01,Tsaritsyno,YuAO,177400,196500,739,,6.0,8.5,6,111683.0,-37.0,False
2020-01-01,Tverskoy,CAO,464100,509600,1934,,6.0,8.5,5,451400.0,-2.7,False
2020-01-01,Tyoply Stan,YuZAO,211000,237400,879,,6.0,8.5,6,102483.0,-51.4,False
2020-01-01,Veshnyaki,VAO,167200,183600,696,,6.0,8.5,4,96650.0,-42.2,False
2020-01-01,Vnukovo,ZAO,195400,206700,814,,6.0,8.5,7,104957.0,-46.3,False
2020-01-01,Vnukovskoye,NAO,146200,161600,609,,6.0,8.5,5,87460.0,-40.2,True
2020-01-01,Voronovskoye,TAO,76200,85100,318,,6.0,8.5,7,35914.0,-52.9,True
2020-01-01,Voskresenskoye,NAO,140500,150600,585,,6.0,8.5,5,84440.0,-39.9,True
2020-01-01,Vostochnoye Izmaylovo,VAO,200800,219800,837,,6.0,8.5,4,136175.0,-32.2,False
2020-01-01,Vostochny,VAO,159800,169400,666,,6.0,8.5,6,104867.0,-34.4,False
2020-01-01,Voykovsky,SAO,216300,237200,901,,6.0,8.5,6,146150.0,-32.4,False
2020-01-01,Yakimanka,CAO,462000,496900,1925,,6.0,8.5,6,342033.0,-26.0,False
2020-01-01,Yaroslavsky,SVAO,177000,198300,738,,6.0,8.5,7,104829.0,-40.8,False
2020-01-01,Yasenevo,YuZAO,236100,259400,984,,6.0,8.5,10,219460.0,-7.0,False
2020-01-01,Yuzhnoye Butovo,YuZAO,198200,216300,826,,6.0,8.5,7,112643.0,-43.2,False
2020-01-01,Yuzhnoye Medvedkovo,SVAO,182500,187100,760,,6.0,8.5,5,126460.0,-30.7,False
2020-01-01,Yuzhnoye Tushino,SZAO,216200,235500,901,,6.0,8.5,2,109500.0,-49.4,False
2020-01-01,Zamoskvorechye,CAO,411600,464100,1715,,6.0,8.5,4,327725.0,-20.4,False
2020-01-01,Zapadnoye Degunino,SAO,187500,204300,781,,6.0,8.5,1,106800.0,-43.0,False
2020-01-01,Zelenograd,ZelAO,123300,138000,514,,6.0,8.5,4,64400.0,-47.8,True
2020-01-01,Zyablikovo,YuAO,164600,177300,686,,6.0,8.5,5,92240.0,-44.0,False
2020-01-01,Zyuzino,YuZAO,254900,285500,1062,,6.0,8.5,3,136167.0,-46.6,False
2020-02-01,Aeroport,SAO,241500,264200,1006,9.41,6.0,8.5,5,192760.0,-20.2,False
2020-02-01,Akademichesky,YuZAO,288100,323800,1201,1.84,6.0,8.5,5,165960.0,-42.4,False
2020-02-01,Alekseevsky,SVAO,231700,250200,965,1.67,6.0,8.5,7,158943.0,-31.4,False
2020-02-01,Altufyevsky,SVAO,175500,190700,731,1.12,6.0,8.5,5,102480.0,-41.6,False
2020-02-01,Arbat,CAO,469100,531500,1955,-2.28,6.0,8.5,5,361420.0,-23.0,False
2020-02-01,Babushkinsky,SVAO,193600,207800,807,3.88,6.0,8.5,4,146150.0,-24.5,False
2020-02-01,Basmanny,CAO,382700,414900,1594,0.7,6.0,8.5,6,309617.0,-19.1,False
2020-02-01,Begovoy,SAO,260100,289600,1084,5.48,6.0,8.5,5,157860.0,-39.3,False
2020-02-01,Beskudnikovsky,SAO,180700,204500,753,1.42,6.0,8.5,6,110517.0,-38.8,False
2020-02-01,Bibirevo,SVAO,178000,193400,742,-1.6,6.0,8.5,6,112067.0,-37.0,False
2020-02-01,Biryulyovo Vostochnoye,YuAO,158700,166500,661,-1.75,6.0,8.5,4,81825.0,-48.4,False
2020-02-01,Biryulyovo Zapadnoye,YuAO,160400,178300,668,2.0,6.0,8.5,2,87950.0,-45.2,False
2020-02-01,Bogorodskoye,VAO,190900,216400,795,-1.66,6.0,8.5,1,122300.0,-35.9,False
2020-02-01,Brateyevo,YuAO,166600,181000,694,0.45,6.0,8.5,2,116150.0,-30.3,False
2020-02-01,Butyrsky,SVAO,207700,229500,865,-0.52,6.0,8.5,2,179550.0,-13.6,False
2020-02-01,Chertanovo Severnoye,YuAO,186600,215800,777,0.44,6.0,8.5,4,117800.0,-36.9,False
2020-02-01,Chertanovo Tsentralnoye,YuAO,174800,186800,728,-1.78,6.0,8.5,2,101150.0,-42.1,False
2020-02-01,Chertanovo Yuzhnoye,YuAO,165300,175500,689,-4.26,6.0,8.5,5,136440.0,-17.5,False
2020-02-01,Cheryomushki,YuZAO,262300,290500,1093,3.18,6.0,8.5,3,185900.0,-29.1,False
2020-02-01,Danilovsky,YuAO,238300,264600,993,1.57,6.0,8.5,4,156950.0,-34.1,False
2020-02-01,Desyonovskoye,NAO,133400,149500,556,-1.26,6.0,8.5,6,76067.0,-43.0,True
2020-02-01,Dmitrovsky,SAO,177300,201100,739,-0.38,6.0,8.5,9,99789.0,-43.7,False
2020-02-01,Donskoy,YuAO,256300,289900,1068,7.91,6.0,8.5,6,180317.0,-29.6,False
2020-02-01,Dorogomilovo,ZAO,369800,406700,1541,-0.94,6.0,8.5,3,292833.0,-20.8,False
2020-02-01,Fili-Davydkovo,ZAO,281600,315200,1173,1.55,6.0,8.5,7,205000.0,-27.2,False
2020-02-01,Filimonkovskoye,NAO,125800,139500,524,-3.16,6.0,8.5,7,69029.0,-45.1,True
2020-02-01,Filyovsky Park,ZAO,298900,331700,1245,-0.41,6.0,8.5,3,208967.0,-30.1,False
2020-02-01,Gagarinsky,YuZAO,312600,350500,1302,-2.27,6.0,8.5,7,246143.0,-21.3,False
2020-02-01,Golovinsky,SAO,187900,205600,783,-3.89,6.0,8.5,4,122000.0,-35.1,False
2020-02-01,Golyanovo,VAO,180700,213100,753,8.96,6.0,8.5,2,102750.0,-43.1,False
2020-02-01,Ivanovskoye,VAO,176200,188900,734,1.07,6.0,8.5,4,108125.0,-38.6,False
2020-02-01,Izmaylovo,VAO,216800,248000,903,4.75,6.0,8.5,5,143720.0,-33.7,False
2020-02-01,Khamovniki,CAO,518900,568100,2162,0.78,6.0,8.5,4,335850.0,-35.3,False
2020-02-01,Khoroshyovo-Mnyovniki,SZAO,271100,295400,1130,0.23,6.0,8.5,5,165420.0,-39.0,False
2020-02-01,Khoroshyovsky,SAO,275700,308300,1149,7.41,6.0,8.5,3,190100.0,-31.0,False
2020-02-01,Khovrino,SAO,179600,201900,748,3.7,6.0,8.5,4,112900.0,-37.1,False
2020-02-01,Kievsky,TAO,73600,77600,307,1.47,6.0,8.5,8,40463.0,-45.0,True
2020-02-01,Klyonovskoye,TAO,73200,81800,305,3.71,6.0,8.5,5,34980.0,-52.2,True
2020-02-01,Kokoshkino,NAO,123200,135400,513,7.36,6.0,8.5,3,61200.0,-50.3,True
2020-02-01,Konkovo,YuZAO,243600,274700,1015,2.64,6.0,8.5,9,155300.0,-36.2,False
2020-02-01,Koptevo,SAO,191000,212000,796,-0.99,6.0,8.5,2,98400.0,-48.5,False
2020-02-01,Kosino-Ukhtomsky,VAO,169400,181900,706,4.81,6.0,8.5,5,99600.0,-41.2,False
2020-02-01,Kotlovka,YuZAO,261900,280000,1091,0.5,6.0,8.5,7,148971.0,-43.1,False
2020-02-01,Krasnopakhorskoye,TAO,84600,90300,352,-4.67,6.0,8.5,2,39150.0,-53.7,True
2020-02-01,Krasnoselsky,CAO,376700,415500,1570,4.98,6.0,8.5,1,199700.0,-47.0,False
2020-02-01,Krylatskoye,SZAO,303700,333000,1266,-1.36,6.0,8.5,7,183329.0,-39.6,False
2020-02-01,Kuntsevo,ZAO,261600,300600,1090,-1.76,6.0,8.5,4,159725.0,-38.9,False
2020-02-01,Kurkino,SZAO,248500,267000,1036,-0.62,6.0,8.5,3,153200.0,-38.4,False
2020-02-01,Levoberezhny,SAO,191600,199800,799,6.3,6.0,8.5,7,123286.0,-35.7,False
2020-02-01,Lianozovo,SVAO,175100,195700,730,-1.09,6.0,8.5,2,92050.0,-47.4,False
2020-02-01,Lomonosovsky,YuZAO,333600,378800,1390,10.29,6.0,8.5,4,221600.0,-33.6,False
2020-02-01,Losinoostrovsky,SVAO,188900,200400,787,2.05,6.0,8.5,8,106438.0,-43.7,False
2020-02-01,Marfino,SVAO,197700,214600,824,5.87,6.0,8.5,8,138800.0,-29.8,False
2020-02-01,Marushkinskoye,NAO,113900,124600,474,-2.24,6.0,8.5,8,60138.0,-47.2,True
2020-02-01,Maryina Roshcha,SVAO,236200,260300,984,5.29,6.0,8.5,8,170725.0,-27.7,False
2020-02-01,Meshchansky,CAO,386400,422800,1610,5.21,6.0,8.5,6,268950.0,-30.4,False
2020-02-01,Metrogorodok,VAO,168100,184300,701,-3.8,6.0,8.5,7,139014.0,-17.3,False
2020-02-01,Mikhaylovo-Yartsevskoye,TAO,82700,84800,345,13.69,6.0,8.5,7,40343.0,-51.2,True
2020-02-01,Mitino,SZAO,206700,221300,861,0.07,6.0,8.5,4,160825.0,-22.2,False
2020-02-01,Molzhaninovsky,SAO,155300,167500,647,1.83,6.0,8.5,2,92400.0,-40.5,False
2020-02-01,Moskovsky,NAO,149900,165500,625,3.42,6.0,8.5,2,85250.0,-43.1,True
2020-02-01,Moskvorechye-Saburovo,YuAO,187500,208900,781,6.13,6.0,8.5,6,112083.0,-40.2,False
2020-02-01,Mosrentgen,NAO,153500,167000,639,0.97,6.0,8.5,7,95100.0,-38.0,True
2020-02-01,Mozhaysky,ZAO,235400,264600,981,-1.84,6.0,8.5,4,160200.0,-31.9,False
2020-02-01,Nagatino-Sadovniki,YuAO,207800,229200,866,-1.96,6.0,8.5,2,135150.0,-35.0,False
2020-02-01,Nagatinsky Zaton,YuAO,215800,235200,899,-2.73,6.0,8.5,4,133500.0,-38.1,False
2020-02-01,Nagorny,YuAO,202500,221500,844,-6.27,6.0,8.5,6,156950.0,-22.5,False
2020-02-01,Novo-Peredelkino,ZAO,204900,213500,854,6.06,6.0,8.5,9,112733.0,-45.0,False
2020-02-01,Novofyodorovskoye,TAO,74700,85200,311,3.85,6.0,8.5,1,39900.0,-46.6,True
2020-02-01,Novogireyevo,VAO,186400,209300,777,-1.54,6.0,8.5,8,146850.0,-21.2,False
2020-02-01,Novokosino,VAO,190500,214200,794,6.77,6.0,8.5,6,94733.0,-50.3,False
2020-02-01,Obruchevsky,YuZAO,267900,294000,1116,7.0,6.0,8.5,4,177025.0,-33.9,False
2020-02-01,Ochakovo-Matveyevskoye,ZAO,242800,277100,1011,-0.53,6.0,8.5,6,139117.0,-42.7,False
2020-02-01,Orekhovo-Borisovo Severnoye,YuAO,175300,183300,730,7.17,6.0,8.5,8,96813.0,-44.8,False
2020-02-01,Orekhovo-Borisovo Yuzhnoye,YuAO,159100,167100,663,-2.95,6.0,8.5,2,106100.0,-33.3,False
2020-02-01,Ostankinsky,SVAO,235400,258200,981,3.99,6.0,8.5,8,159700.0,-32.2,False
2020-02-01,Otradnoye,SVAO,196600,218300,819,4.93,6.0,8.5,7,112143.0,-43.0,False
2020-02-01,Perovo,VAO,194900,217800,812,3.16,6.0,8.5,10,168470.0,-13.6,False
2020-02-01,Pervomayskoye,TAO,80900,85700,337,0.32,6.0,8.5,2,39250.0,-51.5,True
2020-02-01,Pokrovskoye-Streshnevo,SZAO,233400,252900,973,0.11,6.0,8.5,4,165425.0,-29.1,False
2020-02-01,Preobrazhenskoye,VAO,205700,228300,857,2.43,6.0,8.5,5,155120.0,-24.6,False
2020-02-01,Presnensky,CAO,476500,499100,1985,8.45,6.0,8.5,6,352000.0,-26.1,False
2020-02-01,Prospekt Vernadskogo,ZAO,318800,371600,1328,2.72,6.0,8.5,5,238180.0,-25.3,False
2020-02-01,Ramenki,ZAO,319900,338400,1333,0.04,6.0,8.5,6,212733.0,-33.5,False
2020-02-01,Rogovskoye,TAO,71000,74700,296,-2.61,6.0,8.5,6,38317.0,-46.0,True
2020-02-01,Rostokino,SVAO,185700,193900,774,-1.9,6.0,8.5,8,127213.0,-31.5,False
2020-02-01,Ryazanovskoye,NAO,115200,128500,480,-1.61,6.0,8.5,4,65650.0,-43.0,True
2020-02-01,Savyolovsky,SAO,256900,277700,1070,8.27,6.0,8.5,7,165614.0,-35.5,False
2020-02-01,Severnoye Butovo,YuZAO,209100,224200,871,-1.38,6.0,8.5,4,133025.0,-36.4,False
2020-02-01,Severnoye Izmaylovo,VAO,184600,211400,769,-1.66,6.0,8.5,5,150240.0,-18.6,False
2020-02-01,Severnoye Medvedkovo,SVAO,187700,199500,782,2.99,6.0,8.5,4,108300.0,-42.3,False
2020-02-01,Severnoye Tushino,SZAO,213400,242100,889,1.0,6.0,8.5,5,134100.0,-37.2,False
2020-02-01,Severny,SVAO,164800,176700,687,0.98,6.0,8.5,12,88608.0,-46.2,False
2020-02-01,Shchapovskoye,TAO,77300,87100,322,2.44,6.0,8.5,6,42133.0,-45.5,True
2020-02-01,Shcherbinka,NAO,138700,151000,578,-2.15,6.0,8.5,2,64350.0,-53.6,True
2020-02-01,Shchukino,SZAO,263000,297900,1096,0.56,6.0,8.5,2,186800.0,-29.0,False
2020-02-01,Sokol,SAO,257200,289100,1072,0.5,6.0,8.5,5,186580.0,-27.5,False
2020-02-01,Sokolinaya Gora,VAO,186800,197700,778,0.95,6.0,8.5,5,122740.0,-34.3,False
2020-02-01,Sokolniki,VAO,227900,254500,950,4.61,6.0,8.5,1,187200.0,-17.9,False
2020-02-01,Solntsevo,ZAO,205300,226000,856,-2.1,6.0,8.5,6,108250.0,-47.3,False
2020-02-01,Sosenskoye,NAO,151400,166600,631,4.33,6.0,8.5,9,83956.0,-44.5,True
2020-02-01,Strogino,SZAO,268300,297200,1118,1.31,6.0,8.5,4,221700.0,-17.4,False
2020-02-01,Sviblovo,SVAO,187200,200800,780,-0.32,6.0,8.5,5,136500.0,-27.1,False
2020-02-01,Tagansky,CAO,351900,380200,1466,-0.12,6.0,8.5,4,283275.0,-19.5,False
2020-02-01,Timiryazevsky,SAO,222000,238700,925,1.73,6.0,8.5,4,161225.0,-27.4,False
2020-02-01,Troitsk,TAO,104100,116300,434,2.33,6.0,8.5,3,52433.0,-49.6,True
2020-02-01,Troparyovo-Nikulino,ZAO,289100,298300,1205,3.16,6.0,8.5,8,201038.0,-30.5,False
2020-02-01,Tsaritsyno,YuAO,181100,203000,755,2.09,6.0,8.5,6,117817.0,-34.9,False
2020-02-01,Tverskoy,CAO,475700,498500,1982,2.51,6.0,8.5,5,415660.0,-12.6,False
2020-02-01,Tyoply Stan,YuZAO,221900,239900,925,5.13,6.0,8.5,4,132225.0,-40.4,False
2020-02-01,Veshnyaki,VAO,164700,172500,686,-1.49,6.0,8.5,5,111820.0,-32.1,False
2020-02-01,Vnukovo,ZAO,195400,207800,814,-0.02,6.0,8.5,4,90350.0,-53.8,False
2020-02-01,Vnukovskoye,NAO,147900,162700,616,1.21,6.0,8.5,6,83333.0,-43.7,True
2020-02-01,Voronovskoye,TAO,74600,80500,311,-2.17,6.0,8.5,8,40713.0,-45.4,True
2020-02-01,Voskresenskoye,NAO,139100,146600,579,-1.03,6.0,8.5,8,82150.0,-40.9,True
2020-02-01,Vostochnoye Izmaylovo,VAO,193000,214200,804,-3.87,6.0,8.5,2,149650.0,-22.5,False
2020-02-01,Vostochny,VAO,153300,169000,639,-4.06,6.0,8.5,2,99150.0,-35.3,False
2020-02-01,Voykovsky,SAO,208100,231500,867,-3.78,6.0,8.5,9,154089.0,-26.0,False
2020-02-01,Yakimanka,CAO,460400,498800,1918,-0.35,6.0,8.5,7,372100.0,-19.2,False
2020-02-01,Yaroslavsky,SVAO,178900,187100,745,1.03,6.0,8.5,7,106457.0,-40.5,False
2020-02-01,Yasenevo,YuZAO,242100,254300,1009,2.58,6.0,8.5,0,,,False
2020-02-01,Yuzhnoye Butovo,YuZAO,198900,225900,829,0.35,6.0,8.5,10,102830.0,-48.3,False
2020-02-01,Yuzhnoye Medvedkovo,SVAO,194300,208000,809,6.46,6.0,8.5,5,114400.0,-41.1,False
2020-02-01,Yuzhnoye Tushino,SZAO,222300,254400,926,2.81,6.0,8.5,3,118433.0,-46.7,False
2020-02-01,Zamoskvorechye,CAO,410700,454900,1711,-0.23,6.0,8.5,5,278060.0,-32.3,False
2020-02-01,Zapadnoye Degunino,SAO,180700,200000,753,-3.63,6.0,8.5,2,98350.0,-45.6,False
2020-02-01,Zelenograd,ZelAO,125200,136800,522,1.58,6.0,8.5,2,74050.0,-40.9,True
2020-02-01,Zyablikovo,YuAO,162200,174900,676,-1.48,6.0,8.5,5,105540.0,-34.9,False
2020-02-01,Zyuzino,YuZAO,252900,266300,1054,-0.78,6.0,8.5,4,177025.0,-30.0,False
2020-03-01,Aeroport,SAO,248100,266500,1034,2.74,6.0,8.5,4,174600.0,-29.6,False
2020-03-01,Akademichesky,YuZAO,288000,314300,1200,-0.03,6.0,8.5,4,172400.0,-40.1,False
2020-03-01,Alekseevsky,SVAO,217400,226100,906,-6.14,6.0,8.5,4,153200.0,-29.5,False
2020-03-01,Altufyevsky,SVAO,176900,192000,737,0.83,6.0,8.5,5,96400.0,-45.5,False
2020-03-01,Arbat,CAO,502200,559800,2093,7.07,6.0,8.5,2,477650.0,-4.9,False
2020-03-01,Babushkinsky,SVAO,197600,217500,823,2.07,6.0,8.5,5,117300.0,-40.6,False
2020-03-01,Basmanny,CAO,368800,389200,1537,-3.61,6.0,8.5,7,254343.0,-31.0,False
2020-03-01,Begovoy,SAO,252700,273800,1053,-2.87,6.0,8.5,6,194700.0,-23.0,False
2020-03-01,Beskudnikovsky,SAO,182000,212600,758,0.72,6.0,8.5,5,101420.0,-44.3,False
2020-03-01,Bibirevo,SVAO,179900,197200,750,1.08,6.0,8.5,7,113729.0,-36.8,False
2020-03-01,Biryulyovo Vostochnoye,YuAO,166500,184300,694,4.92,6.0,8.5,7,101743.0,-38.9,False
2020-03-01,Biryulyovo Zapadnoye,YuAO,172500,194100,719,7.57,6.0,8.5,6,86867.0,-49.6,False
2020-03-01,Bogorodskoye,VAO,192800,217600,803,0.97,6.0,8.5,8,115500.0,-40.1,False
2020-03-01,Brateyevo,YuAO,167700,185800,699,0.64,6.0,8.5,9,113278.0,-32.5,False
2020-03-01,Butyrsky,SVAO,217700,246300,907,4.85,6.0,8.5,9,153522.0,-29.5,False
2020-03-01,Chertanovo Severnoye,YuAO,198200,226200,826,6.22,6.0,8.5,4,128500.0,-35.2,False
2020-03-01,Chertanovo Tsentralnoye,YuAO,186800,202400,778,6.88,6.0,8.5,7,117457.0,-37.1,False
2020-03-01,Chertanovo Yuzhnoye,YuAO,168600,181500,703,1.99,6.0,8.5,4,128925.0,-23.5,False
2020-03-01,Cheryomushki,YuZAO,258800,281800,1078,-1.35,6.0,8.5,9,220667.0,-14.7,False
2020-03-01,Danilovsky,YuAO,228300,246100,951,-4.2,6.0,8.5,8,165738.0,-27.4,False
2020-03-01,Desyonovskoye,NAO,137100,148700,571,2.75,6.0,8.5,7,63557.0,-53.6,True
2020-03-01,Dmitrovsky,SAO,184600,203300,769,4.11,6.0,8.5,5,98740.0,-46.5,False
2020-03-01,Donskoy,YuAO,247900,267100,1033,-3.27,6.0,8.5,2,181400.0,-26.8,False
2020-03-01,Dorogomilovo,ZAO,392700,422100,1636,6.18,6.0,8.5,7,281529.0,-28.3,False
2020-03-01,Fili-Davydkovo,ZAO,289400,312400,1206,2.77,6.0,8.5,6,198933.0,-31.3,False
2020-03-01,Filimonkovskoye,NAO,121100,134500,505,-3.72,6.0,8.5,1,86600.0,-28.5,True
2020-03-01,Filyovsky Park,ZAO,303300,336800,1264,1.46,6.0,8.5,5,220020.0,-27.5,False
2020-03-01,Gagarinsky,YuZAO,340000,378100,1417,8.77,6.0,8.5,3,244433.0,-28.1,False
2020-03-01,Golovinsky,SAO,193300,211500,805,2.89,6.0,8.5,5,125320.0,-35.2,False
2020-03-01,Golyanovo,VAO,166600,180000,694,-7.81,6.0,8.5,5,100060.0,-39.9,False
2020-03-01,Ivanovskoye,VAO,185500,200200,773,5.32,6.0,8.5,4,133175.0,-28.2,False
2020-03-01,Izmaylovo,VAO,208000,233100,867,-4.03,6.0,8.5,6,154433.0,-25.8,False
2020-03-01,Khamovniki,CAO,529000,594500,2204,1.96,6.0,8.5,10,403030.0,-23.8,False
2020-03-01,Khoroshyovo-Mnyovniki,SZAO,272200,299400,1134,0.4,6.0,8.5,3,171667.0,-36.9,False
2020-03-01,Khoroshyovsky,SAO,270000,305000,1125,-2.08,6.0,8.5,6,195617.0,-27.5,False
2020-03-01,Khovrino,SAO,190900,205500,795,6.27,6.0,8.5,4,102200.0,-46.5,False
2020-03-01,Kievsky,TAO,72700,78800,303,-1.29,6.0,8.5,11,39127.0,-46.2,True
2020-03-01,Klyonovskoye,TAO,74200,81200,309,1.34,6.0,8.5,2,37900.0,-48.9,True
2020-03-01,Kokoshkino,NAO,118000,133200,492,-4.26,6.0,8.5,7,60886.0,-48.4,True
2020-03-01,Konkovo,YuZAO,247000,269700,1029,1.4,6.0,8.5,6,161217.0,-34.7,False
2020-03-01,Koptevo,SAO,205400,224800,856,7.51,6.0,8.5,10,118810.0,-42.2,False
2020-03-01,Kosino-Ukhtomsky,VAO,164400,186400,685,-2.93,6.0,8.5,4,90575.0,-44.9,False
2020-03-01,Kotlovka,YuZAO,250100,274700,1042,-4.5,6.0,8.5,7,193629.0,-22.6,False
2020-03-01,Krasnopakhorskoye,TAO,88300,97500,368,4.35,6.0,8.5,4,45500.0,-48.5,True
2020-03-01,Krasnoselsky,CAO,367000,403400,1529,-2.59,6.0,8.5,5,325080.0,-11.4,False
2020-03-01,Krylatskoye,SZAO,297000,329400,1238,-2.21,6.0,8.5,5,220040.0,-25.9,False
2020-03-01,Kuntsevo,ZAO,274800,315800,1145,5.06,6.0,8.5,3,178500.0,-35.0,False
2020-03-01,Kurkino,SZAO,258500,273300,1077,4.02,6.0,8.5,2,127300.0,-50.8,False
2020-03-01,Levoberezhny,SAO,206500,226000,860,7.75,6.0,8.5,5,108240.0,-47.6,False
2020-03-01,Lianozovo,SVAO,177500,199000,740,1.37,6.0,8.5,3,110633.0,-37.7,False
2020-03-01,Lomonosovsky,YuZAO,326100,359500,1359,-2.23,6.0,8.5,8,246788.0,-24.3,False
2020-03-01,Losinoostrovsky,SVAO,189100,205300,788,0.09,6.0,8.5,3,113200.0,-40.1,False
2020-03-01,Marfino,SVAO,191500,213500,798,-3.17,6.0,8.5,4,116125.0,-39.4,False
2020-03-01,Marushkinskoye,NAO,113000,122700,471,-0.74,6.0,8.5,10,58610.0,-48.1,True
2020-03-01,Maryina Roshcha,SVAO,242800,265600,1012,2.8,6.0,8.5,7,174100.0,-28.3,False
2020-03-01,Meshchansky,CAO,350700,387000,1461,-9.25,6.0,8.5,11,279636.0,-20.3,False
2020-03-01,Metrogorodok,VAO,178000,196300,742,5.85,6.0,8.5,3,121800.0,-31.6,False
2020-03-01,Mikhaylovo-Yartsevskoye,TAO,75000,85100,312,-9.38,6.0,8.5,3,37967.0,-49.4,True
2020-03-01,Mitino,SZAO,219400,237400,914,6.11,6.0,8.5,5,172380.0,-21.4,False
2020-03-01,Molzhaninovsky,SAO,163000,178700,679,4.95,6.0,8.5,6,80617.0,-50.5,False
2020-03-01,Moskovsky,NAO,149300,155200,622,-0.43,6.0,8.5,6,74033.0,-50.4,True
2020-03-01,Moskvorechye-Saburovo,YuAO,185000,206400,771,-1.34,6.0,8.5,6,120700.0,-34.8,False
2020-03-01,Mosrentgen,NAO,146300,156600,610,-4.66,6.0,8.5,5,120220.0,-17.8,True
2020-03-01,Mozhaysky,ZAO,243800,270200,1016,3.56,6.0,8.5,5,153940.0,-36.9,False
2020-03-01,Nagatino-Sadovniki,YuAO,210700,231400,878,1.38,6.0,8.5,5,158940.0,-24.6,False
2020-03-01,Nagatinsky Zaton,YuAO,229100,250700,955,6.19,6.0,8.5,7,129400.0,-43.5,False
2020-03-01,Nagorny,YuAO,209400,221100,872,3.42,6.0,8.5,4,157900.0,-24.6,False
2020-03-01,Novo-Peredelkino,ZAO,210500,223700,877,2.73,6.0,8.5,4,104525.0,-50.3,False
2020-03-01,Novofyodorovskoye,TAO,75500,82400,315,1.05,6.0,8.5,7,38500.0,-49.0,True
2020-03-01,Novogireyevo,VAO,186600,202900,777,0.1,6.0,8.5,3,145967.0,-21.8,False
2020-03-01,Novokosino,VAO,174800,190400,728,-8.26,6.0,8.5,3,118333.0,-32.3,False
2020-03-01,Obruchevsky,YuZAO,273500,306800,1139,2.09,6.0,8.5,8,187550.0,-31.4,False
2020-03-01,Ochakovo-Matveyevskoye,ZAO,246200,272500,1026,1.42,6.0,8.5,5,143240.0,-41.8,False
2020-03-01,Orekhovo-Borisovo Severnoye,YuAO,171000,187600,713,-2.43,6.0,8.5,6,96083.0,-43.8,False
2020-03-01,Orekhovo-Borisovo Yuzhnoye,YuAO,163600,183600,682,2.8,6.0,8.5,8,102850.0,-37.1,False
2020-03-01,Ostankinsky,SVAO,237200,256800,988,0.74,6.0,8.5,5,159700.0,-32.7,False
2020-03-01,Otradnoye,SVAO,197300,211700,822,0.36,6.0,8.5,9,114356.0,-42.0,False
2020-03-01,Perovo,VAO,180600,205700,753,-7.3,6.0,8.5,4,168925.0,-6.5,False
2020-03-01,Pervomayskoye,TAO,81800,87300,341,1.06,6.0,8.5,8,41075.0,-49.8,True
2020-03-01,Pokrovskoye-Streshnevo,SZAO,235500,253200,981,0.9,6.0,8.5,5,155840.0,-33.8,False
2020-03-01,Preobrazhenskoye,VAO,210100,226400,875,2.11,6.0,8.5,6,158800.0,-24.4,False
2020-03-01,Presnensky,CAO,457800,497200,1908,-3.92,6.0,8.5,6,367783.0,-19.7,False
2020-03-01,Prospekt Vernadskogo,ZAO,338300,364800,1409,6.09,6.0,8.5,8,205113.0,-39.4,False
2020-03-01,Ramenki,ZAO,340400,373700,1418,6.4,6.0,8.5,6,234617.0,-31.1,False
2020-03-01,Rogovskoye,TAO,75800,83200,316,6.72,6.0,8.5,6,38650.0,-49.0,True
2020-03-01,Rostokino,SVAO,193200,209500,805,4.07,6.0,8.5,5,127380.0,-34.1,False
2020-03-01,Ryazanovskoye,NAO,121700,134600,507,5.63,6.0,8.5,6,60133.0,-50.6,True
2020-03-01,Savyolovsky,SAO,255200,292800,1063,-0.65,6.0,8.5,8,182888.0,-28.3,False
2020-03-01,Severnoye Butovo,YuZAO,215600,232400,898,3.09,6.0,8.5,6,126267.0,-41.4,False
2020-03-01,Severnoye Izmaylovo,VAO,197700,209100,824,7.12,6.0,8.5,3,164867.0,-16.6,False
2020-03-01,Severnoye Medvedkovo,SVAO,181200,202600,755,-3.45,6.0,8.5,2,109000.0,-39.8,False
2020-03-01,Severnoye Tushino,SZAO,223400,250300,931,4.68,6.0,8.5,7,123514.0,-44.7,False
2020-03-01,Severny,SVAO,171300,189600,714,3.93,6.0,8.5,7,83800.0,-51.1,False
2020-03-01,Shchapovskoye,TAO,74700,82000,311,-3.41,6.0,8.5,5,46700.0,-37.5,True
2020-03-01,Shcherbinka,NAO,138800,151300,578,0.12,6.0,8.5,2,73550.0,-47.0,True
2020-03-01,Shchukino,SZAO,265300,301600,1106,0.9,6.0,8.5,3,284533.0,7.2,False
2020-03-01,Sokol,SAO,261400,288800,1089,1.63,6.0,8.5,5,156900.0,-40.0,False
2020-03-01,Sokolinaya Gora,VAO,189200,209400,788,1.27,6.0,8.5,3,148267.0,-21.6,False
2020-03-01,Sokolniki,VAO,232100,252200,967,1.83,6.0,8.5,3,129000.0,-44.4,False
2020-03-01,Solntsevo,ZAO,217300,234600,905,5.81,6.0,8.5,8,130800.0,-39.8,False
2020-03-01,Sosenskoye,NAO,153900,170000,641,1.69,6.0,8.5,6,73717.0,-52.1,True
2020-03-01,Strogino,SZAO,286700,296100,1195,6.87,6.0,8.5,2,150350.0,-47.6,False
2020-03-01,Sviblovo,SVAO,190900,203900,795,1.97,6.0,8.5,5,159520.0,-16.4,False
2020-03-01,Tagansky,CAO,378400,418100,1577,7.54,6.0,8.5,9,230400.0,-39.1,False
2020-03-01,Timiryazevsky,SAO,242500,267900,1010,9.21,6.0,8.5,8,172838.0,-28.7,False
2020-03-01,Troitsk,TAO,104500,118000,435,0.34,6.0,8.5,3,56900.0,-45.6,True
2020-03-01,Troparyovo-Nikulino,ZAO,292000,316500,1217,0.98,6.0,8.5,5,206320.0,-29.3,False
2020-03-01,Tsaritsyno,YuAO,192900,209200,804,6.55,6.0,8.5,4,108075.0,-44.0,False
2020-03-01,Tverskoy,CAO,472800,510800,1970,-0.62,6.0,8.5,2,349400.0,-26.1,False
2020-03-01,Tyoply Stan,YuZAO,219800,242200,916,-0.93,6.0,8.5,7,147229.0,-33.0,False
2020-03-01,Veshnyaki,VAO,172400,186800,718,4.67,6.0,8.5,6,124967.0,-27.5,False
2020-03-01,Vnukovo,ZAO,190200,199300,792,-2.68,6.0,8.5,5,102820.0,-45.9,False
2020-03-01,Vnukovskoye,NAO,153400,165800,639,3.72,6.0,8.5,6,78700.0,-48.7,True
2020-03-01,Voronovskoye,TAO,77900,85600,324,4.44,6.0,8.5,6,39833.0,-48.9,True
2020-03-01,Voskresenskoye,NAO,143000,159400,596,2.8,6.0,8.5,6,64050.0,-55.2,True
2020-03-01,Vostochnoye Izmaylovo,VAO,192400,211300,802,-0.3,6.0,8.5,3,126833.0,-34.1,False
2020-03-01,Vostochny,VAO,160800,176200,670,4.87,6.0,8.5,5,97680.0,-39.3,False
2020-03-01,Voykovsky,SAO,223500,257800,931,7.39,6.0,8.5,3,166000.0,-25.7,False
2020-03-01,Yakimanka,CAO,468400,504100,1952,1.74,6.0,8.5,2,359800.0,-23.2,False
2020-03-01,Yaroslavsky,SVAO,185500,207700,773,3.73,6.0,8.5,4,98850.0,-46.7,False
2020-03-01,Yasenevo,YuZAO,249300,276400,1039,2.96,6.0,8.5,9,187644.0,-24.7,False
2020-03-01,Yuzhnoye Butovo,YuZAO,201500,225100,840,1.3,6.0,8.5,4,109175.0,-45.8,False
2020-03-01,Yuzhnoye Medvedkovo,SVAO,185900,208800,775,-4.31,6.0,8.5,6,109850.0,-40.9,False
2020-03-01,Yuzhnoye Tushino,SZAO,228200,254300,951,2.67,6.0,8.5,5,128780.0,-43.6,False
2020-03-01,Zamoskvorechye,CAO,411700,443600,1715,0.25,6.0,8.5,5,283300.0,-31.2,False
2020-03-01,Zapadnoye Degunino,SAO,181800,205600,758,0.65,6.0,8.5,5,105440.0,-42.0,False
2020-03-01,Zelenograd,ZelAO,124900,137300,520,-0.26,6.0,8.5,5,65260.0,-47.8,True
2020-03-01,Zyablikovo,YuAO,169600,183700,707,4.58,6.0,8.5,2,83150.0,-51.0,False
2020-03-01,Zyuzino,YuZAO,246200,263700,1026,-2.65,6.0,8.5,1,157700.0,-35.9,False
2020-04-01,Aeroport,SAO,243200,257000,1013,-1.97,4.25,6.75,6,153300.0,-37.0,False
2020-04-01,Akademichesky,YuZAO,286400,320600,1193,-0.57,4.25,6.75,4,214600.0,-25.1,False
2020-04-01,Alekseevsky,SVAO,244000,267400,1016,12.2,4.25,6.75,3,160533.0,-34.2,False
2020-04-01,Altufyevsky,SVAO,182000,203400,758,2.86,4.25,6.75,4,98975.0,-45.6,False
2020-04-01,Arbat,CAO,505100,541500,2104,0.56,4.25,6.75,7,392900.0,-22.2,False
2020-04-01,Babushkinsky,SVAO,215000,227000,896,8.8,4.25,6.75,3,116367.0,-45.9,False
2020-04-01,Basmanny,CAO,384700,419600,1603,4.31,4.25,6.75,6,278233.0,-27.7,False
2020-04-01,Begovoy,SAO,267300,283800,1114,5.8,4.25,6.75,1,150500.0,-43.7,False
2020-04-01,Beskudnikovsky,SAO,187200,199300,780,2.87,4.25,6.75,6,100850.0,-46.1,False
2020-04-01,Bibirevo,SVAO,189100,207800,788,5.09,4.25,6.75,4,108650.0,-42.5,False
2020-04-01,Biryulyovo Vostochnoye,YuAO,162000,182200,675,-2.69,4.25,6.75,2,105550.0,-34.8,False
2020-04-01,Biryulyovo Zapadnoye,YuAO,163400,175500,681,-5.3,4.25,6.75,4,78600.0,-51.9,False
2020-04-01,Bogorodskoye,VAO,198700,219600,828,3.1,4.25,6.75,6,129533.0,-34.8,False
2020-04-01,Brateyevo,YuAO,167400,192700,698,-0.17,4.25,6.75,5,105980.0,-36.7,False
2020-04-01,Butyrsky,SVAO,229700,251700,957,5.49,4.25,6.75,7,172229.0,-25.0,False
2020-04-01,Chertanovo Severnoye,YuAO,183500,201300,765,-7.39,4.25,6.75,7,149171.0,-18.7,False
2020-04-01,Chertanovo Tsentralnoye,YuAO,179400,200400,748,-3.95,4.25,6.75,4,101250.0,-43.6,False
2020-04-01,Chertanovo Yuzhnoye,YuAO,177500,197200,740,5.27,4.25,6.75,6,138267.0,-22.1,False
2020-04-01,Cheryomushki,YuZAO,272900,296000,1137,5.45,4.25,6.75,5,241440.0,-11.5,False
2020-04-01,Danilovsky,YuAO,252000,277500,1050,10.39,4.25,6.75,1,179200.0,-28.9,False
2020-04-01,Desyonovskoye,NAO,138100,147200,575,0.7,4.25,6.75,6,77533.0,-43.9,True
2020-04-01,Dmitrovsky,SAO,182800,198400,762,-0.95,4.25,6.75,3,95100.0,-48.0,False
2020-04-01,Donskoy,YuAO,262800,292200,1095,6.0,4.25,6.75,6,178033.0,-32.3,False
2020-04-01,Dorogomilovo,ZAO,382000,428300,1592,-2.71,4.25,6.75,6,245250.0,-35.8,False
2020-04-01,Fili-Davydkovo,ZAO,274200,303200,1143,-5.26,4.25,6.75,6,191233.0,-30.3,False
2020-04-01,Filimonkovskoye,NAO,121400,137200,506,0.22,4.25,6.75,6,63667.0,-47.6,True
2020-04-01,Filyovsky Park,ZAO,308300,334800,1285,1.66,4.25,6.75,7,212457.0,-31.1,False
2020-04-01,Gagarinsky,YuZAO,333000,364300,1388,-2.04,4.25,6.75,8,204613.0,-38.6,False
2020-04-01,Golovinsky,SAO,200400,225300,835,3.69,4.25,6.75,3,124633.0,-37.8,False
2020-04-01,Golyanovo,VAO,179900,199900,750,8.02,4.25,6.75,2,114100.0,-36.6,False
2020-04-01,Ivanovskoye,VAO,183300,191600,764,-1.21,4.25,6.75,12,113108.0,-38.3,False
2020-04-01,Izmaylovo,VAO,209100,231900,871,0.51,4.25,6.75,9,140400.0,-32.9,False
2020-04-01,Khamovniki,CAO,546900,585200,2279,3.38,4.25,6.75,5,361760.0,-33.9,False
2020-04-01,Khoroshyovo-Mnyovniki,SZAO,269700,302100,1124,-0.95,4.25,6.75,3,172533.0,-36.0,False
2020-04-01,Khoroshyovsky,SAO,283100,304000,1180,4.86,4.25,6.75,4,236650.0,-16.4,False
2020-04-01,Khovrino,SAO,196400,206700,818,2.88,4.25,6.75,6,113100.0,-42.4,False
2020-04-01,Kievsky,TAO,74000,82000,308,1.82,4.25,6.75,5,42560.0,-42.5,True
2020-04-01,Klyonovskoye,TAO,76600,86400,319,3.28,4.25,6.75,4,36725.0,-52.1,True
2020-04-01,Kokoshkino,NAO,120400,128200,502,2.04,4.25,6.75,7,63143.0,-47.6,True
2020-04-01,Konkovo,YuZAO,255400,277600,1064,3.4,4.25,6.75,12,165458.0,-35.2,False
2020-04-01,Koptevo,SAO,210600,226900,877,2.52,4.25,6.75,3,136700.0,-35.1,False
2020-04-01,Kosino-Ukhtomsky,VAO,158900,184200,662,-3.34,4.25,6.75,6,110700.0,-30.3,False
2020-04-01,Kotlovka,YuZAO,270200,295700,1126,8.04,4.25,6.75,7,170243.0,-37.0,False
2020-04-01,Krasnopakhorskoye,TAO,86300,95700,360,-2.21,4.25,6.75,8,45663.0,-47.1,True
2020-04-01,Krasnoselsky,CAO,357700,389700,1491,-2.52,4.25,6.75,4,268350.0,-25.0,False
2020-04-01,Krylatskoye,SZAO,300700,318500,1253,1.24,4.25,6.75,6,229550.0,-23.7,False
2020-04-01,Kuntsevo,ZAO,268500,279200,1119,-2.29,4.25,6.75,4,168475.0,-37.3,False
2020-04-01,Kurkino,SZAO,248600,277500,1036,-3.84,4.25,6.75,8,140338.0,-43.5,False
2020-04-01,Levoberezhny,SAO,196900,211200,820,-4.64,4.25,6.75,5,113160.0,-42.5,False
2020-04-01,Lianozovo,SVAO,174600,195700,727,-1.66,4.25,6.75,2,106250.0,-39.1,False
2020-04-01,Lomonosovsky,YuZAO,342900,385200,1429,5.15,4.25,6.75,6,195717.0,-42.9,False
2020-04-01,Losinoostrovsky,SVAO,184900,197900,770,-2.22,4.25,6.75,3,100567.0,-45.6,False
2020-04-01,Marfino,SVAO,193500,219900,806,1.08,4.25,6.75,4,107125.0,-44.6,False
2020-04-01,Marushkinskoye,NAO,113600,126100,473,0.52,4.25,6.75,3,78667.0,-30.8,True
2020-04-01,Maryina Roshcha,SVAO,237900,270100,991,-2.01,4.25,6.75,6,146417.0,-38.5,False
2020-04-01,Meshchansky,CAO,383200,427000,1597,9.27,4.25,6.75,4,305225.0,-20.3,False
2020-04-01,Metrogorodok,VAO,175800,190600,732,-1.23,4.25,6.75,5,103560.0,-41.1,False
2020-04-01,Mikhaylovo-Yartsevskoye,TAO,76500,85500,319,1.98,4.25,6.75,5,40760.0,-46.7,True
2020-04-01,Mitino,SZAO,215000,240700,896,-1.99,4.25,6.75,5,153220.0,-28.7,False
2020-04-01,Molzhaninovsky,SAO,159200,182500,663,-2.35,4.25,6.75,5,87780.0,-44.9,False
2020-04-01,Moskovsky,NAO,157300,171700,656,5.41,4.25,6.75,8,74863.0,-52.4,True
2020-04-01,Moskvorechye-Saburovo,YuAO,189700,209500,790,2.54,4.25,6.75,3,127200.0,-32.9,False
2020-04-01,Mosrentgen,NAO,154200,172300,642,5.35,4.25,6.75,3,94367.0,-38.8,True
2020-04-01,Mozhaysky,ZAO,250700,287600,1044,2.83,4.25,6.75,4,149225.0,-40.5,False
2020-04-01,Nagatino-Sadovniki,YuAO,217600,238900,907,3.26,4.25,6.75,5,139360.0,-36.0,False
2020-04-01,Nagatinsky Zaton,YuAO,225400,242200,939,-1.6,4.25,6.75,2,146900.0,-34.8,False
2020-04-01,Nagorny,YuAO,218300,241100,910,4.28,4.25,6.75,4,159850.0,-26.8,False
2020-04-01,Novo-Peredelkino,ZAO,210400,237700,877,-0.05,4.25,6.75,5,118760.0,-43.6,False
2020-04-01,Novofyodorovskoye,TAO,72800,78500,303,-3.65,4.25,6.75,1,39300.0,-46.0,True
2020-04-01,Novogireyevo,VAO,191200,205300,797,2.47,4.25,6.75,3,119333.0,-37.6,False
2020-04-01,Novokosino,VAO,184600,199900,769,5.63,4.25,6.75,2,119550.0,-35.2,False
2020-04-01,Obruchevsky,YuZAO,262300,273300,1093,-4.1,4.25,6.75,4,143725.0,-45.2,False
2020-04-01,Ochakovo-Matveyevskoye,ZAO,260800,273400,1087,5.95,4.25,6.75,3,132033.0,-49.4,False
2020-04-01,Orekhovo-Borisovo Severnoye,YuAO,172400,199100,718,0.79,4.25,6.75,5,110480.0,-35.9,False
2020-04-01,Orekhovo-Borisovo Yuzhnoye,YuAO,172400,183300,718,5.4,4.25,6.75,7,92229.0,-46.5,False
2020-04-01,Ostankinsky,SVAO,229400,246800,956,-3.26,4.25,6.75,3,147233.0,-35.8,False
2020-04-01,Otradnoye,SVAO,201700,220100,840,2.21,4.25,6.75,1,112100.0,-44.4,False
2020-04-01,Perovo,VAO,192300,212500,801,6.44,4.25,6.75,9,166189.0,-13.6,False
2020-04-01,Pervomayskoye,TAO,81200,88900,338,-0.7,4.25,6.75,2,37050.0,-54.4,True
2020-04-01,Pokrovskoye-Streshnevo,SZAO,244100,268700,1017,3.63,4.25,6.75,7,162000.0,-33.6,False
2020-04-01,Preobrazhenskoye,VAO,207700,226800,865,-1.12,4.25,6.75,2,162950.0,-21.5,False
2020-04-01,Presnensky,CAO,460100,484700,1917,0.5,4.25,6.75,4,393350.0,-14.5,False
2020-04-01,Prospekt Vernadskogo,ZAO,316300,352300,1318,-6.48,4.25,6.75,7,184114.0,-41.8,False
2020-04-01,Ramenki,ZAO,344700,371000,1436,1.25,4.25,6.75,6,219617.0,-36.3,False
2020-04-01,Rogovskoye,TAO,72400,78300,302,-4.46,4.25,6.75,1,31000.0,-57.2,True
2020-04-01,Rostokino,SVAO,199100,226600,830,3.07,4.25,6.75,7,141971.0,-28.7,False
2020-04-01,Ryazanovskoye,NAO,122300,138700,509,0.45,4.25,6.75,7,68257.0,-44.2,True
2020-04-01,Savyolovsky,SAO,258600,289600,1078,1.33,4.25,6.75,4,185000.0,-28.5,False
2020-04-01,Severnoye Butovo,YuZAO,223500,256400,931,3.68,4.25,6.75,9,127756.0,-42.8,False
2020-04-01,Severnoye Izmaylovo,VAO,193500,213300,806,-2.12,4.25,6.75,6,123100.0,-36.4,False
2020-04-01,Severnoye Medvedkovo,SVAO,189400,213000,789,4.52,4.25,6.75,6,129567.0,-31.6,False
2020-04-01,Severnoye Tushino,SZAO,219600,231000,915,-1.68,4.25,6.75,1,129500.0,-41.0,False
2020-04-01,Severny,SVAO,160700,172200,669,-6.2,4.25,6.75,3,95633.0,-40.5,False
2020-04-01,Shchapovskoye,TAO,82000,89900,342,9.76,4.25,6.75,8,43550.0,-46.9,True
2020-04-01,Shcherbinka,NAO,142400,159400,593,2.59,4.25,6.75,4,76475.0,-46.3,True
2020-04-01,Shchukino,SZAO,277400,303600,1156,4.53,4.25,6.75,5,204960.0,-26.1,False
2020-04-01,Sokol,SAO,251500,278900,1048,-3.78,4.25,6.75,0,,,False
2020-04-01,Sokolinaya Gora,VAO,192500,210400,802,1.78,4.25,6.75,5,115960.0,-39.8,False
2020-04-01,Sokolniki,VAO,224800,249700,937,-3.14,4.25,6.75,6,178333.0,-20.7,False
2020-04-01,Solntsevo,ZAO,212200,224900,884,-2.33,4.25,6.75,7,128414.0,-39.5,False
2020-04-01,Sosenskoye,NAO,155100,176700,646,0.73,4.25,6.75,6,69233.0,-55.4,True
2020-04-01,Strogino,SZAO,283900,314900,1183,-0.97,4.25,6.75,8,245688.0,-13.5,False
2020-04-01,Sviblovo,SVAO,198300,218800,826,3.89,4.25,6.75,4,133425.0,-32.7,False
2020-04-01,Tagansky,CAO,382200,422800,1593,1.0,4.25,6.75,6,257050.0,-32.7,False
2020-04-01,Timiryazevsky,SAO,223400,251500,931,-7.89,4.25,6.75,5,159380.0,-28.7,False
2020-04-01,Troitsk,TAO,104500,114700,435,-0.03,4.25,6.75,3,52400.0,-49.9,True
2020-04-01,Troparyovo-Nikulino,ZAO,313400,338300,1306,7.34,4.25,6.75,12,226233.0,-27.8,False
2020-04-01,Tsaritsyno,YuAO,184400,205900,769,-4.41,4.25,6.75,4,118575.0,-35.7,False
2020-04-01,Tverskoy,CAO,491200,550200,2047,3.9,4.25,6.75,4,396675.0,-19.2,False
2020-04-01,Tyoply Stan,YuZAO,225000,254400,938,2.38,4.25,6.75,4,192050.0,-14.6,False
2020-04-01,Veshnyaki,VAO,169700,182000,707,-1.54,4.25,6.75,7,118129.0,-30.4,False
2020-04-01,Vnukovo,ZAO,197600,221400,823,3.89,4.25,6.75,4,88400.0,-55.3,False
2020-04-01,Vnukovskoye,NAO,151500,166600,631,-1.27,4.25,6.75,4,69300.0,-54.3,True
2020-04-01,Voronovskoye,TAO,79900,88300,333,2.63,4.25,6.75,4,49175.0,-38.5,True
2020-04-01,Voskresenskoye,NAO,143300,158300,597,0.22,4.25,6.75,5,74260.0,-48.2,True
2020-04-01,Vostochnoye Izmaylovo,VAO,200600,219600,836,4.24,4.25,6.75,2,139500.0,-30.5,False
2020-04-01,Vostochny,VAO,162700,174600,678,1.16,4.25,6.75,6,101883.0,-37.4,False
2020-04-01,Voykovsky,SAO,216400,238700,902,-3.17,4.25,6.75,8,155275.0,-28.2,False
2020-04-01,Yakimanka,CAO,483400,537800,2014,3.2,4.25,6.75,5,353480.0,-26.9,False
2020-04-01,Yaroslavsky,SVAO,183800,200800,766,-0.94,4.25,6.75,4,97700.0,-46.8,False
2020-04-01,Yasenevo,YuZAO,252800,274900,1053,1.41,4.25,6.75,7,194557.0,-23.0,False
2020-04-01,Yuzhnoye Butovo,YuZAO,210300,231600,876,4.39,4.25,6.75,6,112583.0,-46.5,False
2020-04-01,Yuzhnoye Medvedkovo,SVAO,197100,212300,821,6.06,4.25,6.75,5,134560.0,-31.7,False
2020-04-01,Yuzhnoye Tushino,SZAO,216900,235900,904,-4.97,4.25,6.75,11,140127.0,-35.4,False
2020-04-01,Zamoskvorechye,CAO,402200,449000,1676,-2.29,4.25,6.75,3,312700.0,-22.3,False
2020-04-01,Zapadnoye Degunino,SAO,182400,199200,760,0.33,4.25,6.75,4,116250.0,-36.3,False
2020-04-01,Zelenograd,ZelAO,123100,138000,513,-1.45,4.25,6.75,4,56700.0,-53.9,True
2020-04-01,Zyablikovo,YuAO,175600,190300,732,3.53,4.25,6.75,2,84550.0,-51.9,False
2020-04-01,Zyuzino,YuZAO,264500,296000,1102,7.43,4.25,6.75,4,159475.0,-39.7,False
2020-05-01,Aeroport,SAO,243100,265900,1013,-0.03,4.25,6.75,8,162550.0,-33.1,False
2020-05-01,Akademichesky,YuZAO,298500,333700,1244,4.24,4.25,6.75,5,217480.0,-27.1,False
2020-05-01,Alekseevsky,SVAO,244300,269100,1018,0.13,4.25,6.75,4,160075.0,-34.5,False
2020-05-01,Altufyevsky,SVAO,184500,201100,769,1.41,4.25,6.75,6,99017.0,-46.3,False
2020-05-01,Arbat,CAO,523500,594800,2181,3.65,4.25,6.75,4,383900.0,-26.7,False
2020-05-01,Babushkinsky,SVAO,195000,216000,812,-9.3,4.25,6.75,7,133614.0,-31.5,False
2020-05-01,Basmanny,CAO,398100,460800,1659,3.48,4.25,6.75,3,265033.0,-33.4,False
2020-05-01,Begovoy,SAO,271700,295400,1132,1.63,4.25,6.75,4,261500.0,-3.8,False
2020-05-01,Beskudnikovsky,SAO,184900,191900,770,-1.25,4.25,6.75,7,117000.0,-36.7,False
2020-05-01,Bibirevo,SVAO,187000,205000,779,-1.14,4.25,6.75,3,150667.0,-19.4,False
2020-05-01,Biryulyovo Vostochnoye,YuAO,172500,189300,719,6.44,4.25,6.75,3,94800.0,-45.0,False
2020-05-01,Biryulyovo Zapadnoye,YuAO,169000,183300,704,3.44,4.25,6.75,3,106233.0,-37.1,False
2020-05-01,Bogorodskoye,VAO,201700,223200,840,1.5,4.25,6.75,5,143420.0,-28.9,False
2020-05-01,Brateyevo,YuAO,173400,187900,722,3.55,4.25,6.75,6,108967.0,-37.2,False
2020-05-01,Butyrsky,SVAO,228600,261100,952,-0.5,4.25,6.75,5,131500.0,-42.5,False
2020-05-01,Chertanovo Severnoye,YuAO,192800,214300,803,5.02,4.25,6.75,4,132350.0,-31.4,False
2020-05-01,Chertanovo Tsentralnoye,YuAO,182300,204100,760,1.6,4.25,6.75,10,123630.0,-32.2,False
2020-05-01,Chertanovo Yuzhnoye,YuAO,179100,198900,746,0.88,4.25,6.75,5,130500.0,-27.1,False
2020-05-01,Cheryomushki,YuZAO,273400,299100,1139,0.19,4.25,6.75,0,,,False
2020-05-01,Danilovsky,YuAO,251300,283700,1047,-0.26,4.25,6.75,4,156625.0,-37.7,False
2020-05-01,Desyonovskoye,NAO,147200,165900,614,6.66,4.25,6.75,4,88375.0,-40.0,True
2020-05-01,Dmitrovsky,SAO,176000,199600,733,-3.73,4.25,6.75,5,119220.0,-32.3,False
2020-05-01,Donskoy,YuAO,257200,278100,1072,-2.12,4.25,6.75,4,189600.0,-26.3,False
2020-05-01,Dorogomilovo,ZAO,398600,459800,1661,4.34,4.25,6.75,9,278478.0,-30.1,False
2020-05-01,Fili-Davydkovo,ZAO,295500,327900,1231,7.76,4.25,6.75,5,202860.0,-31.4,False
2020-05-01,Filimonkovskoye,NAO,127700,143200,532,5.19,4.25,6.75,1,73800.0,-42.2,True
2020-05-01,Filyovsky Park,ZAO,310500,343100,1294,0.71,4.25,6.75,5,184520.0,-40.6,False
2020-05-01,Gagarinsky,YuZAO,332500,365200,1385,-0.17,4.25,6.75,6,236267.0,-28.9,False
2020-05-01,Golovinsky,SAO,201500,229900,840,0.52,4.25,6.75,5,122400.0,-39.3,False
2020-05-01,Golyanovo,VAO,175900,189900,733,-2.26,4.25,6.75,5,107940.0,-38.6,False
2020-05-01,Ivanovskoye,VAO,182400,194000,760,-0.48,4.25,6.75,1,109500.0,-40.0,False
2020-05-01,Izmaylovo,VAO,208200,235400,868,-0.41,4.25,6.75,8,153775.0,-26.1,False
2020-05-01,Khamovniki,CAO,517600,548200,2157,-5.36,4.25,6.75,4,406775.0,-21.4,False
2020-05-01,Khoroshyovo-Mnyovniki,SZAO,272400,305900,1135,1.02,4.25,6.75,4,183800.0,-32.5,False
2020-05-01,Khoroshyovsky,SAO,264400,293900,1102,-6.6,4.25,6.75,4,248550.0,-6.0,False
2020-05-01,Khovrino,SAO,185400,199800,773,-5.58,4.25,6.75,4,105275.0,-43.2,False
2020-05-01,Kievsky,TAO,74100,82700,309,0.19,4.25,6.75,7,41500.0,-44.0,True
2020-05-01,Klyonovskoye,TAO,73900,80400,308,-3.53,4.25,6.75,5,43480.0,-41.2,True
2020-05-01,Kokoshkino,NAO,124600,136800,519,3.52,4.25,6.75,7,65943.0,-47.1,True
2020-05-01,Konkovo,YuZAO,258800,274700,1078,1.31,4.25,6.75,1,124900.0,-51.7,False
2020-05-01,Koptevo,SAO,209900,231700,874,-0.32,4.25,6.75,3,140833.0,-32.9,False
2020-05-01,Kosino-Ukhtomsky,VAO,179100,197300,746,12.67,4.25,6.75,7,95271.0,-46.8,False
2020-05-01,Kotlovka,YuZAO,257100,276500,1071,-4.86,4.25,6.75,6,218583.0,-15.0,False
2020-05-01,Krasnopakhorskoye,TAO,86700,93400,361,0.44,4.25,6.75,5,39980.0,-53.9,True
2020-05-01,Krasnoselsky,CAO,390900,429700,1629,9.27,4.25,6.75,4,268500.0,-31.3,False
2020-05-01,Krylatskoye,SZAO,310300,353100,1293,3.2,4.25,6.75,5,198840.0,-35.9,False
2020-05-01,Kuntsevo,ZAO,274300,292300,1143,2.14,4.25,6.75,5,184820.0,-32.6,False
2020-05-01,Kurkino,SZAO,262500,286100,1094,5.6,4.25,6.75,1,159000.0,-39.4,False
2020-05-01,Levoberezhny,SAO,200800,219300,837,1.98,4.25,6.75,3,131467.0,-34.5,False
2020-05-01,Lianozovo,SVAO,171100,190600,713,-2.0,4.25,6.75,4,112975.0,-34.0,False
2020-05-01,Lomonosovsky,YuZAO,330700,376500,1378,-3.56,4.25,6.75,4,268850.0,-18.7,False
2020-05-01,Losinoostrovsky,SVAO,192600,208400,803,4.17,4.25,6.75,5,96680.0,-49.8,False
2020-05-01,Marfino,SVAO,199000,214500,829,2.82,4.25,6.75,4,115225.0,-42.1,False
2020-05-01,Marushkinskoye,NAO,123700,136300,516,8.91,4.25,6.75,2,60700.0,-50.9,True
2020-05-01,Maryina Roshcha,SVAO,240900,260800,1004,1.25,4.25,6.75,0,,,False
2020-05-01,Meshchansky,CAO,389800,459500,1624,1.73,4.25,6.75,6,326067.0,-16.4,False
2020-05-01,Metrogorodok,VAO,179100,194900,746,1.86,4.25,6.75,4,115200.0,-35.7,False
2020-05-01,Mikhaylovo-Yartsevskoye,TAO,79000,83500,329,3.32,4.25,6.75,7,38914.0,-50.7,True
2020-05-01,Mitino,SZAO,227600,242400,949,5.88,4.25,6.75,3,139700.0,-38.6,False
2020-05-01,Molzhaninovsky,SAO,161600,177200,673,1.51,4.25,6.75,4,89000.0,-44.9,False
2020-05-01,Moskovsky,NAO,150900,171200,629,-4.1,4.25,6.75,5,85360.0,-43.4,True
2020-05-01,Moskvorechye-Saburovo,YuAO,186200,209800,776,-1.85,4.25,6.75,1,120000.0,-35.6,False
2020-05-01,Mosrentgen,NAO,155000,172700,646,0.52,4.25,6.75,5,108080.0,-30.3,True
2020-05-01,Mozhaysky,ZAO,262800,272200,1095,4.86,4.25,6.75,10,147900.0,-43.7,False
2020-05-01,Nagatino-Sadovniki,YuAO,220000,251400,917,1.12,4.25,6.75,3,127067.0,-42.2,False
2020-05-01,Nagatinsky Zaton,YuAO,233500,255600,973,3.58,4.25,6.75,5,147680.0,-36.8,False
2020-05-01,Nagorny,YuAO,217900,233400,908,-0.2,4.25,6.75,5,171100.0,-21.5,False
2020-05-01,Novo-Peredelkino,ZAO,197800,215500,824,-5.98,4.25,6.75,4,120425.0,-39.1,False
2020-05-01,Novofyodorovskoye,TAO,79000,83400,329,8.57,4.25,6.75,6,36600.0,-53.7,True
2020-05-01,Novogireyevo,VAO,190800,206400,795,-0.19,4.25,6.75,6,115950.0,-39.2,False
2020-05-01,Novokosino,VAO,184700,200700,769,0.03,4.25,6.75,5,107100.0,-42.0,False
2020-05-01,Obruchevsky,YuZAO,274600,291800,1144,4.7,4.25,6.75,7,156086.0,-43.2,False
2020-05-01,Ochakovo-Matveyevskoye,ZAO,238600,258900,994,-8.53,4.25,6.75,9,145244.0,-39.1,False
2020-05-01,Orekhovo-Borisovo Severnoye,YuAO,179400,201800,747,4.04,4.25,6.75,6,93217.0,-48.0,False
2020-05-01,Orekhovo-Borisovo Yuzhnoye,YuAO,172700,188500,720,0.16,4.25,6.75,4,96975.0,-43.8,False
2020-05-01,Ostankinsky,SVAO,237300,256900,989,3.43,4.25,6.75,1,178000.0,-25.0,False
2020-05-01,Otradnoye,SVAO,201800,223500,841,0.08,4.25,6.75,6,135400.0,-32.9,False
2020-05-01,Perovo,VAO,191200,206400,797,-0.55,4.25,6.75,8,171688.0,-10.2,False
2020-05-01,Pervomayskoye,TAO,88300,94800,368,8.81,4.25,6.75,5,39840.0,-54.9,True
2020-05-01,Pokrovskoye-Streshnevo,SZAO,243000,265500,1013,-0.43,4.25,6.75,8,139075.0,-42.8,False
2020-05-01,Preobrazhenskoye,VAO,211300,229900,880,1.73,4.25,6.75,7,141429.0,-33.1,False
2020-05-01,Presnensky,CAO,489200,516600,2038,6.31,4.25,6.75,4,477075.0,-2.5,False
2020-05-01,Prospekt Vernadskogo,ZAO,323100,350500,1346,2.15,4.25,6.75,7,255529.0,-20.9,False
2020-05-01,Ramenki,ZAO,334500,377800,1394,-2.94,4.25,6.75,6,232750.0,-30.4,False
2020-05-01,Rogovskoye,TAO,73400,77200,306,1.37,4.25,6.75,5,36500.0,-50.3,True
2020-05-01,Rostokino,SVAO,199800,230600,832,0.3,4.25,6.75,4,117450.0,-41.2,False
2020-05-01,Ryazanovskoye,NAO,125100,130400,521,2.33,4.25,6.75,8,59950.0,-52.1,True
2020-05-01,Savyolovsky,SAO,258000,289600,1075,-0.24,4.25,6.75,3,169967.0,-34.1,False
2020-05-01,Severnoye Butovo,YuZAO,229200,252500,955,2.55,4.25,6.75,4,125275.0,-45.3,False
2020-05-01,Severnoye Izmaylovo,VAO,196500,221000,819,1.54,4.25,6.75,4,142375.0,-27.5,False
2020-05-01,Severnoye Medvedkovo,SVAO,194000,211800,808,2.45,4.25,6.75,6,113400.0,-41.5,False
2020-05-01,Severnoye Tushino,SZAO,227800,251700,949,3.72,4.25,6.75,3,105567.0,-53.7,False
2020-05-01,Severny,SVAO,173600,194200,723,8.08,4.25,6.75,5,97180.0,-44.0,False
2020-05-01,Shchapovskoye,TAO,77800,85000,324,-5.08,4.25,6.75,6,47600.0,-38.8,True
2020-05-01,Shcherbinka,NAO,141800,156800,591,-0.46,4.25,6.75,4,92350.0,-34.9,True
2020-05-01,Shchukino,SZAO,275600,301800,1148,-0.65,4.25,6.75,9,245233.0,-11.0,False
2020-05-01,Sokol,SAO,276800,308400,1153,10.07,4.25,6.75,7,194657.0,-29.7,False
2020-05-01,Sokolinaya Gora,VAO,202200,225200,843,5.04,4.25,6.75,5,136120.0,-32.7,False
2020-05-01,Sokolniki,VAO,241100,283400,1004,7.23,4.25,6.75,7,175586.0,-27.2,False
2020-05-01,Solntsevo,ZAO,216600,241100,902,2.08,4.25,6.75,3,103300.0,-52.3,False
2020-05-01,Sosenskoye,NAO,156600,174900,652,0.97,4.25,6.75,6,81117.0,-48.2,True
2020-05-01,Strogino,SZAO,278800,310500,1162,-1.81,4.25,6.75,4,259900.0,-6.8,False
2020-05-01,Sviblovo,SVAO,194800,211400,812,-1.78,4.25,6.75,3,129633.0,-33.5,False
2020-05-01,Tagansky,CAO,371800,423300,1549,-2.72,4.25,6.75,4,286850.0,-22.8,False
2020-05-01,Timiryazevsky,SAO,228700,239900,953,2.4,4.25,6.75,5,158900.0,-30.5,False
2020-05-01,Troitsk,TAO,100300,107100,418,-3.97,4.25,6.75,6,50150.0,-50.0,True
2020-05-01,Troparyovo-Nikulino,ZAO,291900,305400,1216,-6.86,4.25,6.75,6,214000.0,-26.7,False
2020-05-01,Tsaritsyno,YuAO,187900,206300,783,1.85,4.25,6.75,5,115160.0,-38.7,False
2020-05-01,Tverskoy,CAO,475000,524900,1979,-3.31,4.25,6.75,4,385000.0,-18.9,False
2020-05-01,Tyoply Stan,YuZAO,240300,266000,1001,6.8,4.25,6.75,6,134917.0,-43.9,False
2020-05-01,Veshnyaki,VAO,177100,194800,738,4.37,4.25,6.75,7,100729.0,-43.1,False
2020-05-01,Vnukovo,ZAO,203400,229700,847,2.95,4.25,6.75,8,106413.0,-47.7,False
2020-05-01,Vnukovskoye,NAO,153600,174800,640,1.38,4.25,6.75,4,89075.0,-42.0,True
2020-05-01,Voronovskoye,TAO,84400,92400,352,5.55,4.25,6.75,6,41650.0,-50.7,True
2020-05-01,Voskresenskoye,NAO,148400,161800,618,3.57,4.25,6.75,8,74763.0,-49.6,True
2020-05-01,Vostochnoye Izmaylovo,VAO,194600,202900,811,-2.99,4.25,6.75,8,137525.0,-29.3,False
2020-05-01,Vostochny,VAO,170300,181500,710,4.7,4.25,6.75,3,76067.0,-55.3,False
2020-05-01,Voykovsky,SAO,226100,258900,942,4.48,4.25,6.75,2,172650.0,-23.6,False
2020-05-01,Yakimanka,CAO,501700,545600,2091,3.79,4.25,6.75,4,374300.0,-25.4,False
2020-05-01,Yaroslavsky,SVAO,188800,210600,787,2.74,4.25,6.75,5,119620.0,-36.6,False
2020-05-01,Yasenevo,YuZAO,248500,279100,1036,-1.69,4.25,6.75,4,195800.0,-21.2,False
2020-05-01,Yuzhnoye Butovo,YuZAO,214300,232100,893,1.86,4.25,6.75,4,107900.0,-49.7,False
2020-05-01,Yuzhnoye Medvedkovo,SVAO,196400,220900,818,-0.39,4.25,6.75,4,94350.0,-52.0,False
2020-05-01,Yuzhnoye Tushino,SZAO,230000,260700,958,6.07,4.25,6.75,2,129000.0,-43.9,False
2020-05-01,Zamoskvorechye,CAO,418100,451200,1742,3.93,4.25,6.75,10,334640.0,-20.0,False
2020-05-01,Zapadnoye Degunino,SAO,184700,209600,770,1.23,4.25,6.75,4,114650.0,-37.9,False
2020-05-01,Zelenograd,ZelAO,120900,134600,504,-1.73,4.25,6.75,3,63633.0,-47.4,True
2020-05-01,Zyablikovo,YuAO,170800,188400,712,-2.72,4.25,6.75,6,95100.0,-44.3,False
2020-05-01,Zyuzino,YuZAO,264200,293000,1101,-0.09,4.25,6.75,8,154588.0,-41.5,False
2020-06-01,Aeroport,SAO,255700,282400,1065,5.16,4.25,6.75,5,166360.0,-34.9,False
2020-06-01,Akademichesky,YuZAO,307400,335400,1281,2.99,4.25,6.75,5,214600.0,-30.2,False
2020-06-01,Alekseevsky,SVAO,256000,276800,1066,4.78,4.25,6.75,4,156125.0,-39.0,False
2020-06-01,Altufyevsky,SVAO,183900,206000,766,-0.37,4.25,6.75,1,131200.0,-28.7,False
2020-06-01,Arbat,CAO,515700,563900,2149,-1.49,4.25,6.75,5,443020.0,-14.1,False
2020-06-01,Babushkinsky,SVAO,196400,213000,818,0.73,4.25,6.75,5,121920.0,-37.9,False
2020-06-01,Basmanny,CAO,401800,453200,1674,0.92,4.25,6.75,12,320008.0,-20.4,False
2020-06-01,Begovoy,SAO,268700,290000,1119,-1.1,4.25,6.75,7,232314.0,-13.5,False
2020-06-01,Beskudnikovsky,SAO,198700,211600,828,7.49,4.25,6.75,5,102300.0,-48.5,False
2020-06-01,Bibirevo,SVAO,190800,214200,795,2.09,4.25,6.75,11,106000.0,-44.4,False
2020-06-01,Biryulyovo Vostochnoye,YuAO,178400,202600,743,3.45,4.25,6.75,8,98188.0,-45.0,False
2020-06-01,Biryulyovo Zapadnoye,YuAO,174700,196900,728,3.37,4.25,6.75,5,110660.0,-36.7,False
2020-06-01,Bogorodskoye,VAO,197800,218700,824,-1.96,4.25,6.75,6,120283.0,-39.2,False
2020-06-01,Brateyevo,YuAO,165900,179400,691,-4.29,4.25,6.75,4,92625.0,-44.2,False
2020-06-01,Butyrsky,SVAO,232000,267600,966,1.49,4.25,6.75,7,162529.0,-29.9,False
2020-06-01,Chertanovo Severnoye,YuAO,197500,219600,823,2.46,4.25,6.75,5,148000.0,-25.1,False
2020-06-01,Chertanovo Tsentralnoye,YuAO,198100,223700,826,8.69,4.25,6.75,5,107820.0,-45.6,False
2020-06-01,Chertanovo Yuzhnoye,YuAO,177800,194000,741,-0.73,4.25,6.75,2,195150.0,9.8,False
2020-06-01,Cheryomushki,YuZAO,287300,325000,1197,5.08,4.25,6.75,2,197100.0,-31.4,False
2020-06-01,Danilovsky,YuAO,239600,265600,998,-4.65,4.25,6.75,3,185933.0,-22.4,False
2020-06-01,Desyonovskoye,NAO,154900,179000,645,5.17,4.25,6.75,3,71000.0,-54.2,True
2020-06-01,Dmitrovsky,SAO,192500,213300,802,9.35,4.25,6.75,6,111100.0,-42.3,False
2020-06-01,Donskoy,YuAO,265100,286900,1105,3.06,4.25,6.75,5,207120.0,-21.9,False
2020-06-01,Dorogomilovo,ZAO,387100,427000,1613,-2.89,4.25,6.75,4,266900.0,-31.1,False
2020-06-01,Fili-Davydkovo,ZAO,294000,321700,1225,-0.49,4.25,6.75,3,189333.0,-35.6,False
2020-06-01,Filimonkovskoye,NAO,128800,139600,537,0.85,4.25,6.75,3,59367.0,-53.9,True
2020-06-01,Filyovsky Park,ZAO,318100,346500,1325,2.44,4.25,6.75,5,251620.0,-20.9,False
2020-06-01,Gagarinsky,YuZAO,333400,372400,1389,0.29,4.25,6.75,3,226500.0,-32.1,False
2020-06-01,Golovinsky,SAO,196800,213700,820,-2.33,4.25,6.75,7,132086.0,-32.9,False
2020-06-01,Golyanovo,VAO,183200,192600,763,4.17,4.25,6.75,2,127800.0,-30.2,False
2020-06-01,Ivanovskoye,VAO,188100,201900,784,3.12,4.25,6.75,3,113133.0,-39.9,False
2020-06-01,Izmaylovo,VAO,217900,252500,908,4.64,4.25,6.75,9,128944.0,-40.8,False
2020-06-01,Khamovniki,CAO,534400,585400,2227,3.25,4.25,6.75,1,398400.0,-25.4,False
2020-06-01,Khoroshyovo-Mnyovniki,SZAO,278900,302800,1162,2.38,4.25,6.75,4,161675.0,-42.0,False
2020-06-01,Khoroshyovsky,SAO,293700,323100,1224,11.08,4.25,6.75,14,215771.0,-26.5,False
2020-06-01,Khovrino,SAO,199100,217500,830,7.37,4.25,6.75,5,122000.0,-38.7,False
2020-06-01,Kievsky,TAO,76900,85200,320,3.75,4.25,6.75,2,42350.0,-44.9,True
2020-06-01,Klyonovskoye,TAO,74700,84300,311,1.12,4.25,6.75,4,39175.0,-47.6,True
2020-06-01,Kokoshkino,NAO,126400,132300,527,1.4,4.25,6.75,4,56050.0,-55.7,True
2020-06-01,Konkovo,YuZAO,254000,269500,1058,-1.85,4.25,6.75,6,145650.0,-42.7,False
2020-06-01,Koptevo,SAO,216900,232400,904,3.35,4.25,6.75,3,116233.0,-46.4,False
2020-06-01,Kosino-Ukhtomsky,VAO,174900,197200,729,-2.33,4.25,6.75,10,111360.0,-36.3,False
2020-06-01,Kotlovka,YuZAO,274200,293700,1143,6.66,4.25,6.75,3,201500.0,-26.5,False
2020-06-01,Krasnopakhorskoye,TAO,91600,102500,382,5.65,4.25,6.75,3,47467.0,-48.2,True
2020-06-01,Krasnoselsky,CAO,368700,412700,1536,-5.68,4.25,6.75,3,404900.0,9.8,False
2020-06-01,Krylatskoye,SZAO,307200,334200,1280,-0.99,4.25,6.75,5,196800.0,-35.9,False
2020-06-01,Kuntsevo,ZAO,272900,281400,1137,-0.5,4.25,6.75,7,173329.0,-36.5,False
2020-06-01,Kurkino,SZAO,257600,281700,1073,-1.89,4.25,6.75,5,175480.0,-31.9,False
2020-06-01,Levoberezhny,SAO,203900,230600,850,1.53,4.25,6.75,4,139050.0,-31.8,False
2020-06-01,Lianozovo,SVAO,185000,197500,771,8.14,4.25,6.75,1,82700.0,-55.3,False
2020-06-01,Lomonosovsky,YuZAO,334000,353700,1392,1.0,4.25,6.75,4,256825.0,-23.1,False
2020-06-01,Losinoostrovsky,SVAO,205300,228600,855,6.59,4.25,6.75,1,135700.0,-33.9,False
2020-06-01,Marfino,SVAO,204200,231700,851,2.65,4.25,6.75,3,146300.0,-28.4,False
2020-06-01,Marushkinskoye,NAO,120000,131200,500,-2.98,4.25,6.75,5,67340.0,-43.9,True
2020-06-01,Maryina Roshcha,SVAO,242200,271500,1009,0.56,4.25,6.75,3,135833.0,-43.9,False
2020-06-01,Meshchansky,CAO,384700,427800,1603,-1.31,4.25,6.75,5,277540.0,-27.9,False
2020-06-01,Metrogorodok,VAO,179700,205000,749,0.36,4.25,6.75,7,109571.0,-39.0,False
2020-06-01,Mikhaylovo-Yartsevskoye,TAO,84600,93400,352,7.08,4.25,6.75,9,38811.0,-54.1,True
2020-06-01,Mitino,SZAO,217800,247200,908,-4.33,4.25,6.75,6,167450.0,-23.1,False
2020-06-01,Molzhaninovsky,SAO,164500,186900,686,1.83,4.25,6.75,4,83000.0,-49.5,False
2020-06-01,Moskovsky,NAO,161800,181100,674,7.24,4.25,6.75,9,80011.0,-50.5,True
2020-06-01,Moskvorechye-Saburovo,YuAO,200300,221700,835,7.58,4.25,6.75,6,111200.0,-44.5,False
2020-06-01,Mosrentgen,NAO,152600,172800,636,-1.55,4.25,6.75,6,126167.0,-17.3,True
2020-06-01,Mozhaysky,ZAO,255000,269000,1063,-2.97,4.25,6.75,2,159400.0,-37.5,False
2020-06-01,Nagatino-Sadovniki,YuAO,225300,247700,939,2.38,4.25,6.75,7,146957.0,-34.8,False
2020-06-01,Nagatinsky Zaton,YuAO,224800,249900,937,-3.74,4.25,6.75,9,163900.0,-27.1,False
2020-06-01,Nagorny,YuAO,225000,246600,938,3.26,4.25,6.75,3,147033.0,-34.7,False
2020-06-01,Novo-Peredelkino,ZAO,214000,230100,892,8.18,4.25,6.75,6,123967.0,-42.1,False
2020-06-01,Novofyodorovskoye,TAO,76800,83100,320,-2.79,4.25,6.75,6,42800.0,-44.3,True
2020-06-01,Novogireyevo,VAO,200100,225700,834,4.84,4.25,6.75,7,139314.0,-30.4,False
2020-06-01,Novokosino,VAO,188900,209100,787,2.28,4.25,6.75,5,116200.0,-38.5,False
2020-06-01,Obruchevsky,YuZAO,273300,289400,1139,-0.48,4.25,6.75,3,211700.0,-22.5,False
2020-06-01,Ochakovo-Matveyevskoye,ZAO,257300,278100,1072,7.85,4.25,6.75,7,151871.0,-41.0,False
2020-06-01,Orekhovo-Borisovo Severnoye,YuAO,171800,186800,716,-4.22,4.25,6.75,5,96320.0,-43.9,False
2020-06-01,Orekhovo-Borisovo Yuzhnoye,YuAO,187500,213100,781,8.57,4.25,6.75,9,85400.0,-54.5,False
2020-06-01,Ostankinsky,SVAO,250800,264700,1045,5.7,4.25,6.75,3,134533.0,-46.4,False
2020-06-01,Otradnoye,SVAO,222500,239900,927,10.23,4.25,6.75,5,126200.0,-43.3,False
2020-06-01,Perovo,VAO,193000,205500,804,0.91,4.25,6.75,10,164460.0,-14.8,False
2020-06-01,Pervomayskoye,TAO,82900,91600,345,-6.22,4.25,6.75,8,51838.0,-37.5,True
2020-06-01,Pokrovskoye-Streshnevo,SZAO,251400,278100,1047,3.43,4.25,6.75,5,168560.0,-33.0,False
2020-06-01,Preobrazhenskoye,VAO,210600,238500,878,-0.32,4.25,6.75,7,191129.0,-9.2,False
2020-06-01,Presnensky,CAO,471900,544700,1966,-3.52,4.25,6.75,7,376871.0,-20.1,False
2020-06-01,Prospekt Vernadskogo,ZAO,328500,364000,1369,1.65,4.25,6.75,3,234433.0,-28.6,False
2020-06-01,Ramenki,ZAO,337100,359300,1405,0.78,4.25,6.75,6,196617.0,-41.7,False
2020-06-01,Rogovskoye,TAO,74400,80400,310,1.43,4.25,6.75,3,43733.0,-41.2,True
2020-06-01,Rostokino,SVAO,206200,223800,859,3.21,4.25,6.75,11,142318.0,-31.0,False
2020-06-01,Ryazanovskoye,NAO,126100,139000,525,0.76,4.25,6.75,4,65325.0,-48.2,True
2020-06-01,Savyolovsky,SAO,260800,282000,1087,1.1,4.25,6.75,5,174800.0,-33.0,False
2020-06-01,Severnoye Butovo,YuZAO,217900,242700,908,-4.95,4.25,6.75,5,136480.0,-37.4,False
2020-06-01,Severnoye Izmaylovo,VAO,201500,228000,840,2.53,4.25,6.75,4,141625.0,-29.7,False
2020-06-01,Severnoye Medvedkovo,SVAO,188500,206300,786,-2.82,4.25,6.75,4,101500.0,-46.2,False
2020-06-01,Severnoye Tushino,SZAO,237200,256700,988,4.12,4.25,6.75,3,133633.0,-43.7,False
2020-06-01,Severny,SVAO,167200,181000,697,-3.71,4.25,6.75,0,,,False
2020-06-01,Shchapovskoye,TAO,78900,88700,329,1.38,4.25,6.75,3,43733.0,-44.6,True
2020-06-01,Shcherbinka,NAO,143100,152900,596,0.96,4.25,6.75,10,76320.0,-46.7,True
2020-06-01,Shchukino,SZAO,283900,323500,1183,3.03,4.25,6.75,6,221817.0,-21.9,False
2020-06-01,Sokol,SAO,285400,331600,1189,3.11,4.25,6.75,9,222011.0,-22.2,False
2020-06-01,Sokolinaya Gora,VAO,199500,219800,831,-1.35,4.25,6.75,4,124375.0,-37.7,False
2020-06-01,Sokolniki,VAO,236100,272700,984,-2.05,4.25,6.75,7,188014.0,-20.4,False
2020-06-01,Solntsevo,ZAO,220500,250000,919,1.79,4.25,6.75,2,135100.0,-38.7,False
2020-06-01,Sosenskoye,NAO,159400,168900,664,1.81,4.25,6.75,8,86913.0,-45.5,True
2020-06-01,Strogino,SZAO,289900,318500,1208,3.98,4.25,6.75,7,249514.0,-13.9,False
2020-06-01,Sviblovo,SVAO,203700,221000,849,4.56,4.25,6.75,6,127400.0,-37.5,False
2020-06-01,Tagansky,CAO,383900,408500,1600,3.24,4.25,6.75,5,249360.0,-35.0,False
2020-06-01,Timiryazevsky,SAO,240100,271500,1001,5.0,4.25,6.75,5,176820.0,-26.4,False
2020-06-01,Troitsk,TAO,109500,121700,456,9.15,4.25,6.75,5,53320.0,-51.3,True
2020-06-01,Troparyovo-Nikulino,ZAO,295800,335300,1233,1.35,4.25,6.75,1,243800.0,-17.6,False
2020-06-01,Tsaritsyno,YuAO,191100,209200,796,1.75,4.25,6.75,10,110550.0,-42.2,False
2020-06-01,Tverskoy,CAO,516300,533500,2151,8.71,4.25,6.75,3,394600.0,-23.6,False
2020-06-01,Tyoply Stan,YuZAO,240800,252600,1003,0.2,4.25,6.75,5,165740.0,-31.2,False
2020-06-01,Veshnyaki,VAO,181800,199100,757,2.64,4.25,6.75,5,122520.0,-32.6,False
2020-06-01,Vnukovo,ZAO,205800,219400,858,1.2,4.25,6.75,7,112914.0,-45.1,False
2020-06-01,Vnukovskoye,NAO,151700,165600,632,-1.24,4.25,6.75,3,81200.0,-46.5,True
2020-06-01,Voronovskoye,TAO,83700,93200,349,-0.79,4.25,6.75,2,42950.0,-48.7,True
2020-06-01,Voskresenskoye,NAO,143300,161100,597,-3.41,4.25,6.75,3,82867.0,-42.2,True
2020-06-01,Vostochnoye Izmaylovo,VAO,202100,217700,842,3.87,4.25,6.75,3,143633.0,-28.9,False
2020-06-01,Vostochny,VAO,163200,178200,680,-4.18,4.25,6.75,1,121100.0,-25.8,False
2020-06-01,Voykovsky,SAO,211200,233000,880,-6.57,4.25,6.75,3,165767.0,-21.5,False
2020-06-01,Yakimanka,CAO,483400,556000,2014,-3.65,4.25,6.75,4,316850.0,-34.5,False
2020-06-01,Yaroslavsky,SVAO,189700,207800,790,0.48,4.25,6.75,2,89650.0,-52.7,False
2020-06-01,Yasenevo,YuZAO,247600,270300,1032,-0.39,4.25,6.75,4,277175.0,11.9,False
2020-06-01,Yuzhnoye Butovo,YuZAO,207600,222300,865,-3.11,4.25,6.75,4,118475.0,-42.9,False
2020-06-01,Yuzhnoye Medvedkovo,SVAO,201300,225200,839,2.5,4.25,6.75,11,103836.0,-48.4,False
2020-06-01,Yuzhnoye Tushino,SZAO,240000,275900,1000,4.32,4.25,6.75,7,131900.0,-45.0,False
2020-06-01,Zamoskvorechye,CAO,434900,482000,1812,4.03,4.25,6.75,6,331067.0,-23.9,False
2020-06-01,Zapadnoye Degunino,SAO,188500,204000,785,2.06,4.25,6.75,10,118510.0,-37.1,False
2020-06-01,Zelenograd,ZelAO,128600,140700,536,6.33,4.25,6.75,4,66350.0,-48.4,True
2020-06-01,Zyablikovo,YuAO,171400,186900,714,0.32,4.25,6.75,6,108467.0,-36.7,False
2020-06-01,Zyuzino,YuZAO,250800,270400,1045,-5.1,4.25,6.75,2,149800.0,-40.3,False
2020-07-01,Aeroport,SAO,253300,271300,1055,-0.94,4.25,6.75,6,160350.0,-36.7,False
2020-07-01,Akademichesky,YuZAO,292700,332600,1220,-4.78,4.25,6.75,6,200350.0,-31.6,False
2020-07-01,Alekseevsky,SVAO,248800,277100,1037,-2.79,4.25,6.75,3,142667.0,-42.7,False
2020-07-01,Altufyevsky,SVAO,186800,205800,778,1.57,4.25,6.75,7,109286.0,-41.5,False
2020-07-01,Arbat,CAO,499300,560800,2081,-3.18,4.25,6.75,6,409667.0,-18.0,False
2020-07-01,Babushkinsky,SVAO,201700,225100,840,2.7,4.25,6.75,5,142500.0,-29.4,False
2020-07-01,Basmanny,CAO,399700,453900,1665,-0.53,4.25,6.75,5,355760.0,-11.0,False
2020-07-01,Begovoy,SAO,275500,297800,1148,2.54,4.25,6.75,9,222489.0,-19.2,False
2020-07-01,Beskudnikovsky,SAO,189600,205400,790,-4.58,4.25,6.75,7,111086.0,-41.4,False
2020-07-01,Bibirevo,SVAO,193800,220400,807,1.53,4.25,6.75,3,114767.0,-40.8,False
2020-07-01,Biryulyovo Vostochnoye,YuAO,169600,191100,707,-4.95,4.25,6.75,4,103950.0,-38.7,False
2020-07-01,Biryulyovo Zapadnoye,YuAO,172100,186700,717,-1.5,4.25,6.75,8,100938.0,-41.3,False
2020-07-01,Bogorodskoye,VAO,201400,219700,839,1.86,4.25,6.75,5,150500.0,-25.3,False
2020-07-01,Brateyevo,YuAO,181800,197000,758,9.57,4.25,6.75,4,105300.0,-42.1,False
2020-07-01,Butyrsky,SVAO,231400,249200,964,-0.23,4.25,6.75,5,147520.0,-36.2,False
2020-07-01,Chertanovo Severnoye,YuAO,193200,220200,805,-2.19,4.25,6.75,4,125900.0,-34.8,False
2020-07-01,Chertanovo Tsentralnoye,YuAO,193800,213000,807,-2.19,4.25,6.75,2,93300.0,-51.9,False
2020-07-01,Chertanovo Yuzhnoye,YuAO,175500,196100,731,-1.27,4.25,6.75,2,118300.0,-32.6,False
2020-07-01,Cheryomushki,YuZAO,271900,297600,1133,-5.36,4.25,6.75,5,215300.0,-20.8,False
2020-07-01,Danilovsky,YuAO,246700,266900,1028,2.94,4.25,6.75,10,182850.0,-25.9,False
2020-07-01,Desyonovskoye,NAO,146900,165000,612,-5.17,4.25,6.75,5,72700.0,-50.5,True
2020-07-01,Dmitrovsky,SAO,192700,204500,803,0.14,4.25,6.75,7,104186.0,-45.9,False
2020-07-01,Donskoy,YuAO,266400,300200,1110,0.48,4.25,6.75,8,212663.0,-20.2,False
2020-07-01,Dorogomilovo,ZAO,403900,438300,1683,4.35,4.25,6.75,3,288600.0,-28.5,False
2020-07-01,Fili-Davydkovo,ZAO,285300,308900,1189,-2.96,4.25,6.75,7,177771.0,-37.7,False
2020-07-01,Filimonkovskoye,NAO,129600,146200,540,0.64,4.25,6.75,4,60425.0,-53.4,True
2020-07-01,Filyovsky Park,ZAO,324000,362800,1350,1.87,4.25,6.75,6,209883.0,-35.2,False
2020-07-01,Gagarinsky,YuZAO,333700,354900,1390,0.07,4.25,6.75,6,238567.0,-28.5,False
2020-07-01,Golovinsky,SAO,208300,232000,868,5.84,4.25,6.75,4,119975.0,-42.4,False
2020-07-01,Golyanovo,VAO,191200,214900,797,4.35,4.25,6.75,6,103700.0,-45.8,False
2020-07-01,Ivanovskoye,VAO,187100,200500,780,-0.51,4.25,6.75,7,117200.0,-37.4,False
2020-07-01,Izmaylovo,VAO,222900,238700,929,2.29,4.25,6.75,9,141933.0,-36.3,False
2020-07-01,Khamovniki,CAO,533700,575700,2224,-0.13,4.25,6.75,7,404129.0,-24.3,False
2020-07-01,Khoroshyovo-Mnyovniki,SZAO,279000,307700,1163,0.05,4.25,6.75,7,183971.0,-34.1,False
2020-07-01,Khoroshyovsky,SAO,296300,332900,1235,0.9,4.25,6.75,7,206429.0,-30.3,False
2020-07-01,Khovrino,SAO,198600,217600,827,-0.27,4.25,6.75,5,103680.0,-47.8,False
2020-07-01,Kievsky,TAO,78300,84900,326,1.83,4.25,6.75,3,40000.0,-48.9,True
2020-07-01,Klyonovskoye,TAO,77200,85200,322,3.33,4.25,6.75,9,39922.0,-48.3,True
2020-07-01,Kokoshkino,NAO,120800,136000,504,-4.39,4.25,6.75,9,61278.0,-49.3,True
2020-07-01,Konkovo,YuZAO,259400,269900,1081,2.15,4.25,6.75,4,164475.0,-36.6,False
2020-07-01,Koptevo,SAO,210200,233400,876,-3.09,4.25,6.75,5,137640.0,-34.5,False
2020-07-01,Kosino-Ukhtomsky,VAO,179400,191900,748,2.59,4.25,6.75,7,106900.0,-40.4,False
2020-07-01,Kotlovka,YuZAO,271100,312200,1130,-1.13,4.25,6.75,7,171814.0,-36.6,False
2020-07-01,Krasnopakhorskoye,TAO,91400,102200,381,-0.19,4.25,6.75,5,54900.0,-39.9,True
2020-07-01,Krasnoselsky,CAO,380000,419500,1583,3.08,4.25,6.75,7,281743.0,-25.9,False
2020-07-01,Krylatskoye,SZAO,316100,344100,1317,2.9,4.25,6.75,3,192200.0,-39.2,False
2020-07-01,Kuntsevo,ZAO,277200,304100,1155,1.58,4.25,6.75,3,150767.0,-45.6,False
2020-07-01,Kurkino,SZAO,262400,293500,1093,1.86,4.25,6.75,4,159575.0,-39.2,False
2020-07-01,Levoberezhny,SAO,207500,220100,864,1.75,4.25,6.75,7,164971.0,-20.5,False
2020-07-01,Lianozovo,SVAO,188500,202000,785,1.87,4.25,6.75,5,109680.0,-41.8,False
2020-07-01,Lomonosovsky,YuZAO,331900,352600,1383,-0.62,4.25,6.75,4,269575.0,-18.8,False
2020-07-01,Losinoostrovsky,SVAO,197700,214900,824,-3.71,4.25,6.75,8,110563.0,-44.1,False
2020-07-01,Marfino,SVAO,198700,231100,828,-2.72,4.25,6.75,7,130014.0,-34.6,False
2020-07-01,Marushkinskoye,NAO,119100,136800,496,-0.81,4.25,6.75,6,65717.0,-44.8,True
2020-07-01,Maryina Roshcha,SVAO,238600,263100,994,-1.52,4.25,6.75,2,170950.0,-28.4,False
2020-07-01,Meshchansky,CAO,411500,465400,1714,6.95,4.25,6.75,7,284571.0,-30.8,False
2020-07-01,Metrogorodok,VAO,184800,205000,770,2.81,4.25,6.75,6,127550.0,-31.0,False
2020-07-01,Mikhaylovo-Yartsevskoye,TAO,82500,89900,344,-2.5,4.25,6.75,8,42850.0,-48.1,True
2020-07-01,Mitino,SZAO,229200,239400,955,5.25,4.25,6.75,7,140000.0,-38.9,False
2020-07-01,Molzhaninovsky,SAO,167700,184900,699,1.93,4.25,6.75,3,87967.0,-47.5,False
2020-07-01,Moskovsky,NAO,156200,178500,651,-3.49,4.25,6.75,2,66300.0,-57.6,True
2020-07-01,Moskvorechye-Saburovo,YuAO,198300,211600,826,-1.03,4.25,6.75,7,126586.0,-36.2,False
2020-07-01,Mosrentgen,NAO,160800,171300,670,5.38,4.25,6.75,4,103625.0,-35.6,True
2020-07-01,Mozhaysky,ZAO,267600,293500,1115,4.92,4.25,6.75,9,174844.0,-34.7,False
2020-07-01,Nagatino-Sadovniki,YuAO,222700,247100,928,-1.12,4.25,6.75,6,136933.0,-38.5,False
2020-07-01,Nagatinsky Zaton,YuAO,237800,259800,991,5.78,4.25,6.75,5,137620.0,-42.1,False
2020-07-01,Nagorny,YuAO,225600,243400,940,0.27,4.25,6.75,3,125400.0,-44.4,False
2020-07-01,Novo-Peredelkino,ZAO,214200,238600,892,0.08,4.25,6.75,2,103100.0,-51.9,False
2020-07-01,Novofyodorovskoye,TAO,74400,84400,310,-3.14,4.25,6.75,6,41767.0,-43.9,True
2020-07-01,Novogireyevo,VAO,209400,225500,872,4.64,4.25,6.75,4,148675.0,-29.0,False
2020-07-01,Novokosino,VAO,184800,199900,770,-2.18,4.25,6.75,8,122788.0,-33.6,False
2020-07-01,Obruchevsky,YuZAO,287800,307500,1199,5.34,4.25,6.75,8,207950.0,-27.7,False
2020-07-01,Ochakovo-Matveyevskoye,ZAO,261100,292000,1088,1.45,4.25,6.75,11,167573.0,-35.8,False
2020-07-01,Orekhovo-Borisovo Severnoye,YuAO,172500,182100,719,0.43,4.25,6.75,5,99760.0,-42.2,False
2020-07-01,Orekhovo-Borisovo Yuzhnoye,YuAO,178600,197300,744,-4.75,4.25,6.75,4,94950.0,-46.8,False
2020-07-01,Ostankinsky,SVAO,242100,262800,1009,-3.48,4.25,6.75,6,166483.0,-31.2,False
2020-07-01,Otradnoye,SVAO,201800,218100,841,-9.28,4.25,6.75,9,125711.0,-37.7,False
2020-07-01,Perovo,VAO,201600,220600,840,4.5,4.25,6.75,2,128500.0,-36.3,False
2020-07-01,Pervomayskoye,TAO,84900,93400,354,2.52,4.25,6.75,5,42780.0,-49.6,True
2020-07-01,Pokrovskoye-Streshnevo,SZAO,236700,258200,986,-5.84,4.25,6.75,4,147700.0,-37.6,False
2020-07-01,Preobrazhenskoye,VAO,219000,232400,912,3.97,4.25,6.75,3,137867.0,-37.0,False
2020-07-01,Presnensky,CAO,493500,526900,2056,4.57,4.25,6.75,7,386100.0,-21.8,False
2020-07-01,Prospekt Vernadskogo,ZAO,351500,379400,1465,7.02,4.25,6.75,5,197380.0,-43.8,False
2020-07-01,Ramenki,ZAO,348300,382000,1451,3.31,4.25,6.75,3,198900.0,-42.9,False
2020-07-01,Rogovskoye,TAO,79800,85600,333,7.23,4.25,6.75,2,36800.0,-53.9,True
2020-07-01,Rostokino,SVAO,193800,209200,807,-6.01,4.25,6.75,5,139400.0,-28.1,False
2020-07-01,Ryazanovskoye,NAO,120600,133100,503,-4.32,4.25,6.75,2,71550.0,-40.7,True
2020-07-01,Savyolovsky,SAO,271600,299300,1131,4.12,4.25,6.75,4,166825.0,-38.6,False
2020-07-01,Severnoye Butovo,YuZAO,221700,247000,924,1.73,4.25,6.75,1,125900.0,-43.2,False
2020-07-01,Severnoye Izmaylovo,VAO,200300,218600,835,-0.58,4.25,6.75,4,156975.0,-21.6,False
2020-07-01,Severnoye Medvedkovo,SVAO,195400,207400,814,3.64,4.25,6.75,5,117160.0,-40.0,False
2020-07-01,Severnoye Tushino,SZAO,225300,242200,939,-5.01,4.25,6.75,4,150025.0,-33.4,False
2020-07-01,Severny,SVAO,180500,197600,752,7.98,4.25,6.75,7,84029.0,-53.4,False
2020-07-01,Shchapovskoye,TAO,84500,93000,352,7.12,4.25,6.75,3,39700.0,-53.0,True
2020-07-01,Shcherbinka,NAO,139000,156000,579,-2.86,4.25,6.75,3,72733.0,-47.7,True
2020-07-01,Shchukino,SZAO,282600,317500,1177,-0.46,4.25,6.75,2,197000.0,-30.3,False
2020-07-01,Sokol,SAO,266700,290100,1111,-6.58,4.25,6.75,5,180720.0,-32.2,False
2020-07-01,Sokolinaya Gora,VAO,201100,227000,838,0.82,4.25,6.75,6,159633.0,-20.6,False
2020-07-01,Sokolniki,VAO,243500,273400,1015,3.12,4.25,6.75,3,222733.0,-8.5,False
2020-07-01,Solntsevo,ZAO,230600,257200,961,4.58,4.25,6.75,7,113657.0,-50.7,False
2020-07-01,Sosenskoye,NAO,165600,177500,690,3.87,4.25,6.75,5,89560.0,-45.9,True
2020-07-01,Strogino,SZAO,284900,307200,1187,-1.72,4.25,6.75,3,238400.0,-16.3,False
2020-07-01,Sviblovo,SVAO,196200,216800,817,-3.69,4.25,6.75,9,139622.0,-28.8,False
2020-07-01,Tagansky,CAO,376400,404000,1568,-1.95,4.25,6.75,4,297750.0,-20.9,False
2020-07-01,Timiryazevsky,SAO,237700,268100,991,-1.0,4.25,6.75,4,193825.0,-18.5,False
2020-07-01,Troitsk,TAO,106900,121300,445,-2.37,4.25,6.75,2,66900.0,-37.4,True
2020-07-01,Troparyovo-Nikulino,ZAO,313800,344700,1307,6.07,4.25,6.75,5,204800.0,-34.7,False
2020-07-01,Tsaritsyno,YuAO,190800,210900,795,-0.16,4.25,6.75,4,97800.0,-48.7,False
2020-07-01,Tverskoy,CAO,497200,530100,2072,-3.7,4.25,6.75,7,420114.0,-15.5,False
2020-07-01,Tyoply Stan,YuZAO,233000,262700,971,-3.25,4.25,6.75,9,139922.0,-39.9,False
2020-07-01,Veshnyaki,VAO,179200,199100,747,-1.44,4.25,6.75,3,94300.0,-47.4,False
2020-07-01,Vnukovo,ZAO,204200,226900,851,-0.77,4.25,6.75,7,117843.0,-42.3,False
2020-07-01,Vnukovskoye,NAO,157900,180400,658,4.14,4.25,6.75,3,92667.0,-41.3,True
2020-07-01,Voronovskoye,TAO,83200,94200,347,-0.63,4.25,6.75,3,43933.0,-47.2,True
2020-07-01,Voskresenskoye,NAO,150000,168300,625,4.68,4.25,6.75,5,76000.0,-49.3,True
2020-07-01,Vostochnoye Izmaylovo,VAO,194600,209000,811,-3.71,4.25,6.75,5,128400.0,-34.0,False
2020-07-01,Vostochny,VAO,170100,182200,709,4.21,4.25,6.75,3,103433.0,-39.2,False
2020-07-01,Voykovsky,SAO,237400,272200,989,12.36,4.25,6.75,5,140960.0,-40.6,False
2020-07-01,Yakimanka,CAO,483500,517200,2014,0.01,4.25,6.75,6,378367.0,-21.7,False
2020-07-01,Yaroslavsky,SVAO,195400,208400,814,2.98,4.25,6.75,4,112825.0,-42.3,False
2020-07-01,Yasenevo,YuZAO,265600,298400,1106,7.26,4.25,6.75,11,200082.0,-24.7,False
2020-07-01,Yuzhnoye Butovo,YuZAO,211300,223300,880,1.77,4.25,6.75,5,114380.0,-45.9,False
2020-07-01,Yuzhnoye Medvedkovo,SVAO,202100,212700,842,0.41,4.25,6.75,4,105050.0,-48.0,False
2020-07-01,Yuzhnoye Tushino,SZAO,232100,250100,967,-3.27,4.25,6.75,10,130750.0,-43.7,False
2020-07-01,Zamoskvorechye,CAO,444800,484300,1853,2.27,4.25,6.75,2,329100.0,-26.0,False
2020-07-01,Zapadnoye Degunino,SAO,196800,221200,820,4.43,4.25,6.75,5,114420.0,-41.9,False
2020-07-01,Zelenograd,ZelAO,126800,138800,528,-1.4,4.25,6.75,10,68720.0,-45.8,True
2020-07-01,Zyablikovo,YuAO,178100,193500,742,3.96,4.25,6.75,5,105500.0,-40.8,False
2020-07-01,Zyuzino,YuZAO,256400,274600,1068,2.23,4.25,6.75,6,173900.0,-32.2,False
2020-08-01,Aeroport,SAO,249400,280200,1039,-1.52,4.25,6.75,7,148657.0,-40.4,False
2020-08-01,Akademichesky,YuZAO,301000,333500,1254,2.82,4.25,6.75,5,193480.0,-35.7,False
2020-08-01,Alekseevsky,SVAO,254900,297800,1062,2.44,4.25,6.75,5,209520.0,-17.8,False
2020-08-01,Altufyevsky,SVAO,197600,209500,823,5.81,4.25,6.75,6,104483.0,-47.1,False
2020-08-01,Arbat,CAO,531700,582700,2215,6.47,4.25,6.75,6,420333.0,-20.9,False
2020-08-01,Babushkinsky,SVAO,200800,230800,837,-0.42,4.25,6.75,6,117050.0,-41.7,False
2020-08-01,Basmanny,CAO,398500,449500,1661,-0.29,4.25,6.75,6,290550.0,-27.1,False
2020-08-01,Begovoy,SAO,268300,292200,1118,-2.62,4.25,6.75,5,195060.0,-27.3,False
2020-08-01,Beskudnikovsky,SAO,193300,216500,805,1.92,4.25,6.75,4,130600.0,-32.4,False
2020-08-01,Bibirevo,SVAO,197600,214400,823,1.96,4.25,6.75,7,118729.0,-39.9,False
2020-08-01,Biryulyovo Vostochnoye,YuAO,177700,192400,740,4.76,4.25,6.75,9,94567.0,-46.8,False
2020-08-01,Biryulyovo Zapadnoye,YuAO,179900,198000,750,4.55,4.25,6.75,7,104086.0,-42.1,False
2020-08-01,Bogorodskoye,VAO,200500,222200,835,-0.48,4.25,6.75,5,148140.0,-26.1,False
2020-08-01,Brateyevo,YuAO,174400,188100,727,-4.06,4.25,6.75,7,122071.0,-30.0,False
2020-08-01,Butyrsky,SVAO,237400,256700,989,2.6,4.25,6.75,7,152529.0,-35.8,False
2020-08-01,Chertanovo Severnoye,YuAO,198300,225600,826,2.65,4.25,6.75,3,148733.0,-25.0,False
2020-08-01,Chertanovo Tsentralnoye,YuAO,195700,199800,815,0.99,4.25,6.75,4,116650.0,-40.4,False
2020-08-01,Chertanovo Yuzhnoye,YuAO,183000,195800,763,4.28,4.25,6.75,6,142300.0,-22.2,False
2020-08-01,Cheryomushki,YuZAO,285700,308000,1190,5.06,4.25,6.75,3,201900.0,-29.3,False
2020-08-01,Danilovsky,YuAO,268600,284000,1119,8.87,4.25,6.75,3,154700.0,-42.4,False
2020-08-01,Desyonovskoye,NAO,147800,164500,616,0.61,4.25,6.75,6,80200.0,-45.7,True
2020-08-01,Dmitrovsky,SAO,183100,203500,763,-5.0,4.25,6.75,6,116050.0,-36.6,False
2020-08-01,Donskoy,YuAO,265500,298200,1106,-0.34,4.25,6.75,9,172633.0,-35.0,False
2020-08-01,Dorogomilovo,ZAO,404400,451300,1685,0.11,4.25,6.75,7,279914.0,-30.8,False
2020-08-01,Fili-Davydkovo,ZAO,302800,351600,1261,6.1,4.25,6.75,8,192375.0,-36.5,False
2020-08-01,Filimonkovskoye,NAO,136700,154200,570,5.45,4.25,6.75,6,65633.0,-52.0,True
2020-08-01,Filyovsky Park,ZAO,326800,368300,1362,0.86,4.25,6.75,1,234300.0,-28.3,False
2020-08-01,Gagarinsky,YuZAO,355100,392500,1480,6.43,4.25,6.75,6,233550.0,-34.2,False
2020-08-01,Golovinsky,SAO,203300,216700,847,-2.41,4.25,6.75,5,144640.0,-28.9,False
2020-08-01,Golyanovo,VAO,180900,203200,754,-5.38,4.25,6.75,4,107850.0,-40.4,False
2020-08-01,Ivanovskoye,VAO,190200,210000,792,1.63,4.25,6.75,5,104420.0,-45.1,False
2020-08-01,Izmaylovo,VAO,218800,237500,912,-1.84,4.25,6.75,8,130613.0,-40.3,False
2020-08-01,Khamovniki,CAO,546600,584800,2278,2.42,4.25,6.75,5,466340.0,-14.7,False
2020-08-01,Khoroshyovo-Mnyovniki,SZAO,285300,317900,1189,2.24,4.25,6.75,2,136650.0,-52.1,False
2020-08-01,Khoroshyovsky,SAO,276200,314800,1151,-6.8,4.25,6.75,3,214167.0,-22.5,False
2020-08-01,Khovrino,SAO,200100,209500,834,0.8,4.25,6.75,3,118133.0,-41.0,False
2020-08-01,Kievsky,TAO,78000,81000,325,-0.37,4.25,6.75,6,39933.0,-48.8,True
2020-08-01,Klyonovskoye,TAO,77300,86800,322,0.11,4.25,6.75,5,42200.0,-45.4,True
2020-08-01,Kokoshkino,NAO,128700,140600,536,6.5,4.25,6.75,2,71800.0,-44.2,True
2020-08-01,Konkovo,YuZAO,248400,267600,1035,-4.27,4.25,6.75,2,195300.0,-21.4,False
2020-08-01,Koptevo,SAO,224400,240300,935,6.75,4.25,6.75,4,108175.0,-51.8,False
2020-08-01,Kosino-Ukhtomsky,VAO,166100,178700,692,-7.42,4.25,6.75,3,111367.0,-33.0,False
2020-08-01,Kotlovka,YuZAO,277300,308300,1155,2.27,4.25,6.75,9,199278.0,-28.1,False
2020-08-01,Krasnopakhorskoye,TAO,95500,106700,398,4.52,4.25,6.75,4,44850.0,-53.0,True
2020-08-01,Krasnoselsky,CAO,377800,410600,1574,-0.58,4.25,6.75,5,280660.0,-25.7,False
2020-08-01,Krylatskoye,SZAO,331600,355100,1382,4.88,4.25,6.75,1,201900.0,-39.1,False
2020-08-01,Kuntsevo,ZAO,283900,318200,1183,2.41,4.25,6.75,7,175000.0,-38.4,False
2020-08-01,Kurkino,SZAO,271400,304600,1131,3.46,4.25,6.75,4,130600.0,-51.9,False
2020-08-01,Levoberezhny,SAO,210300,218100,876,1.38,4.25,6.75,6,134717.0,-35.9,False
2020-08-01,Lianozovo,SVAO,196800,213100,820,4.41,4.25,6.75,6,104283.0,-47.0,False
2020-08-01,Lomonosovsky,YuZAO,363400,414000,1514,9.47,4.25,6.75,2,289800.0,-20.3,False
2020-08-01,Losinoostrovsky,SVAO,197000,209500,821,-0.34,4.25,6.75,4,108725.0,-44.8,False
2020-08-01,Marfino,SVAO,216400,244300,902,8.91,4.25,6.75,9,112611.0,-48.0,False
2020-08-01,Marushkinskoye,NAO,121700,134400,507,2.18,4.25,6.75,5,67720.0,-44.4,True
2020-08-01,Maryina Roshcha,SVAO,242000,269000,1008,1.44,4.25,6.75,6,198867.0,-17.8,False
2020-08-01,Meshchansky,CAO,389700,418800,1624,-5.28,4.25,6.75,3,345133.0,-11.4,False
2020-08-01,Metrogorodok,VAO,194800,214300,812,5.42,4.25,6.75,7,130486.0,-33.0,False
2020-08-01,Mikhaylovo-Yartsevskoye,TAO,82600,93300,344,0.11,4.25,6.75,6,45800.0,-44.6,True
2020-08-01,Mitino,SZAO,226500,244000,944,-1.21,4.25,6.75,1,102800.0,-54.6,False
2020-08-01,Molzhaninovsky,SAO,164700,188000,686,-1.8,4.25,6.75,5,77720.0,-52.8,False
2020-08-01,Moskovsky,NAO,155000,163200,646,-0.76,4.25,6.75,2,73400.0,-52.6,True
2020-08-01,Moskvorechye-Saburovo,YuAO,193200,212200,805,-2.56,4.25,6.75,7,149171.0,-22.8,False
2020-08-01,Mosrentgen,NAO,163500,184000,681,1.71,4.25,6.75,2,98200.0,-39.9,True
2020-08-01,Mozhaysky,ZAO,262900,308600,1096,-1.74,4.25,6.75,6,156400.0,-40.5,False
2020-08-01,Nagatino-Sadovniki,YuAO,223100,239400,929,0.15,4.25,6.75,3,167300.0,-25.0,False
2020-08-01,Nagatinsky Zaton,YuAO,238200,259600,992,0.17,4.25,6.75,5,142340.0,-40.2,False
2020-08-01,Nagorny,YuAO,214300,230200,893,-5.03,4.25,6.75,5,183300.0,-14.5,False
2020-08-01,Novo-Peredelkino,ZAO,215100,241700,896,0.42,4.25,6.75,9,129200.0,-39.9,False
2020-08-01,Novofyodorovskoye,TAO,79900,87100,333,7.43,4.25,6.75,7,42214.0,-47.2,True
2020-08-01,Novogireyevo,VAO,194900,216400,812,-6.92,4.25,6.75,4,120875.0,-38.0,False
2020-08-01,Novokosino,VAO,194700,211500,811,5.38,4.25,6.75,4,102150.0,-47.5,False
2020-08-01,Obruchevsky,YuZAO,289900,322700,1208,0.7,4.25,6.75,2,170100.0,-41.3,False
2020-08-01,Ochakovo-Matveyevskoye,ZAO,259900,284300,1083,-0.44,4.25,6.75,6,155433.0,-40.2,False
2020-08-01,Orekhovo-Borisovo Severnoye,YuAO,184300,207200,768,6.84,4.25,6.75,6,117800.0,-36.1,False
2020-08-01,Orekhovo-Borisovo Yuzhnoye,YuAO,190000,213000,792,6.4,4.25,6.75,4,87575.0,-53.9,False
2020-08-01,Ostankinsky,SVAO,256400,274200,1069,5.93,4.25,6.75,5,167720.0,-34.6,False
2020-08-01,Otradnoye,SVAO,213300,225900,889,5.69,4.25,6.75,7,124843.0,-41.5,False
2020-08-01,Perovo,VAO,202000,219300,842,0.17,4.25,6.75,3,190933.0,-5.5,False
2020-08-01,Pervomayskoye,TAO,84900,95500,354,-0.05,4.25,6.75,2,43200.0,-49.1,True
2020-08-01,Pokrovskoye-Streshnevo,SZAO,247900,258400,1033,4.76,4.25,6.75,5,169500.0,-31.6,False
2020-08-01,Preobrazhenskoye,VAO,225100,236800,938,2.81,4.25,6.75,3,174933.0,-22.3,False
2020-08-01,Presnensky,CAO,493900,552700,2058,0.07,4.25,6.75,4,499050.0,1.0,False
2020-08-01,Prospekt Vernadskogo,ZAO,335600,360900,1398,-4.52,4.25,6.75,5,241440.0,-28.1,False
2020-08-01,Ramenki,ZAO,373500,409200,1556,7.25,4.25,6.75,8,240050.0,-35.7,False
2020-08-01,Rogovskoye,TAO,79900,89100,333,0.12,4.25,6.75,8,39163.0,-51.0,True
2020-08-01,Rostokino,SVAO,216400,235900,902,11.7,4.25,6.75,5,129060.0,-40.4,False
2020-08-01,Ryazanovskoye,NAO,127900,133700,533,6.05,4.25,6.75,6,67283.0,-47.4,True
2020-08-01,Savyolovsky,SAO,267700,301600,1115,-1.43,4.25,6.75,3,201800.0,-24.6,False
2020-08-01,Severnoye Butovo,YuZAO,232300,253700,968,4.81,4.25,6.75,8,137388.0,-40.9,False
2020-08-01,Severnoye Izmaylovo,VAO,201500,220300,840,0.6,4.25,6.75,2,150550.0,-25.3,False
2020-08-01,Severnoye Medvedkovo,SVAO,203700,217600,849,4.23,4.25,6.75,3,135567.0,-33.4,False
2020-08-01,Severnoye Tushino,SZAO,230400,236200,960,2.25,4.25,6.75,5,125940.0,-45.3,False
2020-08-01,Severny,SVAO,172300,193800,718,-4.55,4.25,6.75,5,97240.0,-43.6,False
2020-08-01,Shchapovskoye,TAO,82000,93700,342,-2.93,4.25,6.75,4,41200.0,-49.8,True
2020-08-01,Shcherbinka,NAO,149400,162700,623,7.46,4.25,6.75,6,80550.0,-46.1,True
2020-08-01,Shchukino,SZAO,287900,311200,1200,1.88,4.25,6.75,8,242875.0,-15.6,False
2020-08-01,Sokol,SAO,283800,306400,1183,6.43,4.25,6.75,4,217025.0,-23.5,False
2020-08-01,Sokolinaya Gora,VAO,204800,226800,853,1.81,4.25,6.75,6,151383.0,-26.1,False
2020-08-01,Sokolniki,VAO,239900,261200,1000,-1.47,4.25,6.75,4,198125.0,-17.4,False
2020-08-01,Solntsevo,ZAO,235900,255800,983,2.32,4.25,6.75,3,154233.0,-34.6,False
2020-08-01,Sosenskoye,NAO,160900,179300,670,-2.85,4.25,6.75,9,85567.0,-46.8,True
2020-08-01,Strogino,SZAO,302700,335500,1261,6.27,4.25,6.75,4,222550.0,-26.5,False
2020-08-01,Sviblovo,SVAO,209000,222600,871,6.55,4.25,6.75,4,149625.0,-28.4,False
2020-08-01,Tagansky,CAO,403000,434500,1679,7.08,4.25,6.75,6,288100.0,-28.5,False
2020-08-01,Timiryazevsky,SAO,252000,274800,1050,5.98,4.25,6.75,5,136720.0,-45.7,False
2020-08-01,Troitsk,TAO,114100,128300,475,6.71,4.25,6.75,4,60575.0,-46.9,True
2020-08-01,Troparyovo-Nikulino,ZAO,294100,309700,1225,-6.29,4.25,6.75,7,218343.0,-25.8,False
2020-08-01,Tsaritsyno,YuAO,191300,207200,797,0.27,4.25,6.75,4,130225.0,-31.9,False
2020-08-01,Tverskoy,CAO,499900,557600,2083,0.54,4.25,6.75,5,455160.0,-8.9,False
2020-08-01,Tyoply Stan,YuZAO,240000,265600,1000,3.01,4.25,6.75,8,151613.0,-36.8,False
2020-08-01,Veshnyaki,VAO,188900,220500,787,5.44,4.25,6.75,7,112557.0,-40.4,False
2020-08-01,Vnukovo,ZAO,202800,214900,845,-0.67,4.25,6.75,4,131000.0,-35.4,False
2020-08-01,Vnukovskoye,NAO,158700,174600,661,0.5,4.25,6.75,6,96983.0,-38.9,True
2020-08-01,Voronovskoye,TAO,78900,84300,329,-5.19,4.25,6.75,10,47160.0,-40.2,True
2020-08-01,Voskresenskoye,NAO,151100,170900,629,0.68,4.25,6.75,3,80300.0,-46.9,True
2020-08-01,Vostochnoye Izmaylovo,VAO,214300,224700,893,10.13,4.25,6.75,5,112380.0,-47.6,False
2020-08-01,Vostochny,VAO,171900,187500,716,1.1,4.25,6.75,4,93200.0,-45.8,False
2020-08-01,Voykovsky,SAO,226400,236200,943,-4.61,4.25,6.75,6,169150.0,-25.3,False
2020-08-01,Yakimanka,CAO,539400,588700,2248,11.57,4.25,6.75,6,384617.0,-28.7,False
2020-08-01,Yaroslavsky,SVAO,195800,205400,816,0.23,4.25,6.75,3,134800.0,-31.2,False
2020-08-01,Yasenevo,YuZAO,267300,290200,1114,0.67,4.25,6.75,5,196500.0,-26.5,False
2020-08-01,Yuzhnoye Butovo,YuZAO,206700,236200,861,-2.17,4.25,6.75,5,112820.0,-45.4,False
2020-08-01,Yuzhnoye Medvedkovo,SVAO,199000,229400,829,-1.55,4.25,6.75,3,107633.0,-45.9,False
2020-08-01,Yuzhnoye Tushino,SZAO,239300,267500,997,3.1,4.25,6.75,3,121433.0,-49.3,False
2020-08-01,Zamoskvorechye,CAO,458600,508800,1911,3.11,4.25,6.75,3,321100.0,-30.0,False
2020-08-01,Zapadnoye Degunino,SAO,192200,203600,801,-2.36,4.25,6.75,9,105256.0,-45.2,False
2020-08-01,Zelenograd,ZelAO,136500,153900,569,7.66,4.25,6.75,7,68043.0,-50.2,True
2020-08-01,Zyablikovo,YuAO,181100,189900,755,1.65,4.25,6.75,2,106100.0,-41.4,False
2020-08-01,Zyuzino,YuZAO,268400,306200,1118,4.69,4.25,6.75,5,174160.0,-35.1,False
2020-09-01,Aeroport,SAO,273500,308200,1139,9.63,4.25,6.75,5,167280.0,-38.8,False
2020-09-01,Akademichesky,YuZAO,307100,337800,1280,2.04,4.25,6.75,7,198043.0,-35.5,False
2020-09-01,Alekseevsky,SVAO,256000,282200,1067,0.43,4.25,6.75,2,205250.0,-19.8,False
2020-09-01,Altufyevsky,SVAO,197600,215900,823,0.01,4.25,6.75,5,112760.0,-42.9,False
2020-09-01,Arbat,CAO,530700,575500,2211,-0.17,4.25,6.75,8,376763.0,-29.0,False
2020-09-01,Babushkinsky,SVAO,213100,239500,888,6.08,4.25,6.75,4,149800.0,-29.7,False
2020-09-01,Basmanny,CAO,407200,444100,1697,2.18,4.25,6.75,4,341125.0,-16.2,False
2020-09-01,Begovoy,SAO,289300,321700,1206,7.85,4.25,6.75,8,227675.0,-21.3,False
2020-09-01,Beskudnikovsky,SAO,197600,213600,823,2.23,4.25,6.75,5,118140.0,-40.2,False
2020-09-01,Bibirevo,SVAO,202200,221300,842,2.35,4.25,6.75,6,124067.0,-38.6,False
2020-09-01,Biryulyovo Vostochnoye,YuAO,175700,192500,732,-1.08,4.25,6.75,4,98250.0,-44.1,False
2020-09-01,Biryulyovo Zapadnoye,YuAO,182600,200500,761,1.5,4.25,6.75,3,87967.0,-51.8,False
2020-09-01,Bogorodskoye,VAO,213500,228000,889,6.47,4.25,6.75,7,136486.0,-36.1,False
2020-09-01,Brateyevo,YuAO,185600,200700,774,6.43,4.25,6.75,5,113920.0,-38.6,False
2020-09-01,Butyrsky,SVAO,240200,265600,1001,1.15,4.25,6.75,3,141467.0,-41.1,False
2020-09-01,Chertanovo Severnoye,YuAO,205100,234100,855,3.43,4.25,6.75,3,127833.0,-37.7,False
2020-09-01,Chertanovo Tsentralnoye,YuAO,193000,208600,804,-1.38,4.25,6.75,4,128925.0,-33.2,False
2020-09-01,Chertanovo Yuzhnoye,YuAO,190300,210200,793,3.96,4.25,6.75,2,126400.0,-33.6,False
2020-09-01,Cheryomushki,YuZAO,292100,319300,1217,2.24,4.25,6.75,4,217250.0,-25.6,False
2020-09-01,Danilovsky,YuAO,269100,297200,1121,0.19,4.25,6.75,2,213600.0,-20.6,False
2020-09-01,Desyonovskoye,NAO,156000,169300,650,5.6,4.25,6.75,5,85240.0,-45.4,True
2020-09-01,Dmitrovsky,SAO,194400,204600,810,6.15,4.25,6.75,3,104967.0,-46.0,False
2020-09-01,Donskoy,YuAO,271500,295500,1131,2.26,4.25,6.75,3,242900.0,-10.5,False
2020-09-01,Dorogomilovo,ZAO,428700,468000,1786,6.03,4.25,6.75,5,269760.0,-37.1,False
2020-09-01,Fili-Davydkovo,ZAO,323700,360500,1349,6.91,4.25,6.75,6,227600.0,-29.7,False
2020-09-01,Filimonkovskoye,NAO,142300,150300,593,4.08,4.25,6.75,2,73550.0,-48.3,True
2020-09-01,Filyovsky Park,ZAO,338700,359500,1411,3.64,4.25,6.75,11,211409.0,-37.6,False
2020-09-01,Gagarinsky,YuZAO,362400,414300,1510,2.05,4.25,6.75,7,243643.0,-32.8,False
2020-09-01,Golovinsky,SAO,213700,243500,891,5.15,4.25,6.75,7,165157.0,-22.7,False
2020-09-01,Golyanovo,VAO,183600,209100,765,1.52,4.25,6.75,4,118500.0,-35.5,False
2020-09-01,Ivanovskoye,VAO,202000,220000,842,6.21,4.25,6.75,1,87400.0,-56.7,False
2020-09-01,Izmaylovo,VAO,231400,263900,964,5.75,4.25,6.75,3,134333.0,-41.9,False
2020-09-01,Khamovniki,CAO,579400,642400,2414,6.0,4.25,6.75,4,396525.0,-31.6,False
2020-09-01,Khoroshyovo-Mnyovniki,SZAO,303900,344300,1266,6.51,4.25,6.75,4,205525.0,-32.4,False
2020-09-01,Khoroshyovsky,SAO,302900,336100,1262,9.65,4.25,6.75,2,252500.0,-16.6,False
2020-09-01,Khovrino,SAO,194400,209100,810,-2.88,4.25,6.75,5,106620.0,-45.2,False
2020-09-01,Kievsky,TAO,73200,80800,305,-6.14,4.25,6.75,6,45233.0,-38.2,True
2020-09-01,Klyonovskoye,TAO,78900,88400,329,2.07,4.25,6.75,5,38240.0,-51.5,True
2020-09-01,Kokoshkino,NAO,128100,145400,534,-0.46,4.25,6.75,7,65157.0,-49.1,True
2020-09-01,Konkovo,YuZAO,260900,284800,1087,5.06,4.25,6.75,4,163025.0,-37.5,False
2020-09-01,Koptevo,SAO,226000,248800,942,0.71,4.25,6.75,6,132917.0,-41.2,False
2020-09-01,Kosino-Ukhtomsky,VAO,183700,200800,766,10.58,4.25,6.75,3,98833.0,-46.2,False
2020-09-01,Kotlovka,YuZAO,276500,298300,1152,-0.27,4.25,6.75,1,190800.0,-31.0,False
2020-09-01,Krasnopakhorskoye,TAO,96900,107700,404,1.42,4.25,6.75,1,35800.0,-63.1,True
2020-09-01,Krasnoselsky,CAO,388600,439800,1619,2.85,4.25,6.75,4,284500.0,-26.8,False
2020-09-01,Krylatskoye,SZAO,331700,346300,1382,0.05,4.25,6.75,8,222600.0,-32.9,False
2020-09-01,Kuntsevo,ZAO,297600,340800,1240,4.83,4.25,6.75,6,182300.0,-38.7,False
2020-09-01,Kurkino,SZAO,276700,297600,1153,1.94,4.25,6.75,9,158567.0,-42.7,False
2020-09-01,Levoberezhny,SAO,208800,227300,870,-0.72,4.25,6.75,8,142963.0,-31.5,False
2020-09-01,Lianozovo,SVAO,194000,218600,808,-1.43,4.25,6.75,7,96029.0,-50.5,False
2020-09-01,Lomonosovsky,YuZAO,330300,359000,1376,-9.11,4.25,6.75,5,201960.0,-38.9,False
2020-09-01,Losinoostrovsky,SVAO,212900,229700,887,8.06,4.25,6.75,6,120950.0,-43.2,False
2020-09-01,Marfino,SVAO,215500,230300,898,-0.4,4.25,6.75,4,137500.0,-36.2,False
2020-09-01,Marushkinskoye,NAO,123300,136800,514,1.37,4.25,6.75,3,76367.0,-38.1,True
2020-09-01,Maryina Roshcha,SVAO,241500,269700,1006,-0.2,4.25,6.75,6,160950.0,-33.4,False
2020-09-01,Meshchansky,CAO,419200,467400,1746,7.56,4.25,6.75,5,326660.0,-22.1,False
2020-09-01,Metrogorodok,VAO,186300,210500,776,-4.33,4.25,6.75,5,139960.0,-24.9,False
2020-09-01,Mikhaylovo-Yartsevskoye,TAO,84500,92300,352,2.3,4.25,6.75,4,39700.0,-53.0,True
2020-09-01,Mitino,SZAO,218900,247900,912,-3.35,4.25,6.75,5,159800.0,-27.0,False
2020-09-01,Molzhaninovsky,SAO,174500,189200,727,5.93,4.25,6.75,4,86925.0,-50.2,False
2020-09-01,Moskovsky,NAO,170700,182000,711,10.18,4.25,6.75,2,83000.0,-51.4,True
2020-09-01,Moskvorechye-Saburovo,YuAO,208600,220100,869,7.98,4.25,6.75,7,124171.0,-40.5,False
2020-09-01,Mosrentgen,NAO,164500,178400,685,0.6,4.25,6.75,1,106100.0,-35.5,True
2020-09-01,Mozhaysky,ZAO,283400,311500,1181,7.8,4.25,6.75,3,155033.0,-45.3,False
2020-09-01,Nagatino-Sadovniki,YuAO,235900,266000,983,5.74,4.25,6.75,2,148100.0,-37.2,False
2020-09-01,Nagatinsky Zaton,YuAO,238500,263900,994,0.13,4.25,6.75,6,145533.0,-39.0,False
2020-09-01,Nagorny,YuAO,235700,260400,982,10.01,4.25,6.75,8,165788.0,-29.7,False
2020-09-01,Novo-Peredelkino,ZAO,224600,242800,936,4.45,4.25,6.75,3,100800.0,-55.1,False
2020-09-01,Novofyodorovskoye,TAO,83100,90300,346,3.96,4.25,6.75,8,41725.0,-49.8,True
2020-09-01,Novogireyevo,VAO,223200,256100,930,14.52,4.25,6.75,5,145220.0,-34.9,False
2020-09-01,Novokosino,VAO,188700,211700,786,-3.07,4.25,6.75,11,117782.0,-37.6,False
2020-09-01,Obruchevsky,YuZAO,298400,315100,1244,2.96,4.25,6.75,11,205455.0,-31.1,False
2020-09-01,Ochakovo-Matveyevskoye,ZAO,262100,291900,1092,0.83,4.25,6.75,0,,,False
2020-09-01,Orekhovo-Borisovo Severnoye,YuAO,185400,203000,773,0.59,4.25,6.75,7,98771.0,-46.7,False
2020-09-01,Orekhovo-Borisovo Yuzhnoye,YuAO,178700,204800,745,-5.95,4.25,6.75,7,107400.0,-39.9,False
2020-09-01,Ostankinsky,SVAO,261800,297700,1091,2.07,4.25,6.75,5,164140.0,-37.3,False
2020-09-01,Otradnoye,SVAO,215800,237200,899,1.17,4.25,6.75,4,128550.0,-40.4,False
2020-09-01,Perovo,VAO,201200,214800,838,-0.39,4.25,6.75,3,187167.0,-7.0,False
2020-09-01,Pervomayskoye,TAO,88200,95600,367,3.86,4.25,6.75,2,53350.0,-39.5,True
2020-09-01,Pokrovskoye-Streshnevo,SZAO,262300,292600,1093,5.77,4.25,6.75,3,188800.0,-28.0,False
2020-09-01,Preobrazhenskoye,VAO,226800,247800,945,0.76,4.25,6.75,3,167000.0,-26.4,False
2020-09-01,Presnensky,CAO,506000,540400,2108,2.46,4.25,6.75,7,386143.0,-23.7,False
2020-09-01,Prospekt Vernadskogo,ZAO,355700,400100,1482,5.97,4.25,6.75,3,250167.0,-29.7,False
2020-09-01,Ramenki,ZAO,345300,367100,1439,-7.55,4.25,6.75,7,252814.0,-26.8,False
2020-09-01,Rogovskoye,TAO,79200,90000,330,-0.9,4.25,6.75,3,48767.0,-38.4,True
2020-09-01,Rostokino,SVAO,213800,235500,891,-1.22,4.25,6.75,11,142300.0,-33.4,False
2020-09-01,Ryazanovskoye,NAO,123900,142300,516,-3.16,4.25,6.75,3,79467.0,-35.9,True
2020-09-01,Savyolovsky,SAO,258700,282100,1078,-3.37,4.25,6.75,7,161157.0,-37.7,False
2020-09-01,Severnoye Butovo,YuZAO,238700,264400,995,2.75,4.25,6.75,5,133540.0,-44.1,False
2020-09-01,Severnoye Izmaylovo,VAO,207700,222200,865,3.06,4.25,6.75,5,157380.0,-24.2,False
2020-09-01,Severnoye Medvedkovo,SVAO,213700,234200,890,4.9,4.25,6.75,2,147450.0,-31.0,False
2020-09-01,Severnoye Tushino,SZAO,237500,252400,990,3.09,4.25,6.75,8,136250.0,-42.6,False
2020-09-01,Severny,SVAO,173100,193300,721,0.48,4.25,6.75,2,90900.0,-47.5,False
2020-09-01,Shchapovskoye,TAO,81700,91200,341,-0.36,4.25,6.75,10,42620.0,-47.8,True
2020-09-01,Shcherbinka,NAO,151200,160600,630,1.18,4.25,6.75,4,81950.0,-45.8,True
2020-09-01,Shchukino,SZAO,287200,334500,1197,-0.23,4.25,6.75,8,252550.0,-12.1,False
2020-09-01,Sokol,SAO,270500,294200,1127,-4.68,4.25,6.75,5,241680.0,-10.7,False
2020-09-01,Sokolinaya Gora,VAO,213300,236800,889,4.17,4.25,6.75,4,158400.0,-25.7,False
2020-09-01,Sokolniki,VAO,257900,283400,1074,7.49,4.25,6.75,1,263200.0,2.1,False
2020-09-01,Solntsevo,ZAO,227200,247200,947,-3.69,4.25,6.75,5,120520.0,-47.0,False
2020-09-01,Sosenskoye,NAO,163800,173400,683,1.83,4.25,6.75,7,85129.0,-48.0,True
2020-09-01,Strogino,SZAO,287400,319500,1198,-5.05,4.25,6.75,11,221909.0,-22.8,False
2020-09-01,Sviblovo,SVAO,209900,226800,875,0.44,4.25,6.75,5,132260.0,-37.0,False
2020-09-01,Tagansky,CAO,396000,434500,1650,-1.74,4.25,6.75,5,265240.0,-33.0,False
2020-09-01,Timiryazevsky,SAO,240300,254800,1001,-4.61,4.25,6.75,10,177120.0,-26.3,False
2020-09-01,Troitsk,TAO,111800,120900,466,-2.0,4.25,6.75,2,51450.0,-54.0,True
2020-09-01,Troparyovo-Nikulino,ZAO,314600,342200,1311,6.97,4.25,6.75,0,,,False
2020-09-01,Tsaritsyno,YuAO,201900,224600,841,5.52,4.25,6.75,6,107083.0,-47.0,False
2020-09-01,Tverskoy,CAO,509300,552000,2122,1.88,4.25,6.75,4,361200.0,-29.1,False
2020-09-01,Tyoply Stan,YuZAO,250800,266100,1045,4.5,4.25,6.75,3,137600.0,-45.1,False
2020-09-01,Veshnyaki,VAO,190900,201900,796,1.07,4.25,6.75,1,82000.0,-57.0,False
2020-09-01,Vnukovo,ZAO,208100,231400,867,2.56,4.25,6.75,2,92800.0,-55.4,False
2020-09-01,Vnukovskoye,NAO,171900,193000,716,8.3,4.25,6.75,4,92225.0,-46.3,True
2020-09-01,Voronovskoye,TAO,83300,92000,347,5.66,4.25,6.75,6,48433.0,-41.9,True
2020-09-01,Voskresenskoye,NAO,151000,165800,629,-0.05,4.25,6.75,6,72817.0,-51.8,True
2020-09-01,Vostochnoye Izmaylovo,VAO,204300,216300,851,-4.66,4.25,6.75,7,124971.0,-38.8,False
2020-09-01,Vostochny,VAO,177200,203000,739,3.08,4.25,6.75,5,105920.0,-40.2,False
2020-09-01,Voykovsky,SAO,238000,268900,992,5.09,4.25,6.75,4,167150.0,-29.8,False
2020-09-01,Yakimanka,CAO,510900,561300,2129,-5.29,4.25,6.75,8,400813.0,-21.5,False
2020-09-01,Yaroslavsky,SVAO,205200,233600,855,4.8,4.25,6.75,5,119020.0,-42.0,False
2020-09-01,Yasenevo,YuZAO,265000,291500,1104,-0.87,4.25,6.75,5,207940.0,-21.5,False
2020-09-01,Yuzhnoye Butovo,YuZAO,208900,225600,870,1.08,4.25,6.75,4,116450.0,-44.3,False
2020-09-01,Yuzhnoye Medvedkovo,SVAO,197700,217600,824,-0.62,4.25,6.75,3,115467.0,-41.6,False
2020-09-01,Yuzhnoye Tushino,SZAO,237800,271000,991,-0.62,4.25,6.75,5,136660.0,-42.5,False
2020-09-01,Zamoskvorechye,CAO,459200,517100,1913,0.12,4.25,6.75,4,326650.0,-28.9,False
2020-09-01,Zapadnoye Degunino,SAO,202300,221800,843,5.24,4.25,6.75,7,128200.0,-36.6,False
2020-09-01,Zelenograd,ZelAO,133100,146000,555,-2.47,4.25,6.75,1,82900.0,-37.7,True
2020-09-01,Zyablikovo,YuAO,183500,201500,765,1.33,4.25,6.75,2,109150.0,-40.5,False
2020-09-01,Zyuzino,YuZAO,276200,308300,1151,2.93,4.25,6.75,4,160350.0,-41.9,False
2020-10-01,Aeroport,SAO,260500,289100,1086,-4.72,4.25,6.75,3,168800.0,-35.2,False
2020-10-01,Akademichesky,YuZAO,320200,351000,1334,4.24,4.25,6.75,8,199600.0,-37.7,False
2020-10-01,Alekseevsky,SVAO,246000,267500,1025,-3.9,4.25,6.75,2,154150.0,-37.3,False
2020-10-01,Altufyevsky,SVAO,196500,210200,819,-0.57,4.25,6.75,7,117329.0,-40.3,False
2020-10-01,Arbat,CAO,551200,595900,2297,3.86,4.25,6.75,9,399744.0,-27.5,False
2020-10-01,Babushkinsky,SVAO,220300,247300,918,3.4,4.25,6.75,6,144450.0,-34.4,False
2020-10-01,Basmanny,CAO,405300,448600,1689,-0.48,4.25,6.75,3,285567.0,-29.5,False
2020-10-01,Begovoy,SAO,293200,342900,1222,1.33,4.25,6.75,3,217333.0,-25.9,False
2020-10-01,Beskudnikovsky,SAO,202000,221400,842,2.26,4.25,6.75,6,127633.0,-36.8,False
2020-10-01,Bibirevo,SVAO,210100,234200,875,3.88,4.25,6.75,4,135075.0,-35.7,False
2020-10-01,Biryulyovo Vostochnoye,YuAO,177200,192600,738,0.82,4.25,6.75,3,111100.0,-37.3,False
2020-10-01,Biryulyovo Zapadnoye,YuAO,178100,202400,742,-2.48,4.25,6.75,5,99880.0,-43.9,False
2020-10-01,Bogorodskoye,VAO,216300,239300,901,1.34,4.25,6.75,5,134120.0,-38.0,False
2020-10-01,Brateyevo,YuAO,181400,190800,756,-2.3,4.25,6.75,5,110240.0,-39.2,False
2020-10-01,Butyrsky,SVAO,246600,283600,1028,2.69,4.25,6.75,5,173480.0,-29.7,False
2020-10-01,Chertanovo Severnoye,YuAO,203300,222500,847,-0.86,4.25,6.75,4,150425.0,-26.0,False
2020-10-01,Chertanovo Tsentralnoye,YuAO,206700,229600,861,7.08,4.25,6.75,8,115600.0,-44.1,False
2020-10-01,Chertanovo Yuzhnoye,YuAO,192500,211900,802,1.16,4.25,6.75,4,165375.0,-14.1,False
2020-10-01,Cheryomushki,YuZAO,271000,292500,1129,-7.22,4.25,6.75,5,249120.0,-8.1,False
2020-10-01,Danilovsky,YuAO,264800,291200,1103,-1.57,4.25,6.75,4,206000.0,-22.2,False
2020-10-01,Desyonovskoye,NAO,156500,170600,652,0.31,4.25,6.75,11,77518.0,-50.5,True
2020-10-01,Dmitrovsky,SAO,187700,209300,782,-3.41,4.25,6.75,5,111760.0,-40.5,False
2020-10-01,Donskoy,YuAO,268600,306300,1119,-1.05,4.25,6.75,5,194040.0,-27.8,False
2020-10-01,Dorogomilovo,ZAO,430500,469800,1794,0.41,4.25,6.75,8,318463.0,-26.0,False
2020-10-01,Fili-Davydkovo,ZAO,320400,357600,1335,-1.02,4.25,6.75,7,230714.0,-28.0,False
2020-10-01,Filimonkovskoye,NAO,139200,156700,580,-2.18,4.25,6.75,3,61967.0,-55.5,True
2020-10-01,Filyovsky Park,ZAO,343700,391600,1432,1.49,4.25,6.75,5,198520.0,-42.2,False
2020-10-01,Gagarinsky,YuZAO,370500,421000,1544,2.24,4.25,6.75,4,247575.0,-33.2,False
2020-10-01,Golovinsky,SAO,213000,230700,888,-0.33,4.25,6.75,10,136390.0,-36.0,False
2020-10-01,Golyanovo,VAO,197700,232300,824,7.69,4.25,6.75,5,112160.0,-43.3,False
2020-10-01,Ivanovskoye,VAO,193200,215100,805,-4.35,4.25,6.75,5,119300.0,-38.3,False
2020-10-01,Izmaylovo,VAO,226900,243600,946,-1.93,4.25,6.75,5,170020.0,-25.1,False
2020-10-01,Khamovniki,CAO,569400,640400,2373,-1.73,4.25,6.75,3,407967.0,-28.4,False
2020-10-01,Khoroshyovo-Mnyovniki,SZAO,293700,327600,1224,-3.35,4.25,6.75,4,172700.0,-41.2,False
2020-10-01,Khoroshyovsky,SAO,301100,342800,1254,-0.59,4.25,6.75,8,225538.0,-25.1,False
2020-10-01,Khovrino,SAO,206100,220000,859,6.01,4.25,6.75,1,80800.0,-60.8,False
2020-10-01,Kievsky,TAO,80100,88400,334,9.32,4.25,6.75,11,46382.0,-42.1,True
2020-10-01,Klyonovskoye,TAO,79600,91800,332,0.89,4.25,6.75,3,46400.0,-41.7,True
2020-10-01,Kokoshkino,NAO,133100,152600,554,3.87,4.25,6.75,2,74350.0,-44.1,True
2020-10-01,Konkovo,YuZAO,276700,310000,1153,6.04,4.25,6.75,5,155680.0,-43.7,False
2020-10-01,Koptevo,SAO,217600,248000,907,-3.71,4.25,6.75,4,139075.0,-36.1,False
2020-10-01,Kosino-Ukhtomsky,VAO,176400,195900,735,-3.98,4.25,6.75,8,112738.0,-36.1,False
2020-10-01,Kotlovka,YuZAO,283700,316300,1182,2.58,4.25,6.75,6,172867.0,-39.1,False
2020-10-01,Krasnopakhorskoye,TAO,94200,99800,393,-2.76,4.25,6.75,6,50400.0,-46.5,True
2020-10-01,Krasnoselsky,CAO,405000,435900,1687,4.21,4.25,6.75,2,322700.0,-20.3,False
2020-10-01,Krylatskoye,SZAO,342500,376200,1427,3.23,4.25,6.75,6,223217.0,-34.8,False
2020-10-01,Kuntsevo,ZAO,291700,338100,1216,-1.96,4.25,6.75,4,188725.0,-35.3,False
2020-10-01,Kurkino,SZAO,287600,330800,1198,3.93,4.25,6.75,7,157086.0,-45.4,False
2020-10-01,Levoberezhny,SAO,222300,239900,926,6.45,4.25,6.75,5,142260.0,-36.0,False
2020-10-01,Lianozovo,SVAO,197900,218800,825,2.01,4.25,6.75,7,110600.0,-44.1,False
2020-10-01,Lomonosovsky,YuZAO,347400,386900,1448,5.19,4.25,6.75,6,201883.0,-41.9,False
2020-10-01,Losinoostrovsky,SVAO,214200,244400,893,0.64,4.25,6.75,9,121044.0,-43.5,False
2020-10-01,Marfino,SVAO,224100,247200,934,3.97,4.25,6.75,3,167200.0,-25.4,False
2020-10-01,Marushkinskoye,NAO,124400,140800,518,0.84,4.25,6.75,5,75780.0,-39.1,True
2020-10-01,Maryina Roshcha,SVAO,254400,274400,1060,5.33,4.25,6.75,2,171800.0,-32.5,False
2020-10-01,Meshchansky,CAO,411200,444000,1714,-1.89,4.25,6.75,5,291560.0,-29.1,False
2020-10-01,Metrogorodok,VAO,186000,206400,775,-0.19,4.25,6.75,6,111567.0,-40.0,False
2020-10-01,Mikhaylovo-Yartsevskoye,TAO,84300,93500,351,-0.16,4.25,6.75,6,49250.0,-41.6,True
2020-10-01,Mitino,SZAO,237300,258900,989,8.41,4.25,6.75,9,162944.0,-31.3,False
2020-10-01,Molzhaninovsky,SAO,174300,187500,726,-0.07,4.25,6.75,3,81667.0,-53.1,False
2020-10-01,Moskovsky,NAO,156300,169300,651,-8.44,4.25,6.75,5,95760.0,-38.7,True
2020-10-01,Moskvorechye-Saburovo,YuAO,200400,227400,835,-3.95,4.25,6.75,7,134657.0,-32.8,False
2020-10-01,Mosrentgen,NAO,173100,189100,721,5.24,4.25,6.75,1,86700.0,-49.9,True
2020-10-01,Mozhaysky,ZAO,271200,297900,1130,-4.31,4.25,6.75,6,184583.0,-31.9,False
2020-10-01,Nagatino-Sadovniki,YuAO,234100,263800,976,-0.73,4.25,6.75,6,152467.0,-34.9,False
2020-10-01,Nagatinsky Zaton,YuAO,238700,265800,995,0.1,4.25,6.75,5,163980.0,-31.3,False
2020-10-01,Nagorny,YuAO,231600,253800,965,-1.73,4.25,6.75,6,157733.0,-31.9,False
2020-10-01,Novo-Peredelkino,ZAO,221800,243000,924,-1.28,4.25,6.75,4,126200.0,-43.1,False
2020-10-01,Novofyodorovskoye,TAO,84000,91800,350,1.16,4.25,6.75,7,38557.0,-54.1,True
2020-10-01,Novogireyevo,VAO,214200,250700,892,-4.04,4.25,6.75,7,155529.0,-27.4,False
2020-10-01,Novokosino,VAO,209000,231500,871,10.73,4.25,6.75,2,101600.0,-51.4,False
2020-10-01,Obruchevsky,YuZAO,294700,325700,1228,-1.27,4.25,6.75,7,187771.0,-36.3,False
2020-10-01,Ochakovo-Matveyevskoye,ZAO,260500,292600,1085,-0.6,4.25,6.75,5,164820.0,-36.7,False
2020-10-01,Orekhovo-Borisovo Severnoye,YuAO,186600,196400,778,0.65,4.25,6.75,4,101350.0,-45.7,False
2020-10-01,Orekhovo-Borisovo Yuzhnoye,YuAO,200000,223800,833,11.9,4.25,6.75,5,97580.0,-51.2,False
2020-10-01,Ostankinsky,SVAO,259700,284600,1082,-0.8,4.25,6.75,4,168450.0,-35.1,False
2020-10-01,Otradnoye,SVAO,206000,219700,858,-4.53,4.25,6.75,7,118714.0,-42.4,False
2020-10-01,Perovo,VAO,203000,229700,846,0.89,4.25,6.75,3,170000.0,-16.3,False
2020-10-01,Pervomayskoye,TAO,86600,97700,361,-1.73,4.25,6.75,8,48888.0,-43.5,True
2020-10-01,Pokrovskoye-Streshnevo,SZAO,260500,286900,1085,-0.67,4.25,6.75,3,143533.0,-44.9,False
2020-10-01,Preobrazhenskoye,VAO,238700,261200,995,5.23,4.25,6.75,5,178680.0,-25.1,False
2020-10-01,Presnensky,CAO,519800,579700,2166,2.71,4.25,6.75,7,402971.0,-22.5,False
2020-10-01,Prospekt Vernadskogo,ZAO,346300,401400,1443,-2.63,4.25,6.75,5,248520.0,-28.2,False
2020-10-01,Ramenki,ZAO,358200,377700,1492,3.72,4.25,6.75,1,298200.0,-16.8,False
2020-10-01,Rogovskoye,TAO,81100,88100,338,2.46,4.25,6.75,3,56667.0,-30.1,True
2020-10-01,Rostokino,SVAO,211200,243600,880,-1.23,4.25,6.75,8,133775.0,-36.7,False
2020-10-01,Ryazanovskoye,NAO,135100,145500,563,9.06,4.25,6.75,8,65938.0,-51.2,True
2020-10-01,Savyolovsky,SAO,276600,309000,1152,6.92,4.25,6.75,3,215367.0,-22.1,False
2020-10-01,Severnoye Butovo,YuZAO,237100,250300,988,-0.69,4.25,6.75,9,124567.0,-47.5,False
2020-10-01,Severnoye Izmaylovo,VAO,201300,213500,839,-3.05,4.25,6.75,3,162833.0,-19.1,False
2020-10-01,Severnoye Medvedkovo,SVAO,206300,224300,859,-3.46,4.25,6.75,6,115633.0,-43.9,False
2020-10-01,Severnoye Tushino,SZAO,244000,277200,1017,2.73,4.25,6.75,4,142200.0,-41.7,False
2020-10-01,Severny,SVAO,177700,203600,741,2.67,4.25,6.75,4,96475.0,-45.7,False
2020-10-01,Shchapovskoye,TAO,86200,95400,359,5.5,4.25,6.75,3,46833.0,-45.7,True
2020-10-01,Shcherbinka,NAO,153400,166000,639,1.45,4.25,6.75,3,74100.0,-51.7,True
2020-10-01,Shchukino,SZAO,294300,334400,1226,2.45,4.25,6.75,1,359200.0,22.1,False
2020-10-01,Sokol,SAO,281200,308800,1172,3.95,4.25,6.75,7,212229.0,-24.5,False
2020-10-01,Sokolinaya Gora,VAO,207400,236900,864,-2.77,4.25,6.75,7,153414.0,-26.0,False
2020-10-01,Sokolniki,VAO,254600,289900,1061,-1.26,4.25,6.75,2,180250.0,-29.2,False
2020-10-01,Solntsevo,ZAO,243800,261000,1016,7.32,4.25,6.75,4,131400.0,-46.1,False
2020-10-01,Sosenskoye,NAO,163700,175100,682,-0.04,4.25,6.75,4,95400.0,-41.7,True
2020-10-01,Strogino,SZAO,298100,327900,1242,3.73,4.25,6.75,4,231050.0,-22.5,False
2020-10-01,Sviblovo,SVAO,211900,234900,883,0.91,4.25,6.75,6,186683.0,-11.9,False
2020-10-01,Tagansky,CAO,411200,453600,1713,3.83,4.25,6.75,5,323480.0,-21.3,False
2020-10-01,Timiryazevsky,SAO,250100,278400,1042,4.05,4.25,6.75,6,166783.0,-33.3,False
2020-10-01,Troitsk,TAO,110400,124300,460,-1.25,4.25,6.75,7,60571.0,-45.1,True
2020-10-01,Troparyovo-Nikulino,ZAO,321900,358900,1341,2.33,4.25,6.75,2,208000.0,-35.4,False
2020-10-01,Tsaritsyno,YuAO,196400,214200,818,-2.72,4.25,6.75,3,128467.0,-34.6,False
2020-10-01,Tverskoy,CAO,525700,580100,2190,3.23,4.25,6.75,1,505100.0,-3.9,False
2020-10-01,Tyoply Stan,YuZAO,257900,289600,1075,2.82,4.25,6.75,3,207000.0,-19.7,False
2020-10-01,Veshnyaki,VAO,189700,204600,790,-0.65,4.25,6.75,3,116633.0,-38.5,False
2020-10-01,Vnukovo,ZAO,219900,241700,916,5.68,4.25,6.75,4,120250.0,-45.3,False
2020-10-01,Vnukovskoye,NAO,164600,184500,686,-4.24,4.25,6.75,6,84450.0,-48.7,True
2020-10-01,Voronovskoye,TAO,84900,93100,354,1.9,4.25,6.75,3,47800.0,-43.7,True
2020-10-01,Voskresenskoye,NAO,168400,178000,701,11.5,4.25,6.75,8,80425.0,-52.2,True
2020-10-01,Vostochnoye Izmaylovo,VAO,210800,235200,878,3.16,4.25,6.75,3,110800.0,-47.4,False
2020-10-01,Vostochny,VAO,180600,200700,753,1.89,4.25,6.75,6,89683.0,-50.3,False
2020-10-01,Voykovsky,SAO,238500,263800,994,0.23,4.25,6.75,7,195986.0,-17.8,False
2020-10-01,Yakimanka,CAO,514600,590200,2144,0.73,4.25,6.75,5,413740.0,-19.6,False
2020-10-01,Yaroslavsky,SVAO,214800,235400,895,4.67,4.25,6.75,4,144175.0,-32.9,False
2020-10-01,Yasenevo,YuZAO,273800,300200,1141,3.31,4.25,6.75,7,223671.0,-18.3,False
2020-10-01,Yuzhnoye Butovo,YuZAO,220300,241300,918,5.44,4.25,6.75,4,125575.0,-43.0,False
2020-10-01,Yuzhnoye Medvedkovo,SVAO,228900,251600,954,15.74,4.25,6.75,7,122343.0,-46.6,False
2020-10-01,Yuzhnoye Tushino,SZAO,241600,259600,1007,1.57,4.25,6.75,5,135840.0,-43.8,False
2020-10-01,Zamoskvorechye,CAO,459900,508600,1916,0.15,4.25,6.75,4,326000.0,-29.1,False
2020-10-01,Zapadnoye Degunino,SAO,206800,217200,862,2.26,4.25,6.75,4,121225.0,-41.4,False
2020-10-01,Zelenograd,ZelAO,133000,150800,554,-0.09,4.25,6.75,8,83713.0,-37.1,True
2020-10-01,Zyablikovo,YuAO,189100,225300,788,3.05,4.25,6.75,3,115167.0,-39.1,False
2020-10-01,Zyuzino,YuZAO,273700,291600,1140,-0.93,4.25,6.75,3,163633.0,-40.2,False
2020-11-01,Aeroport,SAO,282500,314200,1177,8.42,4.25,6.75,6,173167.0,-38.7,False
2020-11-01,Akademichesky,YuZAO,328600,363500,1369,2.63,4.25,6.75,3,192033.0,-41.6,False
2020-11-01,Alekseevsky,SVAO,270500,309100,1127,9.95,4.25,6.75,4,154150.0,-43.0,False
2020-11-01,Altufyevsky,SVAO,198200,213500,826,0.86,4.25,6.75,5,124940.0,-37.0,False
2020-11-01,Arbat,CAO,565400,618200,2356,2.57,4.25,6.75,2,409150.0,-27.6,False
2020-11-01,Babushkinsky,SVAO,213800,231500,891,-2.95,4.25,6.75,3,124667.0,-41.7,False
2020-11-01,Basmanny,CAO,425000,473400,1771,4.88,4.25,6.75,2,261550.0,-38.5,False
2020-11-01,Begovoy,SAO,285300,318500,1189,-2.67,4.25,6.75,6,241400.0,-15.4,False
2020-11-01,Beskudnikovsky,SAO,203600,230200,848,0.78,4.25,6.75,4,109850.0,-46.0,False
2020-11-01,Bibirevo,SVAO,212400,242400,885,1.14,4.25,6.75,4,117900.0,-44.5,False
2020-11-01,Biryulyovo Vostochnoye,YuAO,184700,202400,770,4.24,4.25,6.75,9,96311.0,-47.9,False
2020-11-01,Biryulyovo Zapadnoye,YuAO,183600,190600,765,3.09,4.25,6.75,0,,,False
2020-11-01,Bogorodskoye,VAO,222500,251400,927,2.86,4.25,6.75,4,175700.0,-21.0,False
2020-11-01,Brateyevo,YuAO,182500,195800,760,0.62,4.25,6.75,5,126200.0,-30.8,False
2020-11-01,Butyrsky,SVAO,242200,255700,1009,-1.8,4.25,6.75,11,166200.0,-31.4,False
2020-11-01,Chertanovo Severnoye,YuAO,215300,234700,897,5.91,4.25,6.75,2,141400.0,-34.3,False
2020-11-01,Chertanovo Tsentralnoye,YuAO,204900,216600,854,-0.88,4.25,6.75,7,158571.0,-22.6,False
2020-11-01,Chertanovo Yuzhnoye,YuAO,185900,202900,774,-3.45,4.25,6.75,5,153100.0,-17.6,False
2020-11-01,Cheryomushki,YuZAO,288600,320500,1202,6.49,4.25,6.75,2,249500.0,-13.5,False
2020-11-01,Danilovsky,YuAO,276600,303500,1153,4.45,4.25,6.75,9,166922.0,-39.7,False
2020-11-01,Desyonovskoye,NAO,161600,175500,673,3.25,4.25,6.75,4,87725.0,-45.7,True
2020-11-01,Dmitrovsky,SAO,196800,211200,820,4.81,4.25,6.75,2,107800.0,-45.2,False
2020-11-01,Donskoy,YuAO,280500,314900,1169,4.4,4.25,6.75,7,224800.0,-19.9,False
2020-11-01,Dorogomilovo,ZAO,429900,462600,1791,-0.13,4.25,6.75,9,284633.0,-33.8,False
2020-11-01,Fili-Davydkovo,ZAO,302500,346300,1260,-5.58,4.25,6.75,6,226133.0,-25.2,False
2020-11-01,Filimonkovskoye,NAO,144300,159400,601,3.65,4.25,6.75,6,76750.0,-46.8,True
2020-11-01,Filyovsky Park,ZAO,336200,359100,1401,-2.19,4.25,6.75,7,231257.0,-31.2,False
2020-11-01,Gagarinsky,YuZAO,358800,380100,1495,-3.16,4.25,6.75,3,211400.0,-41.1,False
2020-11-01,Golovinsky,SAO,215800,233700,899,1.32,4.25,6.75,3,129900.0,-39.8,False
2020-11-01,Golyanovo,VAO,190200,214000,792,-3.84,4.25,6.75,4,150075.0,-21.1,False
2020-11-01,Ivanovskoye,VAO,203300,226400,847,5.2,4.25,6.75,4,168425.0,-17.2,False
2020-11-01,Izmaylovo,VAO,236800,274500,987,4.34,4.25,6.75,7,142743.0,-39.7,False
2020-11-01,Khamovniki,CAO,568400,618000,2368,-0.19,4.25,6.75,5,443180.0,-22.0,False
2020-11-01,Khoroshyovo-Mnyovniki,SZAO,294700,325900,1228,0.36,4.25,6.75,5,188280.0,-36.1,False
2020-11-01,Khoroshyovsky,SAO,287900,320300,1200,-4.38,4.25,6.75,6,235850.0,-18.1,False
2020-11-01,Khovrino,SAO,204000,214900,850,-0.99,4.25,6.75,6,121783.0,-40.3,False
2020-11-01,Kievsky,TAO,77700,89200,324,-2.99,4.25,6.75,1,33200.0,-57.3,True
2020-11-01,Klyonovskoye,TAO,83900,93700,349,5.37,4.25,6.75,5,40940.0,-51.2,True
2020-11-01,Kokoshkino,NAO,133600,144600,557,0.41,4.25,6.75,3,71867.0,-46.2,True
2020-11-01,Konkovo,YuZAO,273800,300200,1141,-1.03,4.25,6.75,12,170833.0,-37.6,False
2020-11-01,Koptevo,SAO,231600,253400,965,6.42,4.25,6.75,8,136638.0,-41.0,False
2020-11-01,Kosino-Ukhtomsky,VAO,191700,206300,799,8.69,4.25,6.75,6,120000.0,-37.4,False
2020-11-01,Kotlovka,YuZAO,291800,312900,1216,2.87,4.25,6.75,3,217733.0,-25.4,False
2020-11-01,Krasnopakhorskoye,TAO,94000,101200,392,-0.18,4.25,6.75,3,45467.0,-51.6,True
2020-11-01,Krasnoselsky,CAO,400600,437400,1669,-1.06,4.25,6.75,5,328860.0,-17.9,False
2020-11-01,Krylatskoye,SZAO,355600,392600,1482,3.83,4.25,6.75,8,215063.0,-39.5,False
2020-11-01,Kuntsevo,ZAO,295100,324800,1230,1.16,4.25,6.75,5,219640.0,-25.6,False
2020-11-01,Kurkino,SZAO,283500,330300,1181,-1.42,4.25,6.75,5,191140.0,-32.6,False
2020-11-01,Levoberezhny,SAO,222300,251300,926,0.02,4.25,6.75,5,140040.0,-37.0,False
2020-11-01,Lianozovo,SVAO,197200,228100,822,-0.33,4.25,6.75,3,104567.0,-47.0,False
2020-11-01,Lomonosovsky,YuZAO,348800,375200,1453,0.39,4.25,6.75,5,246440.0,-29.3,False
2020-11-01,Losinoostrovsky,SVAO,208700,225100,870,-2.58,4.25,6.75,7,129929.0,-37.7,False
2020-11-01,Marfino,SVAO,213000,236800,888,-4.94,4.25,6.75,7,116100.0,-45.5,False
2020-11-01,Marushkinskoye,NAO,131600,142000,548,5.8,4.25,6.75,5,57820.0,-56.1,True
2020-11-01,Maryina Roshcha,SVAO,258600,277900,1078,1.67,4.25,6.75,5,159180.0,-38.4,False
2020-11-01,Meshchansky,CAO,429800,469700,1791,4.51,4.25,6.75,6,346617.0,-19.4,False
2020-11-01,Metrogorodok,VAO,183400,193300,764,-1.37,4.25,6.75,9,139500.0,-23.9,False
2020-11-01,Mikhaylovo-Yartsevskoye,TAO,87500,94600,365,3.77,4.25,6.75,3,40100.0,-54.2,True
2020-11-01,Mitino,SZAO,241600,265100,1006,1.8,4.25,6.75,5,173620.0,-28.1,False
2020-11-01,Molzhaninovsky,SAO,175500,189200,731,0.68,4.25,6.75,5,90660.0,-48.3,False
2020-11-01,Moskovsky,NAO,166600,180000,694,6.55,4.25,6.75,6,86800.0,-47.9,True
2020-11-01,Moskvorechye-Saburovo,YuAO,211900,237400,883,5.77,4.25,6.75,4,128425.0,-39.4,False
2020-11-01,Mosrentgen,NAO,166300,183100,693,-3.97,4.25,6.75,10,131200.0,-21.1,True
2020-11-01,Mozhaysky,ZAO,280400,299200,1168,3.4,4.25,6.75,4,155525.0,-44.5,False
2020-11-01,Nagatino-Sadovniki,YuAO,232400,265200,968,-0.75,4.25,6.75,2,152400.0,-34.4,False
2020-11-01,Nagatinsky Zaton,YuAO,239500,267200,998,0.32,4.25,6.75,3,161867.0,-32.4,False
2020-11-01,Nagorny,YuAO,245300,261500,1022,5.91,4.25,6.75,4,227875.0,-7.1,False
2020-11-01,Novo-Peredelkino,ZAO,224900,253000,937,1.43,4.25,6.75,8,127600.0,-43.3,False
2020-11-01,Novofyodorovskoye,TAO,82100,90700,342,-2.29,4.25,6.75,4,47475.0,-42.2,True
2020-11-01,Novogireyevo,VAO,219400,248400,914,2.42,4.25,6.75,3,133200.0,-39.3,False
2020-11-01,Novokosino,VAO,199700,223200,832,-4.45,4.25,6.75,6,135483.0,-32.2,False
2020-11-01,Obruchevsky,YuZAO,304500,338000,1269,3.33,4.25,6.75,3,212933.0,-30.1,False
2020-11-01,Ochakovo-Matveyevskoye,ZAO,268200,292000,1118,2.98,4.25,6.75,3,165833.0,-38.2,False
2020-11-01,Orekhovo-Borisovo Severnoye,YuAO,188000,201000,783,0.74,4.25,6.75,3,94600.0,-49.7,False
2020-11-01,Orekhovo-Borisovo Yuzhnoye,YuAO,188000,207500,783,-6.0,4.25,6.75,7,107986.0,-42.6,False
2020-11-01,Ostankinsky,SVAO,262100,288100,1092,0.96,4.25,6.75,7,162429.0,-38.0,False
2020-11-01,Otradnoye,SVAO,213900,238500,891,3.81,4.25,6.75,7,113529.0,-46.9,False
2020-11-01,Perovo,VAO,210400,230300,877,3.65,4.25,6.75,2,167450.0,-20.4,False
2020-11-01,Pervomayskoye,TAO,88800,92100,370,2.54,4.25,6.75,5,46040.0,-48.2,True
2020-11-01,Pokrovskoye-Streshnevo,SZAO,252900,270800,1054,-2.9,4.25,6.75,8,160538.0,-36.5,False
2020-11-01,Preobrazhenskoye,VAO,238000,265400,992,-0.29,4.25,6.75,6,202983.0,-14.7,False
2020-11-01,Presnensky,CAO,508800,551000,2120,-2.1,4.25,6.75,7,506786.0,-0.4,False
2020-11-01,Prospekt Vernadskogo,ZAO,358700,406700,1495,3.59,4.25,6.75,5,232280.0,-35.2,False
2020-11-01,Ramenki,ZAO,378600,419000,1577,5.7,4.25,6.75,3,209933.0,-44.6,False
2020-11-01,Rogovskoye,TAO,82400,92800,343,1.53,4.25,6.75,5,42200.0,-48.8,True
2020-11-01,Rostokino,SVAO,225600,248200,940,6.83,4.25,6.75,6,131033.0,-41.9,False
2020-11-01,Ryazanovskoye,NAO,133900,149100,558,-0.9,4.25,6.75,5,65620.0,-51.0,True
2020-11-01,Savyolovsky,SAO,296200,314600,1234,7.1,4.25,6.75,3,235133.0,-20.6,False
2020-11-01,Severnoye Butovo,YuZAO,241700,267700,1007,1.95,4.25,6.75,5,137080.0,-43.3,False
2020-11-01,Severnoye Izmaylovo,VAO,220700,239800,919,9.6,4.25,6.75,7,171500.0,-22.3,False
2020-11-01,Severnoye Medvedkovo,SVAO,213800,244200,891,3.63,4.25,6.75,3,113667.0,-46.8,False
2020-11-01,Severnoye Tushino,SZAO,242000,267200,1008,-0.8,4.25,6.75,7,162643.0,-32.8,False
2020-11-01,Severny,SVAO,182300,200300,760,2.58,4.25,6.75,2,85350.0,-53.2,False
2020-11-01,Shchapovskoye,TAO,85000,95000,354,-1.43,4.25,6.75,4,49075.0,-42.3,True
2020-11-01,Shcherbinka,NAO,154900,175600,646,1.02,4.25,6.75,6,82100.0,-47.0,True
2020-11-01,Shchukino,SZAO,302200,324600,1259,2.71,4.25,6.75,7,240214.0,-20.5,False
2020-11-01,Sokol,SAO,293200,320600,1222,4.27,4.25,6.75,6,201617.0,-31.2,False
2020-11-01,Sokolinaya Gora,VAO,218900,254100,912,5.53,4.25,6.75,5,148240.0,-32.3,False
2020-11-01,Sokolniki,VAO,249300,264900,1039,-2.08,4.25,6.75,5,190120.0,-23.7,False
2020-11-01,Solntsevo,ZAO,244900,269000,1020,0.43,4.25,6.75,7,150614.0,-38.5,False
2020-11-01,Sosenskoye,NAO,156800,168300,653,-4.27,4.25,6.75,5,73940.0,-52.8,True
2020-11-01,Strogino,SZAO,310400,337800,1294,4.13,4.25,6.75,3,291033.0,-6.2,False
2020-11-01,Sviblovo,SVAO,213100,248500,888,0.57,4.25,6.75,6,133450.0,-37.4,False
2020-11-01,Tagansky,CAO,417100,456400,1738,1.44,4.25,6.75,2,270900.0,-35.1,False
2020-11-01,Timiryazevsky,SAO,247200,272300,1030,-1.17,4.25,6.75,9,179256.0,-27.5,False
2020-11-01,Troitsk,TAO,112700,126200,470,2.07,4.25,6.75,7,59929.0,-46.8,True
2020-11-01,Troparyovo-Nikulino,ZAO,319400,339600,1331,-0.77,4.25,6.75,5,262740.0,-17.7,False
2020-11-01,Tsaritsyno,YuAO,201200,217100,838,2.41,4.25,6.75,8,100588.0,-50.0,False
2020-11-01,Tverskoy,CAO,508400,551300,2118,-3.28,4.25,6.75,6,518167.0,1.9,False
2020-11-01,Tyoply Stan,YuZAO,254100,274400,1059,-1.47,4.25,6.75,5,154340.0,-39.3,False
2020-11-01,Veshnyaki,VAO,197600,220700,823,4.17,4.25,6.75,6,132233.0,-33.1,False
2020-11-01,Vnukovo,ZAO,215400,237300,897,-2.05,4.25,6.75,7,109843.0,-49.0,False
2020-11-01,Vnukovskoye,NAO,170600,191500,711,3.66,4.25,6.75,5,97680.0,-42.7,True
2020-11-01,Voronovskoye,TAO,87200,92100,363,2.69,4.25,6.75,8,47313.0,-45.7,True
2020-11-01,Voskresenskoye,NAO,152600,159700,636,-9.34,4.25,6.75,2,84250.0,-44.8,True
2020-11-01,Vostochnoye Izmaylovo,VAO,218000,254100,908,3.42,4.25,6.75,4,138500.0,-36.5,False
2020-11-01,Vostochny,VAO,175800,190100,732,-2.68,4.25,6.75,3,95933.0,-45.4,False
2020-11-01,Voykovsky,SAO,237200,255900,988,-0.54,4.25,6.75,5,182860.0,-22.9,False
2020-11-01,Yakimanka,CAO,518900,583900,2162,0.84,4.25,6.75,7,421857.0,-18.7,False
2020-11-01,Yaroslavsky,SVAO,205500,226500,856,-4.31,4.25,6.75,1,157800.0,-23.2,False
2020-11-01,Yasenevo,YuZAO,264100,283100,1100,-3.54,4.25,6.75,8,219850.0,-16.8,False
2020-11-01,Yuzhnoye Butovo,YuZAO,221600,246200,923,0.57,4.25,6.75,6,109350.0,-50.7,False
2020-11-01,Yuzhnoye Medvedkovo,SVAO,214600,239900,894,-6.24,4.25,6.75,4,130950.0,-39.0,False
2020-11-01,Yuzhnoye Tushino,SZAO,261200,282400,1089,8.15,4.25,6.75,3,137200.0,-47.5,False
2020-11-01,Zamoskvorechye,CAO,465400,501400,1939,1.2,4.25,6.75,9,359333.0,-22.8,False
2020-11-01,Zapadnoye Degunino,SAO,199400,221200,831,-3.6,4.25,6.75,4,111400.0,-44.1,False
2020-11-01,Zelenograd,ZelAO,144600,155000,602,8.67,4.25,6.75,6,86533.0,-40.2,True
2020-11-01,Zyablikovo,YuAO,182300,200900,760,-3.59,4.25,6.75,6,119083.0,-34.7,False
2020-11-01,Zyuzino,YuZAO,276400,309600,1152,0.99,4.25,6.75,4,188450.0,-31.8,False
2020-12-01,Aeroport,SAO,265900,308500,1108,-5.86,4.25,6.75,5,198700.0,-25.3,False
2020-12-01,Akademichesky,YuZAO,317300,336000,1322,-3.44,4.25,6.75,3,208433.0,-34.3,False
2020-12-01,Alekseevsky,SVAO,247700,271300,1032,-8.41,4.25,6.75,3,219233.0,-11.5,False
2020-12-01,Altufyevsky,SVAO,205900,229400,858,3.88,4.25,6.75,4,117750.0,-42.8,False
2020-12-01,Arbat,CAO,522200,567500,2176,-7.64,4.25,6.75,7,442486.0,-15.3,False
2020-12-01,Babushkinsky,SVAO,223000,241800,929,4.3,4.25,6.75,3,141300.0,-36.6,False
2020-12-01,Basmanny,CAO,441100,496500,1838,3.78,4.25,6.75,9,307856.0,-30.2,False
2020-12-01,Begovoy,SAO,289600,307500,1207,1.5,4.25,6.75,7,227371.0,-21.5,False
2020-12-01,Beskudnikovsky,SAO,203700,227000,849,0.08,4.25,6.75,7,127286.0,-37.5,False
2020-12-01,Bibirevo,SVAO,216400,243100,902,1.86,4.25,6.75,5,122780.0,-43.3,False
2020-12-01,Biryulyovo Vostochnoye,YuAO,183100,196300,763,-0.89,4.25,6.75,7,93257.0,-49.1,False
2020-12-01,Biryulyovo Zapadnoye,YuAO,193900,214600,808,5.63,4.25,6.75,8,104838.0,-45.9,False
2020-12-01,Bogorodskoye,VAO,220600,237300,919,-0.84,4.25,6.75,5,134560.0,-39.0,False
2020-12-01,Brateyevo,YuAO,195600,213700,815,7.18,4.25,6.75,4,96725.0,-50.5,False
2020-12-01,Butyrsky,SVAO,249100,267300,1038,2.86,4.25,6.75,15,176260.0,-29.2,False
2020-12-01,Chertanovo Severnoye,YuAO,209400,236400,873,-2.74,4.25,6.75,6,141083.0,-32.6,False
2020-12-01,Chertanovo Tsentralnoye,YuAO,198100,217600,826,-3.28,4.25,6.75,5,122400.0,-38.2,False
2020-12-01,Chertanovo Yuzhnoye,YuAO,191200,208600,797,2.86,4.25,6.75,5,173220.0,-9.4,False
2020-12-01,Cheryomushki,YuZAO,293200,324200,1221,1.58,4.25,6.75,6,264100.0,-9.9,False
2020-12-01,Danilovsky,YuAO,274100,305600,1142,-0.89,4.25,6.75,7,181257.0,-33.9,False
2020-12-01,Desyonovskoye,NAO,155700,169100,649,-3.63,4.25,6.75,4,66850.0,-57.1,True
2020-12-01,Dmitrovsky,SAO,199700,217200,832,1.47,4.25,6.75,5,120000.0,-39.9,False
2020-12-01,Donskoy,YuAO,279500,315500,1165,-0.34,4.25,6.75,4,205600.0,-26.4,False
2020-12-01,Dorogomilovo,ZAO,443600,467800,1848,3.17,4.25,6.75,5,285140.0,-35.7,False
2020-12-01,Fili-Davydkovo,ZAO,321400,372600,1339,6.25,4.25,6.75,1,242800.0,-24.5,False
2020-12-01,Filimonkovskoye,NAO,137500,142700,573,-4.67,4.25,6.75,7,71400.0,-48.1,True
2020-12-01,Filyovsky Park,ZAO,338600,372900,1411,0.7,4.25,6.75,5,220320.0,-34.9,False
2020-12-01,Gagarinsky,YuZAO,368000,416700,1533,2.57,4.25,6.75,4,216900.0,-41.1,False
2020-12-01,Golovinsky,SAO,220900,245100,920,2.35,4.25,6.75,4,155675.0,-29.5,False
2020-12-01,Golyanovo,VAO,196600,210400,819,3.37,4.25,6.75,11,142018.0,-27.8,False
2020-12-01,Ivanovskoye,VAO,204000,235900,850,0.35,4.25,6.75,2,133850.0,-34.4,False
2020-12-01,Izmaylovo,VAO,235700,245700,982,-0.47,4.25,6.75,4,165500.0,-29.8,False
2020-12-01,Khamovniki,CAO,592600,630600,2469,4.26,4.25,6.75,5,442540.0,-25.3,False
2020-12-01,Khoroshyovo-Mnyovniki,SZAO,298500,323900,1244,1.26,4.25,6.75,6,173750.0,-41.8,False
2020-12-01,Khoroshyovsky,SAO,311200,333800,1297,8.1,4.25,6.75,4,199225.0,-36.0,False
2020-12-01,Khovrino,SAO,210200,236400,876,3.05,4.25,6.75,3,123367.0,-41.3,False
2020-12-01,Kievsky,TAO,86000,96200,358,10.7,4.25,6.75,5,44080.0,-48.7,True
2020-12-01,Klyonovskoye,TAO,84900,94400,354,1.21,4.25,6.75,4,45975.0,-45.8,True
2020-12-01,Kokoshkino,NAO,134800,153200,562,0.87,4.25,6.75,8,63838.0,-52.6,True
2020-12-01,Konkovo,YuZAO,263900,291100,1100,-3.64,4.25,6.75,6,195150.0,-26.1,False
2020-12-01,Koptevo,SAO,228700,247300,953,-1.24,4.25,6.75,4,146000.0,-36.2,False
2020-12-01,Kosino-Ukhtomsky,VAO,191200,206000,797,-0.28,4.25,6.75,4,91650.0,-52.1,False
2020-12-01,Kotlovka,YuZAO,303100,345600,1263,3.86,4.25,6.75,3,191500.0,-36.8,False
2020-12-01,Krasnopakhorskoye,TAO,97600,108000,407,3.76,4.25,6.75,10,53950.0,-44.7,True
2020-12-01,Krasnoselsky,CAO,426500,474900,1777,6.46,4.25,6.75,6,298867.0,-29.9,False
2020-12-01,Krylatskoye,SZAO,358000,388200,1492,0.69,4.25,6.75,4,177950.0,-50.3,False
2020-12-01,Kuntsevo,ZAO,311100,348200,1296,5.43,4.25,6.75,4,182775.0,-41.2,False
2020-12-01,Kurkino,SZAO,277400,293200,1156,-2.15,4.25,6.75,2,142150.0,-48.8,False
2020-12-01,Levoberezhny,SAO,219200,243400,914,-1.39,4.25,6.75,2,135100.0,-38.4,False
2020-12-01,Lianozovo,SVAO,210200,237700,876,6.55,4.25,6.75,6,117083.0,-44.3,False
2020-12-01,Lomonosovsky,YuZAO,363000,410100,1513,4.09,4.25,6.75,5,245180.0,-32.5,False
2020-12-01,Losinoostrovsky,SVAO,214700,236600,895,2.89,4.25,6.75,4,130175.0,-39.4,False
2020-12-01,Marfino,SVAO,214700,243800,894,0.77,4.25,6.75,4,127925.0,-40.4,False
2020-12-01,Marushkinskoye,NAO,124600,138200,519,-5.31,4.25,6.75,3,58100.0,-53.4,True
2020-12-01,Maryina Roshcha,SVAO,268400,297800,1118,3.79,4.25,6.75,3,172733.0,-35.6,False
2020-12-01,Meshchansky,CAO,429200,491100,1788,-0.14,4.25,6.75,5,376500.0,-12.3,False
2020-12-01,Metrogorodok,VAO,205900,225500,858,12.26,4.25,6.75,7,130543.0,-36.6,False
2020-12-01,Mikhaylovo-Yartsevskoye,TAO,84600,94000,353,-3.28,4.25,6.75,5,47740.0,-43.6,True
2020-12-01,Mitino,SZAO,245400,274400,1022,1.57,4.25,6.75,5,164360.0,-33.0,False
2020-12-01,Molzhaninovsky,SAO,174100,198400,726,-0.8,4.25,6.75,6,97083.0,-44.2,False
2020-12-01,Moskovsky,NAO,171600,185900,715,3.04,4.25,6.75,5,96660.0,-43.7,True
2020-12-01,Moskvorechye-Saburovo,YuAO,212500,242700,885,0.26,4.25,6.75,6,131750.0,-38.0,False
2020-12-01,Mosrentgen,NAO,172800,190000,720,3.95,4.25,6.75,5,142340.0,-17.6,True
2020-12-01,Mozhaysky,ZAO,273700,305100,1140,-2.39,4.25,6.75,5,167520.0,-38.8,False
2020-12-01,Nagatino-Sadovniki,YuAO,232800,259700,970,0.18,4.25,6.75,8,181988.0,-21.8,False
2020-12-01,Nagatinsky Zaton,YuAO,257800,289500,1074,7.66,4.25,6.75,2,133750.0,-48.1,False
2020-12-01,Nagorny,YuAO,243400,275800,1014,-0.77,4.25,6.75,2,207500.0,-14.7,False
2020-12-01,Novo-Peredelkino,ZAO,226400,259600,943,0.67,4.25,6.75,4,126925.0,-43.9,False
2020-12-01,Novofyodorovskoye,TAO,86600,92400,361,5.49,4.25,6.75,7,45114.0,-47.9,True
2020-12-01,Novogireyevo,VAO,226900,252800,946,3.46,4.25,6.75,3,178267.0,-21.4,False
2020-12-01,Novokosino,VAO,200000,214900,833,0.14,4.25,6.75,4,116075.0,-42.0,False
2020-12-01,Obruchevsky,YuZAO,305500,324700,1273,0.36,4.25,6.75,1,230400.0,-24.6,False
2020-12-01,Ochakovo-Matveyevskoye,ZAO,289500,323600,1206,7.94,4.25,6.75,4,161700.0,-44.1,False
2020-12-01,Orekhovo-Borisovo Severnoye,YuAO,199700,220800,832,6.22,4.25,6.75,6,103283.0,-48.3,False
2020-12-01,Orekhovo-Borisovo Yuzhnoye,YuAO,193800,212900,808,3.12,4.25,6.75,3,105467.0,-45.6,False
2020-12-01,Ostankinsky,SVAO,270600,290700,1127,3.22,4.25,6.75,6,190833.0,-29.5,False
2020-12-01,Otradnoye,SVAO,222100,249200,926,3.86,4.25,6.75,1,118800.0,-46.5,False
2020-12-01,Perovo,VAO,213300,234900,889,1.39,4.25,6.75,7,196271.0,-8.0,False
2020-12-01,Pervomayskoye,TAO,95900,100700,400,7.92,4.25,6.75,3,37033.0,-61.4,True
2020-12-01,Pokrovskoye-Streshnevo,SZAO,266200,290200,1109,5.26,4.25,6.75,6,157533.0,-40.8,False
2020-12-01,Preobrazhenskoye,VAO,240700,263100,1003,1.12,4.25,6.75,6,198383.0,-17.6,False
2020-12-01,Presnensky,CAO,495700,541000,2065,-2.58,4.25,6.75,6,476267.0,-3.9,False
2020-12-01,Prospekt Vernadskogo,ZAO,365200,400000,1522,1.81,4.25,6.75,5,237140.0,-35.1,False
2020-12-01,Ramenki,ZAO,364600,394000,1519,-3.69,4.25,6.75,2,182850.0,-49.8,False
2020-12-01,Rogovskoye,TAO,80500,88400,336,-2.23,4.25,6.75,5,42440.0,-47.3,True
2020-12-01,Rostokino,SVAO,227200,250400,947,0.7,4.25,6.75,5,136500.0,-39.9,False
2020-12-01,Ryazanovskoye,NAO,127200,145400,530,-4.97,4.25,6.75,4,82500.0,-35.1,True
2020-12-01,Savyolovsky,SAO,282800,304400,1178,-4.51,4.25,6.75,3,169500.0,-40.1,False
2020-12-01,Severnoye Butovo,YuZAO,243000,272300,1013,0.55,4.25,6.75,10,144860.0,-40.4,False
2020-12-01,Severnoye Izmaylovo,VAO,216000,243100,900,-2.13,4.25,6.75,9,149933.0,-30.6,False
2020-12-01,Severnoye Medvedkovo,SVAO,215000,222200,896,0.57,4.25,6.75,7,136171.0,-36.7,False
2020-12-01,Severnoye Tushino,SZAO,251000,286200,1046,3.72,4.25,6.75,4,129575.0,-48.4,False
2020-12-01,Severny,SVAO,189300,212200,789,3.8,4.25,6.75,3,98867.0,-47.8,False
2020-12-01,Shchapovskoye,TAO,88200,95500,367,3.71,4.25,6.75,7,47886.0,-45.7,True
2020-12-01,Shcherbinka,NAO,158100,172900,659,2.05,4.25,6.75,5,76980.0,-51.3,True
2020-12-01,Shchukino,SZAO,303500,337200,1265,0.42,4.25,6.75,9,236311.0,-22.1,False
2020-12-01,Sokol,SAO,291500,320200,1215,-0.59,4.25,6.75,5,230720.0,-20.9,False
2020-12-01,Sokolinaya Gora,VAO,216600,251300,902,-1.05,4.25,6.75,5,184280.0,-14.9,False
2020-12-01,Sokolniki,VAO,267000,288300,1112,7.09,4.25,6.75,2,181850.0,-31.9,False
2020-12-01,Solntsevo,ZAO,233400,259200,973,-4.67,4.25,6.75,1,121100.0,-48.1,False
2020-12-01,Sosenskoye,NAO,177400,211900,739,13.17,4.25,6.75,7,86286.0,-51.4,True
2020-12-01,Strogino,SZAO,311000,335300,1296,0.19,4.25,6.75,4,208075.0,-33.1,False
2020-12-01,Sviblovo,SVAO,222900,252000,929,4.6,4.25,6.75,3,178933.0,-19.7,False
2020-12-01,Tagansky,CAO,421000,467600,1754,0.94,4.25,6.75,8,300138.0,-28.7,False
2020-12-01,Timiryazevsky,SAO,256600,284600,1069,3.8,4.25,6.75,4,158175.0,-38.4,False
2020-12-01,Troitsk,TAO,120200,132400,501,6.65,4.25,6.75,3,58167.0,-51.6,True
2020-12-01,Troparyovo-Nikulino,ZAO,325900,352400,1358,2.04,4.25,6.75,4,227750.0,-30.1,False
2020-12-01,Tsaritsyno,YuAO,208700,230300,870,3.77,4.25,6.75,5,111960.0,-46.4,False
2020-12-01,Tverskoy,CAO,556400,609900,2319,9.44,4.25,6.75,7,451843.0,-18.8,False
2020-12-01,Tyoply Stan,YuZAO,242600,265900,1011,-4.52,4.25,6.75,5,203700.0,-16.0,False
2020-12-01,Veshnyaki,VAO,200800,221800,837,1.62,4.25,6.75,9,109589.0,-45.4,False
2020-12-01,Vnukovo,ZAO,225100,248300,938,4.54,4.25,6.75,3,99033.0,-56.0,False
2020-12-01,Vnukovskoye,NAO,166200,175300,693,-2.59,4.25,6.75,8,85000.0,-48.9,True
2020-12-01,Voronovskoye,TAO,86400,96100,360,-0.87,4.25,6.75,1,36200.0,-58.1,True
2020-12-01,Voskresenskoye,NAO,155600,169500,648,1.94,4.25,6.75,6,79717.0,-48.8,True
2020-12-01,Vostochnoye Izmaylovo,VAO,199800,214400,833,-8.32,4.25,6.75,4,141400.0,-29.2,False
2020-12-01,Vostochny,VAO,185000,205900,771,5.28,4.25,6.75,4,110475.0,-40.3,False
2020-12-01,Voykovsky,SAO,244000,265000,1017,2.85,4.25,6.75,7,163857.0,-32.8,False
2020-12-01,Yakimanka,CAO,547000,588100,2279,5.4,4.25,6.75,4,431025.0,-21.2,False
2020-12-01,Yaroslavsky,SVAO,207300,227700,864,0.86,4.25,6.75,8,119063.0,-42.6,False
2020-12-01,Yasenevo,YuZAO,270800,295600,1128,2.55,4.25,6.75,6,225933.0,-16.6,False
2020-12-01,Yuzhnoye Butovo,YuZAO,224700,241300,936,1.44,4.25,6.75,3,138533.0,-38.3,False
2020-12-01,Yuzhnoye Medvedkovo,SVAO,212200,236100,884,-1.1,4.25,6.75,2,128950.0,-39.2,False
2020-12-01,Yuzhnoye Tushino,SZAO,267900,299800,1116,2.55,4.25,6.75,7,131729.0,-50.8,False
2020-12-01,Zamoskvorechye,CAO,485000,542400,2021,4.22,4.25,6.75,2,378350.0,-22.0,False
2020-12-01,Zapadnoye Degunino,SAO,200100,214200,834,0.38,4.25,6.75,5,116700.0,-41.7,False
2020-12-01,Zelenograd,ZelAO,144900,158500,604,0.23,4.25,6.75,1,76600.0,-47.1,True
2020-12-01,Zyablikovo,YuAO,196100,211100,817,7.58,4.25,6.75,6,119800.0,-38.9,False
2020-12-01,Zyuzino,YuZAO,294200,309100,1226,6.46,4.25,6.75,4,169225.0,-42.5,False
2021-01-01,Aeroport,SAO,295200,348700,1230,11.02,4.25,6.75,8,198513.0,-32.8,False
2021-01-01,Akademichesky,YuZAO,326600,350600,1361,2.94,4.25,6.75,3,218067.0,-33.2,False
2021-01-01,Alekseevsky,SVAO,279100,302900,1163,12.67,4.25,6.75,4,166925.0,-40.2,False
2021-01-01,Altufyevsky,SVAO,208200,238600,868,1.13,4.25,6.75,8,129450.0,-37.8,False
2021-01-01,Arbat,CAO,579900,630400,2416,11.06,4.25,6.75,2,481200.0,-17.0,False
2021-01-01,Babushkinsky,SVAO,229700,247700,957,3.02,4.25,6.75,6,137050.0,-40.3,False
2021-01-01,Basmanny,CAO,443000,479800,1846,0.44,4.25,6.75,8,338875.0,-23.5,False
2021-01-01,Begovoy,SAO,306600,337400,1277,5.86,4.25,6.75,5,226980.0,-26.0,False
2021-01-01,Beskudnikovsky,SAO,200400,220200,835,-1.67,4.25,6.75,8,131875.0,-34.2,False
2021-01-01,Bibirevo,SVAO,203100,218400,846,-6.12,4.25,6.75,3,117333.0,-42.2,False
2021-01-01,Biryulyovo Vostochnoye,YuAO,190500,229600,794,4.05,4.25,6.75,5,101960.0,-46.5,False
2021-01-01,Biryulyovo Zapadnoye,YuAO,184600,199500,769,-4.79,4.25,6.75,3,122067.0,-33.9,False
2021-01-01,Bogorodskoye,VAO,225300,246000,939,2.14,4.25,6.75,9,140489.0,-37.6,False
2021-01-01,Brateyevo,YuAO,196300,212700,818,0.33,4.25,6.75,6,106200.0,-45.9,False
2021-01-01,Butyrsky,SVAO,254600,279900,1061,2.22,4.25,6.75,5,167740.0,-34.1,False
2021-01-01,Chertanovo Severnoye,YuAO,209600,231000,873,0.05,4.25,6.75,9,163389.0,-22.0,False
2021-01-01,Chertanovo Tsentralnoye,YuAO,206000,224500,858,3.99,4.25,6.75,6,135283.0,-34.3,False
2021-01-01,Chertanovo Yuzhnoye,YuAO,189800,206900,791,-0.71,4.25,6.75,8,161038.0,-15.2,False
2021-01-01,Cheryomushki,YuZAO,307600,345300,1282,4.94,4.25,6.75,4,262400.0,-14.7,False
2021-01-01,Danilovsky,YuAO,276300,296700,1151,0.8,4.25,6.75,5,171800.0,-37.8,False
2021-01-01,Desyonovskoye,NAO,153700,174400,641,-1.27,4.25,6.75,4,86700.0,-43.6,True
2021-01-01,Dmitrovsky,SAO,202700,232600,845,1.53,4.25,6.75,5,136260.0,-32.8,False
2021-01-01,Donskoy,YuAO,288600,318900,1203,3.26,4.25,6.75,6,198567.0,-31.2,False
2021-01-01,Dorogomilovo,ZAO,426400,480600,1777,-3.88,4.25,6.75,5,352480.0,-17.3,False
2021-01-01,Fili-Davydkovo,ZAO,325400,371000,1356,1.23,4.25,6.75,3,237033.0,-27.2,False
2021-01-01,Filimonkovskoye,NAO,141200,155200,588,2.65,4.25,6.75,5,78720.0,-44.2,True
2021-01-01,Filyovsky Park,ZAO,342500,380100,1427,1.16,4.25,6.75,3,218500.0,-36.2,False
2021-01-01,Gagarinsky,YuZAO,389600,449500,1623,5.86,4.25,6.75,6,284400.0,-27.0,False
2021-01-01,Golovinsky,SAO,228100,250400,950,3.25,4.25,6.75,5,142140.0,-37.7,False
2021-01-01,Golyanovo,VAO,204000,225100,850,3.76,4.25,6.75,3,142067.0,-30.4,False
2021-01-01,Ivanovskoye,VAO,197600,208600,823,-3.14,4.25,6.75,7,115629.0,-41.5,False
2021-01-01,Izmaylovo,VAO,236900,257400,987,0.52,4.25,6.75,1,195400.0,-17.5,False
2021-01-01,Khamovniki,CAO,582100,657100,2426,-1.77,4.25,6.75,5,458760.0,-21.2,False
2021-01-01,Khoroshyovo-Mnyovniki,SZAO,309700,330000,1291,3.78,4.25,6.75,4,215875.0,-30.3,False
2021-01-01,Khoroshyovsky,SAO,310200,323500,1292,-0.33,4.25,6.75,5,266740.0,-14.0,False
2021-01-01,Khovrino,SAO,206900,225100,862,-1.57,4.25,6.75,7,119000.0,-42.5,False
2021-01-01,Kievsky,TAO,84700,94200,353,-1.49,4.25,6.75,6,42767.0,-49.5,True
2021-01-01,Klyonovskoye,TAO,80800,91300,337,-4.8,4.25,6.75,11,45336.0,-43.9,True
2021-01-01,Kokoshkino,NAO,133300,152000,555,-1.08,4.25,6.75,5,77980.0,-41.5,True
2021-01-01,Konkovo,YuZAO,285200,312900,1188,8.09,4.25,6.75,5,188420.0,-33.9,False
2021-01-01,Koptevo,SAO,237800,268000,991,3.99,4.25,6.75,8,144238.0,-39.3,False
2021-01-01,Kosino-Ukhtomsky,VAO,193700,213000,807,1.33,4.25,6.75,3,125367.0,-35.3,False
2021-01-01,Kotlovka,YuZAO,299500,342000,1248,-1.17,4.25,6.75,7,217871.0,-27.3,False
2021-01-01,Krasnopakhorskoye,TAO,95700,109300,399,-1.97,4.25,6.75,5,60000.0,-37.3,True
2021-01-01,Krasnoselsky,CAO,423300,467400,1764,-0.75,4.25,6.75,3,377700.0,-10.8,False
2021-01-01,Krylatskoye,SZAO,348900,406000,1454,-2.55,4.25,6.75,6,242250.0,-30.6,False
2021-01-01,Kuntsevo,ZAO,319800,344700,1332,2.78,4.25,6.75,3,177200.0,-44.6,False
2021-01-01,Kurkino,SZAO,301900,332900,1258,8.84,4.25,6.75,5,160240.0,-46.9,False
2021-01-01,Levoberezhny,SAO,220300,248400,918,0.48,4.25,6.75,5,169840.0,-22.9,False
2021-01-01,Lianozovo,SVAO,201000,224600,837,-4.36,4.25,6.75,2,100650.0,-49.9,False
2021-01-01,Lomonosovsky,YuZAO,362400,395200,1510,-0.17,4.25,6.75,2,324100.0,-10.6,False
2021-01-01,Losinoostrovsky,SVAO,229200,259800,955,6.73,4.25,6.75,10,124440.0,-45.7,False
2021-01-01,Marfino,SVAO,218100,233200,909,1.6,4.25,6.75,5,134520.0,-38.3,False
2021-01-01,Marushkinskoye,NAO,133800,141000,557,7.38,4.25,6.75,4,66600.0,-50.2,True
2021-01-01,Maryina Roshcha,SVAO,264500,295100,1102,-1.46,4.25,6.75,9,188789.0,-28.6,False
2021-01-01,Meshchansky,CAO,446500,492300,1861,4.03,4.25,6.75,2,395000.0,-11.5,False
2021-01-01,Metrogorodok,VAO,199600,223700,832,-3.06,4.25,6.75,5,135480.0,-32.1,False
2021-01-01,Mikhaylovo-Yartsevskoye,TAO,91400,94100,381,7.97,4.25,6.75,3,44167.0,-51.7,True
2021-01-01,Mitino,SZAO,249800,276900,1041,1.79,4.25,6.75,7,138571.0,-44.5,False
2021-01-01,Molzhaninovsky,SAO,189200,205800,788,8.67,4.25,6.75,6,105283.0,-44.4,False
2021-01-01,Moskovsky,NAO,178400,192000,743,3.97,4.25,6.75,10,96250.0,-46.0,True
2021-01-01,Moskvorechye-Saburovo,YuAO,212700,238500,886,0.1,4.25,6.75,2,110700.0,-48.0,False
2021-01-01,Mosrentgen,NAO,167900,187700,700,-2.83,4.25,6.75,7,147257.0,-12.3,True
2021-01-01,Mozhaysky,ZAO,276300,304100,1151,0.94,4.25,6.75,6,175217.0,-36.6,False
2021-01-01,Nagatino-Sadovniki,YuAO,245300,251400,1022,5.34,4.25,6.75,4,140750.0,-42.6,False
2021-01-01,Nagatinsky Zaton,YuAO,258800,290100,1078,0.36,4.25,6.75,4,174075.0,-32.7,False
2021-01-01,Nagorny,YuAO,246300,268200,1026,1.18,4.25,6.75,4,153975.0,-37.5,False
2021-01-01,Novo-Peredelkino,ZAO,230400,255000,960,1.77,4.25,6.75,4,140125.0,-39.2,False
2021-01-01,Novofyodorovskoye,TAO,86400,92800,360,-0.24,4.25,6.75,3,46333.0,-46.4,True
2021-01-01,Novogireyevo,VAO,220300,240800,918,-2.93,4.25,6.75,4,140250.0,-36.3,False
2021-01-01,Novokosino,VAO,208300,217600,868,4.19,4.25,6.75,5,134680.0,-35.3,False
2021-01-01,Obruchevsky,YuZAO,290600,341200,1211,-4.89,4.25,6.75,8,164638.0,-43.3,False
2021-01-01,Ochakovo-Matveyevskoye,ZAO,276500,301600,1152,-4.51,4.25,6.75,4,210350.0,-23.9,False
2021-01-01,Orekhovo-Borisovo Severnoye,YuAO,197600,227300,823,-1.06,4.25,6.75,4,130625.0,-33.9,False
2021-01-01,Orekhovo-Borisovo Yuzhnoye,YuAO,191700,215500,799,-1.09,4.25,6.75,6,108017.0,-43.7,False
2021-01-01,Ostankinsky,SVAO,269700,303200,1124,-0.33,4.25,6.75,7,166543.0,-38.2,False
2021-01-01,Otradnoye,SVAO,217600,235600,907,-2.03,4.25,6.75,6,138617.0,-36.3,False
2021-01-01,Perovo,VAO,230500,251700,961,8.05,4.25,6.75,3,167900.0,-27.2,False
2021-01-01,Pervomayskoye,TAO,93600,101900,390,-2.36,4.25,6.75,7,46800.0,-50.0,True
2021-01-01,Pokrovskoye-Streshnevo,SZAO,274800,302000,1145,3.22,4.25,6.75,5,170260.0,-38.0,False
2021-01-01,Preobrazhenskoye,VAO,233300,261100,972,-3.06,4.25,6.75,7,192943.0,-17.3,False
2021-01-01,Presnensky,CAO,526600,568100,2194,6.23,4.25,6.75,5,395720.0,-24.9,False
2021-01-01,Prospekt Vernadskogo,ZAO,364100,406400,1517,-0.32,4.25,6.75,8,233688.0,-35.8,False
2021-01-01,Ramenki,ZAO,370800,396600,1545,1.71,4.25,6.75,4,233325.0,-37.1,False
2021-01-01,Rogovskoye,TAO,89100,93500,371,10.59,4.25,6.75,8,42088.0,-52.8,True
2021-01-01,Rostokino,SVAO,215300,232800,897,-5.21,4.25,6.75,6,153400.0,-28.8,False
2021-01-01,Ryazanovskoye,NAO,135600,150000,565,6.62,4.25,6.75,5,80820.0,-40.4,True
2021-01-01,Savyolovsky,SAO,294200,332700,1226,4.02,4.25,6.75,9,185533.0,-36.9,False
2021-01-01,Severnoye Butovo,YuZAO,250800,277300,1045,3.18,4.25,6.75,5,148860.0,-40.6,False
2021-01-01,Severnoye Izmaylovo,VAO,219000,248400,913,1.42,4.25,6.75,6,177017.0,-19.2,False
2021-01-01,Severnoye Medvedkovo,SVAO,214200,234500,893,-0.36,4.25,6.75,8,122063.0,-43.0,False
2021-01-01,Severnoye Tushino,SZAO,239800,268400,999,-4.46,4.25,6.75,8,160175.0,-33.2,False
2021-01-01,Severny,SVAO,187100,214900,780,-1.12,4.25,6.75,3,119767.0,-36.0,False
2021-01-01,Shchapovskoye,TAO,89000,99000,371,0.93,4.25,6.75,3,49800.0,-44.0,True
2021-01-01,Shcherbinka,NAO,164500,187500,686,4.06,4.25,6.75,4,79125.0,-51.9,True
2021-01-01,Shchukino,SZAO,317400,351600,1323,4.59,4.25,6.75,7,228729.0,-27.9,False
2021-01-01,Sokol,SAO,295100,318000,1230,1.23,4.25,6.75,5,250260.0,-15.2,False
2021-01-01,Sokolinaya Gora,VAO,224300,247700,935,3.56,4.25,6.75,9,146011.0,-34.9,False
2021-01-01,Sokolniki,VAO,259800,279900,1082,-2.71,4.25,6.75,5,205280.0,-21.0,False
2021-01-01,Solntsevo,ZAO,242100,268600,1009,3.73,4.25,6.75,4,140475.0,-42.0,False
2021-01-01,Sosenskoye,NAO,170800,186100,712,-3.74,4.25,6.75,5,76580.0,-55.2,True
2021-01-01,Strogino,SZAO,316100,364300,1317,1.61,4.25,6.75,6,293150.0,-7.3,False
2021-01-01,Sviblovo,SVAO,222800,237700,928,-0.03,4.25,6.75,5,135920.0,-39.0,False
2021-01-01,Tagansky,CAO,418200,466800,1743,-0.66,4.25,6.75,7,306586.0,-26.7,False
2021-01-01,Timiryazevsky,SAO,249000,270800,1038,-2.94,4.25,6.75,7,171471.0,-31.1,False
2021-01-01,Troitsk,TAO,115200,127300,480,-4.15,4.25,6.75,4,67025.0,-41.8,True
2021-01-01,Troparyovo-Nikulino,ZAO,333500,358700,1389,2.31,4.25,6.75,7,215986.0,-35.2,False
2021-01-01,Tsaritsyno,YuAO,215500,229400,898,3.26,4.25,6.75,3,120633.0,-44.0,False
2021-01-01,Tverskoy,CAO,522300,578000,2176,-6.14,4.25,6.75,7,456114.0,-12.7,False
2021-01-01,Tyoply Stan,YuZAO,261800,300200,1091,7.91,4.25,6.75,3,167867.0,-35.9,False
2021-01-01,Veshnyaki,VAO,197300,214600,822,-1.76,4.25,6.75,6,110917.0,-43.8,False
2021-01-01,Vnukovo,ZAO,216300,238600,901,-3.94,4.25,6.75,7,112271.0,-48.1,False
2021-01-01,Vnukovskoye,NAO,171300,196400,714,3.06,4.25,6.75,11,94936.0,-44.6,True
2021-01-01,Voronovskoye,TAO,89000,100000,371,2.96,4.25,6.75,4,48275.0,-45.8,True
2021-01-01,Voskresenskoye,NAO,157100,170400,655,0.97,4.25,6.75,7,81429.0,-48.2,True
2021-01-01,Vostochnoye Izmaylovo,VAO,216400,232900,902,8.28,4.25,6.75,8,139075.0,-35.7,False
2021-01-01,Vostochny,VAO,191300,208200,797,3.38,4.25,6.75,2,120900.0,-36.8,False
2021-01-01,Voykovsky,SAO,245400,269700,1022,0.58,4.25,6.75,5,177800.0,-27.5,False
2021-01-01,Yakimanka,CAO,541000,603300,2254,-1.08,4.25,6.75,8,385125.0,-28.8,False
2021-01-01,Yaroslavsky,SVAO,207400,228400,864,0.05,4.25,6.75,1,103700.0,-50.0,False
2021-01-01,Yasenevo,YuZAO,270600,298500,1128,-0.08,4.25,6.75,3,189567.0,-29.9,False
2021-01-01,Yuzhnoye Butovo,YuZAO,232300,255700,968,3.39,4.25,6.75,5,125960.0,-45.8,False
2021-01-01,Yuzhnoye Medvedkovo,SVAO,208700,230500,870,-1.64,4.25,6.75,6,119533.0,-42.7,False
2021-01-01,Yuzhnoye Tushino,SZAO,268200,302000,1117,0.11,4.25,6.75,4,136800.0,-49.0,False
2021-01-01,Zamoskvorechye,CAO,469500,512700,1956,-3.21,4.25,6.75,7,308943.0,-34.2,False
2021-01-01,Zapadnoye Degunino,SAO,221000,253900,921,10.4,4.25,6.75,3,141200.0,-36.1,False
2021-01-01,Zelenograd,ZelAO,140900,150800,587,-2.77,4.25,6.75,2,71800.0,-49.0,True
2021-01-01,Zyablikovo,YuAO,190300,213000,793,-2.96,4.25,6.75,5,109880.0,-42.3,False
2021-01-01,Zyuzino,YuZAO,294000,315300,1225,-0.07,4.25,6.75,1,226900.0,-22.8,False
2021-02-01,Aeroport,SAO,288200,313600,1201,-2.38,4.25,6.75,2,163100.0,-43.4,False
2021-02-01,Akademichesky,YuZAO,322100,357300,1342,-1.36,4.25,6.75,4,225450.0,-30.0,False
2021-02-01,Alekseevsky,SVAO,274500,299500,1144,-1.66,4.25,6.75,3,215700.0,-21.4,False
2021-02-01,Altufyevsky,SVAO,207100,221900,863,-0.52,4.25,6.75,7,128229.0,-38.1,False
2021-02-01,Arbat,CAO,584900,637100,2437,0.87,4.25,6.75,7,419057.0,-28.4,False
2021-02-01,Babushkinsky,SVAO,225400,229600,939,-1.87,4.25,6.75,10,128880.0,-42.8,False
2021-02-01,Basmanny,CAO,433900,484800,1808,-2.05,4.25,6.75,3,285633.0,-34.2,False
2021-02-01,Begovoy,SAO,297900,327000,1241,-2.83,4.25,6.75,3,213133.0,-28.5,False
2021-02-01,Beskudnikovsky,SAO,216000,240200,900,7.81,4.25,6.75,1,92700.0,-57.1,False
2021-02-01,Bibirevo,SVAO,209300,225400,872,3.04,4.25,6.75,7,109086.0,-47.9,False
2021-02-01,Biryulyovo Vostochnoye,YuAO,185200,196900,772,-2.78,4.25,6.75,2,88150.0,-52.4,False
2021-02-01,Biryulyovo Zapadnoye,YuAO,185400,205200,773,0.42,4.25,6.75,3,136333.0,-26.5,False
2021-02-01,Bogorodskoye,VAO,221000,247000,921,-1.91,4.25,6.75,3,159667.0,-27.8,False
2021-02-01,Brateyevo,YuAO,192300,207700,801,-2.02,4.25,6.75,3,107733.0,-44.0,False
2021-02-01,Butyrsky,SVAO,254100,280800,1059,-0.21,4.25,6.75,3,171300.0,-32.6,False
2021-02-01,Chertanovo Severnoye,YuAO,214200,242100,892,2.2,4.25,6.75,3,150167.0,-29.9,False
2021-02-01,Chertanovo Tsentralnoye,YuAO,223200,251000,930,8.33,4.25,6.75,4,123950.0,-44.5,False
2021-02-01,Chertanovo Yuzhnoye,YuAO,202500,215300,844,6.7,4.25,6.75,3,202133.0,-0.2,False
2021-02-01,Cheryomushki,YuZAO,317500,348100,1323,3.22,4.25,6.75,1,225700.0,-28.9,False
2021-02-01,Danilovsky,YuAO,290500,305800,1210,5.12,4.25,6.75,2,254200.0,-12.5,False
2021-02-01,Desyonovskoye,NAO,167200,182200,697,8.79,4.25,6.75,5,85720.0,-48.7,True
2021-02-01,Dmitrovsky,SAO,210400,224000,877,3.79,4.25,6.75,1,127000.0,-39.6,False
2021-02-01,Donskoy,YuAO,298500,330100,1244,3.44,4.25,6.75,5,233160.0,-21.9,False
2021-02-01,Dorogomilovo,ZAO,438800,484700,1828,2.93,4.25,6.75,10,281400.0,-35.9,False
2021-02-01,Fili-Davydkovo,ZAO,336600,369300,1403,3.46,4.25,6.75,1,209400.0,-37.8,False
2021-02-01,Filimonkovskoye,NAO,140100,153500,584,-0.78,4.25,6.75,5,81040.0,-42.2,True
2021-02-01,Filyovsky Park,ZAO,356900,391600,1487,4.2,4.25,6.75,8,251125.0,-29.6,False
2021-02-01,Gagarinsky,YuZAO,380100,435200,1584,-2.43,4.25,6.75,0,,,False
2021-02-01,Golovinsky,SAO,221800,235900,924,-2.75,4.25,6.75,8,149275.0,-32.7,False
2021-02-01,Golyanovo,VAO,207500,225100,865,1.75,4.25,6.75,5,117140.0,-43.5,False
2021-02-01,Ivanovskoye,VAO,210300,246900,876,6.47,4.25,6.75,5,128060.0,-39.1,False
2021-02-01,Izmaylovo,VAO,244300,271900,1018,3.14,4.25,6.75,4,151975.0,-37.8,False
2021-02-01,Khamovniki,CAO,628900,671900,2620,8.04,4.25,6.75,2,557400.0,-11.4,False
2021-02-01,Khoroshyovo-Mnyovniki,SZAO,313600,351100,1307,1.25,4.25,6.75,3,202533.0,-35.4,False
2021-02-01,Khoroshyovsky,SAO,316900,357600,1321,2.19,4.25,6.75,4,253850.0,-19.9,False
2021-02-01,Khovrino,SAO,219600,241700,915,6.14,4.25,6.75,3,119033.0,-45.8,False
2021-02-01,Kievsky,TAO,86600,99800,361,2.21,4.25,6.75,2,31600.0,-63.5,True
2021-02-01,Klyonovskoye,TAO,88300,100200,368,9.24,4.25,6.75,4,43900.0,-50.3,True
2021-02-01,Kokoshkino,NAO,142300,155700,593,6.75,4.25,6.75,3,91033.0,-36.0,True
2021-02-01,Konkovo,YuZAO,291900,323100,1216,2.32,4.25,6.75,4,191925.0,-34.2,False
2021-02-01,Koptevo,SAO,239900,268900,1000,0.89,4.25,6.75,5,143600.0,-40.1,False
2021-02-01,Kosino-Ukhtomsky,VAO,190800,200700,795,-1.53,4.25,6.75,6,110667.0,-42.0,False
2021-02-01,Kotlovka,YuZAO,299200,332600,1247,-0.1,4.25,6.75,5,204220.0,-31.7,False
2021-02-01,Krasnopakhorskoye,TAO,97800,102300,408,2.27,4.25,6.75,2,51900.0,-46.9,True
2021-02-01,Krasnoselsky,CAO,422100,457000,1759,-0.29,4.25,6.75,6,299183.0,-29.1,False
2021-02-01,Krylatskoye,SZAO,376600,419200,1569,7.94,4.25,6.75,1,309500.0,-17.8,False
2021-02-01,Kuntsevo,ZAO,321800,346000,1341,0.64,4.25,6.75,5,190020.0,-41.0,False
2021-02-01,Kurkino,SZAO,291800,333600,1216,-3.33,4.25,6.75,5,165620.0,-43.2,False
2021-02-01,Levoberezhny,SAO,229300,255300,956,4.1,4.25,6.75,6,140883.0,-38.6,False
2021-02-01,Lianozovo,SVAO,215400,238500,897,7.16,4.25,6.75,5,108620.0,-49.6,False
2021-02-01,Lomonosovsky,YuZAO,387200,432400,1614,6.85,4.25,6.75,5,284120.0,-26.6,False
2021-02-01,Losinoostrovsky,SVAO,215700,244500,899,-5.89,4.25,6.75,5,125280.0,-41.9,False
2021-02-01,Marfino,SVAO,223400,233800,931,2.45,4.25,6.75,3,130633.0,-41.5,False
2021-02-01,Marushkinskoye,NAO,137200,150600,572,2.59,4.25,6.75,6,62883.0,-54.2,True
2021-02-01,Maryina Roshcha,SVAO,264200,289300,1101,-0.13,4.25,6.75,2,263000.0,-0.5,False
2021-02-01,Meshchansky,CAO,437700,486800,1824,-1.97,4.25,6.75,4,329100.0,-24.8,False
2021-02-01,Metrogorodok,VAO,201700,226100,840,1.02,4.25,6.75,3,124467.0,-38.3,False
2021-02-01,Mikhaylovo-Yartsevskoye,TAO,89900,98100,375,-1.61,4.25,6.75,6,46550.0,-48.2,True
2021-02-01,Mitino,SZAO,239600,270900,998,-4.08,4.25,6.75,5,170340.0,-28.9,False
2021-02-01,Molzhaninovsky,SAO,180800,195300,753,-4.46,4.25,6.75,6,94067.0,-48.0,False
2021-02-01,Moskovsky,NAO,175000,188000,729,-1.95,4.25,6.75,4,83475.0,-52.3,True
2021-02-01,Moskvorechye-Saburovo,YuAO,209000,241700,871,-1.75,4.25,6.75,8,142225.0,-31.9,False
2021-02-01,Mosrentgen,NAO,184700,198800,769,9.97,4.25,6.75,1,108300.0,-41.4,True
2021-02-01,Mozhaysky,ZAO,304100,329400,1267,10.08,4.25,6.75,7,178200.0,-41.4,False
2021-02-01,Nagatino-Sadovniki,YuAO,238900,264400,996,-2.58,4.25,6.75,2,161400.0,-32.4,False
2021-02-01,Nagatinsky Zaton,YuAO,250300,274000,1043,-3.27,4.25,6.75,6,188100.0,-24.9,False
2021-02-01,Nagorny,YuAO,259800,278900,1082,5.46,4.25,6.75,2,154600.0,-40.5,False
2021-02-01,Novo-Peredelkino,ZAO,240000,258800,1000,4.16,4.25,6.75,7,123800.0,-48.4,False
2021-02-01,Novofyodorovskoye,TAO,88400,96100,368,2.31,4.25,6.75,4,47600.0,-46.2,True
2021-02-01,Novogireyevo,VAO,239800,265900,999,8.87,4.25,6.75,3,159733.0,-33.4,False
2021-02-01,Novokosino,VAO,201800,220200,841,-3.15,4.25,6.75,5,115800.0,-42.6,False
2021-02-01,Obruchevsky,YuZAO,306300,343300,1276,5.42,4.25,6.75,3,209867.0,-31.5,False
2021-02-01,Ochakovo-Matveyevskoye,ZAO,297600,338500,1240,7.62,4.25,6.75,8,194350.0,-34.7,False
2021-02-01,Orekhovo-Borisovo Severnoye,YuAO,194000,212300,808,-1.84,4.25,6.75,4,109000.0,-43.8,False
2021-02-01,Orekhovo-Borisovo Yuzhnoye,YuAO,203600,221200,848,6.2,4.25,6.75,9,112844.0,-44.6,False
2021-02-01,Ostankinsky,SVAO,281400,307600,1173,4.35,4.25,6.75,4,175000.0,-37.8,False
2021-02-01,Otradnoye,SVAO,234100,264200,976,7.57,4.25,6.75,6,118433.0,-49.4,False
2021-02-01,Perovo,VAO,220000,247000,917,-4.55,4.25,6.75,4,200900.0,-8.7,False
2021-02-01,Pervomayskoye,TAO,97400,108400,406,4.04,4.25,6.75,8,51538.0,-47.1,True
2021-02-01,Pokrovskoye-Streshnevo,SZAO,281400,299900,1173,2.41,4.25,6.75,7,180986.0,-35.7,False
2021-02-01,Preobrazhenskoye,VAO,233400,246500,972,0.04,4.25,6.75,3,164900.0,-29.3,False
2021-02-01,Presnensky,CAO,545300,627000,2272,3.55,4.25,6.75,2,445650.0,-18.3,False
2021-02-01,Prospekt Vernadskogo,ZAO,371500,412300,1548,2.03,4.25,6.75,7,271986.0,-26.8,False
2021-02-01,Ramenki,ZAO,391100,419800,1629,5.46,4.25,6.75,5,259480.0,-33.7,False
2021-02-01,Rogovskoye,TAO,82300,87400,343,-7.61,4.25,6.75,2,46100.0,-44.0,True
2021-02-01,Rostokino,SVAO,225300,251800,939,4.62,4.25,6.75,2,121250.0,-46.2,False
2021-02-01,Ryazanovskoye,NAO,140000,159100,583,3.19,4.25,6.75,6,74833.0,-46.5,True
2021-02-01,Savyolovsky,SAO,299400,326500,1247,1.75,4.25,6.75,7,178786.0,-40.3,False
2021-02-01,Severnoye Butovo,YuZAO,251200,277300,1046,0.16,4.25,6.75,2,141600.0,-43.6,False
2021-02-01,Severnoye Izmaylovo,VAO,222900,243800,929,1.75,4.25,6.75,5,161640.0,-27.5,False
2021-02-01,Severnoye Medvedkovo,SVAO,219900,248200,916,2.68,4.25,6.75,6,144683.0,-34.2,False
2021-02-01,Severnoye Tushino,SZAO,262100,295000,1092,9.3,4.25,6.75,4,137300.0,-47.6,False
2021-02-01,Severny,SVAO,191500,216000,798,2.35,4.25,6.75,5,107300.0,-44.0,False
2021-02-01,Shchapovskoye,TAO,88500,100400,369,-0.53,4.25,6.75,2,58450.0,-34.0,True
2021-02-01,Shcherbinka,NAO,158000,170200,658,-4.0,4.25,6.75,4,74325.0,-53.0,True
2021-02-01,Shchukino,SZAO,304400,340300,1269,-4.09,4.25,6.75,4,210600.0,-30.8,False
2021-02-01,Sokol,SAO,299400,331700,1247,1.45,4.25,6.75,5,243040.0,-18.8,False
2021-02-01,Sokolinaya Gora,VAO,225100,254600,938,0.37,4.25,6.75,6,140550.0,-37.6,False
2021-02-01,Sokolniki,VAO,267500,298900,1115,2.99,4.25,6.75,7,211971.0,-20.8,False
2021-02-01,Solntsevo,ZAO,244300,268900,1018,0.9,4.25,6.75,9,140456.0,-42.5,False
2021-02-01,Sosenskoye,NAO,175000,199000,729,2.47,4.25,6.75,6,105983.0,-39.4,True
2021-02-01,Strogino,SZAO,311900,351400,1300,-1.31,4.25,6.75,5,277760.0,-10.9,False
2021-02-01,Sviblovo,SVAO,213400,238500,889,-4.23,4.25,6.75,2,193400.0,-9.4,False
2021-02-01,Tagansky,CAO,427200,475600,1780,2.13,4.25,6.75,2,309150.0,-27.6,False
2021-02-01,Timiryazevsky,SAO,262900,299200,1096,5.59,4.25,6.75,7,174457.0,-33.6,False
2021-02-01,Troitsk,TAO,115000,127200,479,-0.17,4.25,6.75,3,60300.0,-47.6,True
2021-02-01,Troparyovo-Nikulino,ZAO,359000,399500,1496,7.67,4.25,6.75,9,261689.0,-27.1,False
2021-02-01,Tsaritsyno,YuAO,218600,248800,911,1.44,4.25,6.75,3,138500.0,-36.6,False
2021-02-01,Tverskoy,CAO,523200,567200,2180,0.18,4.25,6.75,8,473000.0,-9.6,False
2021-02-01,Tyoply Stan,YuZAO,270200,299200,1126,3.2,4.25,6.75,2,154000.0,-43.0,False
2021-02-01,Veshnyaki,VAO,206500,229500,860,4.69,4.25,6.75,6,124767.0,-39.6,False
2021-02-01,Vnukovo,ZAO,231300,245500,964,6.94,4.25,6.75,5,124760.0,-46.1,False
2021-02-01,Vnukovskoye,NAO,172300,186900,718,0.6,4.25,6.75,6,89000.0,-48.3,True
2021-02-01,Voronovskoye,TAO,85200,94300,355,-4.23,4.25,6.75,5,49340.0,-42.1,True
2021-02-01,Voskresenskoye,NAO,158900,174500,662,1.12,4.25,6.75,3,102567.0,-35.5,True
2021-02-01,Vostochnoye Izmaylovo,VAO,219700,249100,915,1.53,4.25,6.75,4,160825.0,-26.8,False
2021-02-01,Vostochny,VAO,184400,205600,768,-3.6,4.25,6.75,4,104125.0,-43.5,False
2021-02-01,Voykovsky,SAO,245300,264300,1022,-0.05,4.25,6.75,1,143300.0,-41.6,False
2021-02-01,Yakimanka,CAO,547200,605700,2280,1.14,4.25,6.75,7,441257.0,-19.4,False
2021-02-01,Yaroslavsky,SVAO,217200,242200,905,4.72,4.25,6.75,4,138125.0,-36.4,False
2021-02-01,Yasenevo,YuZAO,293000,328800,1221,8.27,4.25,6.75,7,222671.0,-24.0,False
2021-02-01,Yuzhnoye Butovo,YuZAO,232900,256000,970,0.23,4.25,6.75,1,188100.0,-19.2,False
2021-02-01,Yuzhnoye Medvedkovo,SVAO,225900,246100,941,8.22,4.25,6.75,5,121780.0,-46.1,False
2021-02-01,Yuzhnoye Tushino,SZAO,262900,291200,1095,-1.99,4.25,6.75,3,149433.0,-43.2,False
2021-02-01,Zamoskvorechye,CAO,468800,527000,1953,-0.15,4.25,6.75,6,365733.0,-22.0,False
2021-02-01,Zapadnoye Degunino,SAO,214100,231800,892,-3.12,4.25,6.75,5,127480.0,-40.5,False
2021-02-01,Zelenograd,ZelAO,151600,165400,631,7.58,4.25,6.75,4,79575.0,-47.5,True
2021-02-01,Zyablikovo,YuAO,192700,215600,803,1.26,4.25,6.75,6,115733.0,-39.9,False
2021-02-01,Zyuzino,YuZAO,292100,317700,1217,-0.65,4.25,6.75,4,215550.0,-26.2,False
2021-03-01,Aeroport,SAO,289100,316600,1204,0.3,4.25,6.75,8,187213.0,-35.2,False
2021-03-01,Akademichesky,YuZAO,334900,367400,1395,3.96,4.25,6.75,8,205425.0,-38.7,False
2021-03-01,Alekseevsky,SVAO,274000,310800,1142,-0.17,4.25,6.75,4,188000.0,-31.4,False
2021-03-01,Altufyevsky,SVAO,212900,246400,887,2.76,4.25,6.75,13,125954.0,-40.8,False
2021-03-01,Arbat,CAO,593100,657200,2471,1.4,4.25,6.75,2,484700.0,-18.3,False
2021-03-01,Babushkinsky,SVAO,228600,250400,953,1.43,4.25,6.75,2,125900.0,-44.9,False
2021-03-01,Basmanny,CAO,436400,484900,1818,0.57,4.25,6.75,8,293288.0,-32.8,False
2021-03-01,Begovoy,SAO,314400,341600,1310,5.52,4.25,6.75,1,166700.0,-47.0,False
2021-03-01,Beskudnikovsky,SAO,220300,249200,918,2.01,4.25,6.75,3,129500.0,-41.2,False
2021-03-01,Bibirevo,SVAO,212200,224100,884,1.36,4.25,6.75,5,143100.0,-32.6,False
2021-03-01,Biryulyovo Vostochnoye,YuAO,193900,221500,808,4.72,4.25,6.75,4,97275.0,-49.8,False
2021-03-01,Biryulyovo Zapadnoye,YuAO,197700,221300,824,6.65,4.25,6.75,7,106286.0,-46.2,False
2021-03-01,Bogorodskoye,VAO,227900,255600,950,3.11,4.25,6.75,8,152825.0,-32.9,False
2021-03-01,Brateyevo,YuAO,200600,220300,836,4.31,4.25,6.75,5,101760.0,-49.3,False
2021-03-01,Butyrsky,SVAO,275500,299100,1148,8.42,4.25,6.75,5,189760.0,-31.1,False
2021-03-01,Chertanovo Severnoye,YuAO,233500,253100,973,9.05,4.25,6.75,6,177200.0,-24.1,False
2021-03-01,Chertanovo Tsentralnoye,YuAO,221300,253200,922,-0.83,4.25,6.75,8,142450.0,-35.6,False
2021-03-01,Chertanovo Yuzhnoye,YuAO,208100,221600,867,2.78,4.25,6.75,5,167520.0,-19.5,False
2021-03-01,Cheryomushki,YuZAO,319300,344700,1331,0.57,4.25,6.75,6,224733.0,-29.6,False
2021-03-01,Danilovsky,YuAO,273800,305400,1141,-5.76,4.25,6.75,6,166417.0,-39.2,False
2021-03-01,Desyonovskoye,NAO,167900,185300,699,0.38,4.25,6.75,9,92744.0,-44.8,True
2021-03-01,Dmitrovsky,SAO,211900,237400,883,0.7,4.25,6.75,6,121167.0,-42.8,False
2021-03-01,Donskoy,YuAO,303500,313600,1265,1.68,4.25,6.75,4,229675.0,-24.3,False
2021-03-01,Dorogomilovo,ZAO,439900,456000,1833,0.25,4.25,6.75,5,282660.0,-35.7,False
2021-03-01,Fili-Davydkovo,ZAO,351200,383900,1463,4.34,4.25,6.75,7,250943.0,-28.5,False
2021-03-01,Filimonkovskoye,NAO,147400,162900,614,5.23,4.25,6.75,6,75017.0,-49.1,True
2021-03-01,Filyovsky Park,ZAO,348000,391200,1450,-2.5,4.25,6.75,9,267811.0,-23.0,False
2021-03-01,Gagarinsky,YuZAO,378000,408300,1575,-0.56,4.25,6.75,7,239871.0,-36.5,False
2021-03-01,Golovinsky,SAO,232400,256400,968,4.74,4.25,6.75,8,136275.0,-41.4,False
2021-03-01,Golyanovo,VAO,202400,224700,843,-2.48,4.25,6.75,6,126983.0,-37.3,False
2021-03-01,Ivanovskoye,VAO,209500,225000,873,-0.4,4.25,6.75,3,130633.0,-37.6,False
2021-03-01,Izmaylovo,VAO,247800,269000,1033,1.42,4.25,6.75,5,162480.0,-34.4,False
2021-03-01,Khamovniki,CAO,595600,649000,2481,-5.3,4.25,6.75,6,491500.0,-17.5,False
2021-03-01,Khoroshyovo-Mnyovniki,SZAO,312000,350600,1300,-0.51,4.25,6.75,6,173817.0,-44.3,False
2021-03-01,Khoroshyovsky,SAO,323500,363000,1348,2.06,4.25,6.75,5,219620.0,-32.1,False
2021-03-01,Khovrino,SAO,218600,257000,911,-0.49,4.25,6.75,4,138450.0,-36.7,False
2021-03-01,Kievsky,TAO,84200,95500,351,-2.69,4.25,6.75,9,44689.0,-46.9,True
2021-03-01,Klyonovskoye,TAO,87100,93500,363,-1.32,4.25,6.75,8,47213.0,-45.8,True
2021-03-01,Kokoshkino,NAO,137400,152800,572,-3.46,4.25,6.75,5,66580.0,-51.5,True
2021-03-01,Konkovo,YuZAO,294200,337200,1226,0.81,4.25,6.75,6,161917.0,-45.0,False
2021-03-01,Koptevo,SAO,229700,250000,957,-4.25,4.25,6.75,3,150533.0,-34.5,False
2021-03-01,Kosino-Ukhtomsky,VAO,184900,205300,770,-3.08,4.25,6.75,4,111325.0,-39.8,False
2021-03-01,Kotlovka,YuZAO,305900,341300,1274,2.23,4.25,6.75,5,177980.0,-41.8,False
2021-03-01,Krasnopakhorskoye,TAO,106000,121900,442,8.37,4.25,6.75,13,56946.0,-46.3,True
2021-03-01,Krasnoselsky,CAO,417300,467300,1739,-1.13,4.25,6.75,8,350363.0,-16.0,False
2021-03-01,Krylatskoye,SZAO,382300,411700,1593,1.51,4.25,6.75,6,191217.0,-50.0,False
2021-03-01,Kuntsevo,ZAO,311000,348100,1296,-3.34,4.25,6.75,5,187180.0,-39.8,False
2021-03-01,Kurkino,SZAO,303500,342500,1265,4.0,4.25,6.75,2,161400.0,-46.8,False
2021-03-01,Levoberezhny,SAO,239400,260800,997,4.39,4.25,6.75,7,132071.0,-44.8,False
2021-03-01,Lianozovo,SVAO,212200,229800,884,-1.45,4.25,6.75,8,117788.0,-44.5,False
2021-03-01,Lomonosovsky,YuZAO,388600,430200,1619,0.34,4.25,6.75,8,306963.0,-21.0,False
2021-03-01,Losinoostrovsky,SVAO,226300,243100,943,4.93,4.25,6.75,5,137980.0,-39.0,False
2021-03-01,Marfino,SVAO,224400,249500,935,0.43,4.25,6.75,5,170760.0,-23.9,False
2021-03-01,Marushkinskoye,NAO,136300,150000,568,-0.72,4.25,6.75,4,73350.0,-46.2,True
2021-03-01,Maryina Roshcha,SVAO,275800,305700,1149,4.4,4.25,6.75,7,198814.0,-27.9,False
2021-03-01,Meshchansky,CAO,437300,499100,1822,-0.09,4.25,6.75,7,321886.0,-26.4,False
2021-03-01,Metrogorodok,VAO,200300,218900,835,-0.68,4.25,6.75,7,139571.0,-30.3,False
2021-03-01,Mikhaylovo-Yartsevskoye,TAO,92500,102500,385,2.84,4.25,6.75,5,45500.0,-50.8,True
2021-03-01,Mitino,SZAO,261800,288700,1091,9.27,4.25,6.75,0,,,False
2021-03-01,Molzhaninovsky,SAO,185400,199000,773,2.58,4.25,6.75,9,115156.0,-37.9,False
2021-03-01,Moskovsky,NAO,182200,201900,759,4.15,4.25,6.75,7,104986.0,-42.4,True
2021-03-01,Moskvorechye-Saburovo,YuAO,223900,246800,933,7.15,4.25,6.75,2,139450.0,-37.7,False
2021-03-01,Mosrentgen,NAO,176700,187300,736,-4.34,4.25,6.75,4,104775.0,-40.7,True
2021-03-01,Mozhaysky,ZAO,289600,309200,1207,-4.77,4.25,6.75,3,166867.0,-42.4,False
2021-03-01,Nagatino-Sadovniki,YuAO,245200,265300,1021,2.61,4.25,6.75,6,154967.0,-36.8,False
2021-03-01,Nagatinsky Zaton,YuAO,259100,286000,1080,3.52,4.25,6.75,6,132767.0,-48.8,False
2021-03-01,Nagorny,YuAO,250000,273100,1042,-3.76,4.25,6.75,4,176925.0,-29.2,False
2021-03-01,Novo-Peredelkino,ZAO,231600,253900,965,-3.51,4.25,6.75,6,123267.0,-46.8,False
2021-03-01,Novofyodorovskoye,TAO,85000,94700,354,-3.79,4.25,6.75,5,51600.0,-39.3,True
2021-03-01,Novogireyevo,VAO,224200,255100,934,-6.52,4.25,6.75,4,195350.0,-12.9,False
2021-03-01,Novokosino,VAO,213600,235200,890,5.86,4.25,6.75,8,129475.0,-39.4,False
2021-03-01,Obruchevsky,YuZAO,310500,340200,1294,1.35,4.25,6.75,4,202150.0,-34.9,False
2021-03-01,Ochakovo-Matveyevskoye,ZAO,297300,337100,1239,-0.08,4.25,6.75,5,172280.0,-42.1,False
2021-03-01,Orekhovo-Borisovo Severnoye,YuAO,198700,210800,828,2.44,4.25,6.75,2,114700.0,-42.3,False
2021-03-01,Orekhovo-Borisovo Yuzhnoye,YuAO,197200,209200,822,-3.12,4.25,6.75,8,116125.0,-41.1,False
2021-03-01,Ostankinsky,SVAO,273400,300200,1139,-2.86,4.25,6.75,10,204560.0,-25.2,False
2021-03-01,Otradnoye,SVAO,234200,273300,976,0.05,4.25,6.75,5,128060.0,-45.3,False
2021-03-01,Perovo,VAO,228800,256700,953,4.0,4.25,6.75,3,179300.0,-21.6,False
2021-03-01,Pervomayskoye,TAO,92300,97900,385,-5.25,4.25,6.75,9,50822.0,-44.9,True
2021-03-01,Pokrovskoye-Streshnevo,SZAO,277600,303800,1157,-1.35,4.25,6.75,5,178680.0,-35.6,False
2021-03-01,Preobrazhenskoye,VAO,254100,278700,1059,8.87,4.25,6.75,4,173525.0,-31.7,False
2021-03-01,Presnensky,CAO,537500,564700,2240,-1.41,4.25,6.75,5,451960.0,-15.9,False
2021-03-01,Prospekt Vernadskogo,ZAO,384700,417000,1603,3.57,4.25,6.75,7,271157.0,-29.5,False
2021-03-01,Ramenki,ZAO,399700,461700,1665,2.21,4.25,6.75,9,260978.0,-34.7,False
2021-03-01,Rogovskoye,TAO,85800,94500,358,4.32,4.25,6.75,7,45743.0,-46.7,True
2021-03-01,Rostokino,SVAO,226700,242500,945,0.64,4.25,6.75,5,155380.0,-31.5,False
2021-03-01,Ryazanovskoye,NAO,139100,154600,579,-0.64,4.25,6.75,5,80280.0,-42.3,True
2021-03-01,Savyolovsky,SAO,290600,320400,1211,-2.94,4.25,6.75,9,221289.0,-23.9,False
2021-03-01,Severnoye Butovo,YuZAO,250300,275000,1043,-0.33,4.25,6.75,7,141829.0,-43.3,False
2021-03-01,Severnoye Izmaylovo,VAO,231900,254800,966,4.06,4.25,6.75,8,169563.0,-26.9,False
2021-03-01,Severnoye Medvedkovo,SVAO,222900,236300,929,1.36,4.25,6.75,7,132757.0,-40.4,False
2021-03-01,Severnoye Tushino,SZAO,253400,277600,1056,-3.34,4.25,6.75,4,140825.0,-44.4,False
2021-03-01,Severny,SVAO,189000,206200,787,-1.34,4.25,6.75,9,103922.0,-45.0,False
2021-03-01,Shchapovskoye,TAO,90300,97100,376,2.07,4.25,6.75,6,46050.0,-49.0,True
2021-03-01,Shcherbinka,NAO,169000,192400,704,7.01,4.25,6.75,4,81300.0,-51.9,True
2021-03-01,Shchukino,SZAO,319100,354900,1330,4.82,4.25,6.75,5,244220.0,-23.5,False
2021-03-01,Sokol,SAO,309700,340100,1290,3.44,4.25,6.75,5,272680.0,-12.0,False
2021-03-01,Sokolinaya Gora,VAO,223200,244700,930,-0.86,4.25,6.75,5,153880.0,-31.1,False
2021-03-01,Sokolniki,VAO,268200,305100,1118,0.25,4.25,6.75,5,212040.0,-20.9,False
2021-03-01,Solntsevo,ZAO,248000,271400,1033,1.51,4.25,6.75,2,151700.0,-38.8,False
2021-03-01,Sosenskoye,NAO,179300,200700,747,2.45,4.25,6.75,4,96750.0,-46.0,True
2021-03-01,Strogino,SZAO,331300,373400,1380,6.2,4.25,6.75,7,264786.0,-20.1,False
2021-03-01,Sviblovo,SVAO,224000,263100,933,4.97,4.25,6.75,7,155986.0,-30.4,False
2021-03-01,Tagansky,CAO,442400,491400,1844,3.58,4.25,6.75,5,320520.0,-27.5,False
2021-03-01,Timiryazevsky,SAO,278500,300800,1160,5.91,4.25,6.75,2,186200.0,-33.1,False
2021-03-01,Troitsk,TAO,119300,127500,497,3.7,4.25,6.75,6,65800.0,-44.8,True
2021-03-01,Troparyovo-Nikulino,ZAO,330500,374400,1377,-7.94,4.25,6.75,5,213140.0,-35.5,False
2021-03-01,Tsaritsyno,YuAO,213500,232900,890,-2.32,4.25,6.75,4,135700.0,-36.4,False
2021-03-01,Tverskoy,CAO,563200,614800,2347,7.63,4.25,6.75,3,401300.0,-28.7,False
2021-03-01,Tyoply Stan,YuZAO,258500,286900,1077,-4.34,4.25,6.75,7,159300.0,-38.4,False
2021-03-01,Veshnyaki,VAO,201000,226400,837,-2.67,4.25,6.75,3,121333.0,-39.6,False
2021-03-01,Vnukovo,ZAO,238800,266900,995,3.23,4.25,6.75,3,109667.0,-54.1,False
2021-03-01,Vnukovskoye,NAO,177800,192200,741,3.17,4.25,6.75,3,77833.0,-56.2,True
2021-03-01,Voronovskoye,TAO,91400,99900,381,7.27,4.25,6.75,7,55157.0,-39.7,True
2021-03-01,Voskresenskoye,NAO,165500,181800,689,4.15,4.25,6.75,7,86514.0,-47.7,True
2021-03-01,Vostochnoye Izmaylovo,VAO,223900,241500,933,1.93,4.25,6.75,5,150520.0,-32.8,False
2021-03-01,Vostochny,VAO,182600,203500,761,-0.97,4.25,6.75,2,107650.0,-41.0,False
2021-03-01,Voykovsky,SAO,261200,288500,1088,6.5,4.25,6.75,6,222583.0,-14.8,False
2021-03-01,Yakimanka,CAO,563000,608300,2346,2.88,4.25,6.75,9,452456.0,-19.6,False
2021-03-01,Yaroslavsky,SVAO,213800,236500,891,-1.57,4.25,6.75,6,135283.0,-36.7,False
2021-03-01,Yasenevo,YuZAO,297800,327200,1241,1.64,4.25,6.75,6,215583.0,-27.6,False
2021-03-01,Yuzhnoye Butovo,YuZAO,245700,275300,1024,5.53,4.25,6.75,3,108333.0,-55.9,False
2021-03-01,Yuzhnoye Medvedkovo,SVAO,225900,255700,941,-0.01,4.25,6.75,2,123600.0,-45.3,False
2021-03-01,Yuzhnoye Tushino,SZAO,252500,282100,1052,-3.93,4.25,6.75,4,157600.0,-37.6,False
2021-03-01,Zamoskvorechye,CAO,481100,542700,2005,2.64,4.25,6.75,2,306550.0,-36.3,False
2021-03-01,Zapadnoye Degunino,SAO,215500,237500,898,0.67,4.25,6.75,8,120888.0,-43.9,False
2021-03-01,Zelenograd,ZelAO,147300,159200,614,-2.82,4.25,6.75,5,65120.0,-55.8,True
2021-03-01,Zyablikovo,YuAO,199800,217400,832,3.69,4.25,6.75,5,112980.0,-43.5,False
2021-03-01,Zyuzino,YuZAO,318000,336100,1325,8.87,4.25,6.75,5,187720.0,-41.0,False
2021-04-01,Aeroport,SAO,280200,310600,1167,-3.08,8.5,11.0,3,173467.0,-38.1,False
2021-04-01,Akademichesky,YuZAO,345000,391200,1438,3.02,8.5,11.0,5,220600.0,-36.1,False
2021-04-01,Alekseevsky,SVAO,275500,308000,1148,0.54,8.5,11.0,5,161580.0,-41.4,False
2021-04-01,Altufyevsky,SVAO,210100,223800,875,-1.29,8.5,11.0,3,115067.0,-45.2,False
2021-04-01,Arbat,CAO,607600,684300,2532,2.43,8.5,11.0,3,413933.0,-31.9,False
2021-04-01,Babushkinsky,SVAO,231400,256200,964,1.2,8.5,11.0,2,138450.0,-40.2,False
2021-04-01,Basmanny,CAO,459500,509800,1914,5.29,8.5,11.0,3,328667.0,-28.5,False
2021-04-01,Begovoy,SAO,309400,335300,1289,-1.59,8.5,11.0,6,240967.0,-22.1,False
2021-04-01,Beskudnikovsky,SAO,224600,241900,936,1.95,8.5,11.0,2,106600.0,-52.5,False
2021-04-01,Bibirevo,SVAO,217200,238600,905,2.38,8.5,11.0,5,139460.0,-35.8,False
2021-04-01,Biryulyovo Vostochnoye,YuAO,196600,206900,819,1.35,8.5,11.0,6,115417.0,-41.3,False
2021-04-01,Biryulyovo Zapadnoye,YuAO,201000,225700,837,1.63,8.5,11.0,3,134833.0,-32.9,False
2021-04-01,Bogorodskoye,VAO,238500,256100,994,4.63,8.5,11.0,4,149875.0,-37.2,False
2021-04-01,Brateyevo,YuAO,208500,234900,869,3.96,8.5,11.0,12,118692.0,-43.1,False
2021-04-01,Butyrsky,SVAO,274400,313700,1143,-0.39,8.5,11.0,2,207200.0,-24.5,False
2021-04-01,Chertanovo Severnoye,YuAO,225100,247600,938,-3.61,8.5,11.0,8,145050.0,-35.6,False
2021-04-01,Chertanovo Tsentralnoye,YuAO,219200,243000,913,-0.98,8.5,11.0,2,157300.0,-28.2,False
2021-04-01,Chertanovo Yuzhnoye,YuAO,202700,222400,845,-2.61,8.5,11.0,5,153400.0,-24.3,False
2021-04-01,Cheryomushki,YuZAO,313500,357500,1306,-1.83,8.5,11.0,4,279350.0,-10.9,False
2021-04-01,Danilovsky,YuAO,291900,330000,1216,6.62,8.5,11.0,3,180400.0,-38.2,False
2021-04-01,Desyonovskoye,NAO,165000,180700,687,-1.72,8.5,11.0,10,92120.0,-44.2,True
2021-04-01,Dmitrovsky,SAO,215100,234000,896,1.55,8.5,11.0,3,114600.0,-46.7,False
2021-04-01,Donskoy,YuAO,310300,354300,1293,2.24,8.5,11.0,3,224000.0,-27.8,False
2021-04-01,Dorogomilovo,ZAO,457100,513700,1905,3.91,8.5,11.0,4,389300.0,-14.8,False
2021-04-01,Fili-Davydkovo,ZAO,327600,354900,1365,-6.73,8.5,11.0,10,246360.0,-24.8,False
2021-04-01,Filimonkovskoye,NAO,150300,165800,626,1.94,8.5,11.0,6,74033.0,-50.7,True
2021-04-01,Filyovsky Park,ZAO,359800,379300,1499,3.41,8.5,11.0,5,229220.0,-36.3,False
2021-04-01,Gagarinsky,YuZAO,399900,442400,1666,5.79,8.5,11.0,0,,,False
2021-04-01,Golovinsky,SAO,235100,255400,980,1.2,8.5,11.0,5,160220.0,-31.9,False
2021-04-01,Golyanovo,VAO,211200,235800,880,4.34,8.5,11.0,6,146133.0,-30.8,False
2021-04-01,Ivanovskoye,VAO,212400,234500,885,1.4,8.5,11.0,5,118840.0,-44.0,False
2021-04-01,Izmaylovo,VAO,256700,289000,1070,3.58,8.5,11.0,6,176017.0,-31.4,False
2021-04-01,Khamovniki,CAO,650300,707600,2709,9.18,8.5,11.0,6,449533.0,-30.9,False
2021-04-01,Khoroshyovo-Mnyovniki,SZAO,316900,330200,1320,1.56,8.5,11.0,6,180233.0,-43.1,False
2021-04-01,Khoroshyovsky,SAO,324100,370300,1350,0.19,8.5,11.0,6,228400.0,-29.5,False
2021-04-01,Khovrino,SAO,221700,253300,924,1.45,8.5,11.0,5,125340.0,-43.5,False
2021-04-01,Kievsky,TAO,86900,97800,362,3.09,8.5,11.0,9,48378.0,-44.3,True
2021-04-01,Klyonovskoye,TAO,86800,96500,362,-0.39,8.5,11.0,4,47600.0,-45.2,True
2021-04-01,Kokoshkino,NAO,144200,159100,601,4.96,8.5,11.0,6,82933.0,-42.5,True
2021-04-01,Konkovo,YuZAO,282500,308600,1177,-3.99,8.5,11.0,4,199425.0,-29.4,False
2021-04-01,Koptevo,SAO,239100,256700,996,4.09,8.5,11.0,11,142173.0,-40.5,False
2021-04-01,Kosino-Ukhtomsky,VAO,199600,223300,832,7.98,8.5,11.0,5,107220.0,-46.3,False
2021-04-01,Kotlovka,YuZAO,308000,343800,1284,0.71,8.5,11.0,7,191371.0,-37.9,False
2021-04-01,Krasnopakhorskoye,TAO,106000,119500,442,0.01,8.5,11.0,3,56933.0,-46.3,True
2021-04-01,Krasnoselsky,CAO,439500,482200,1831,5.3,8.5,11.0,5,329740.0,-25.0,False
2021-04-01,Krylatskoye,SZAO,370300,399000,1543,-3.14,8.5,11.0,6,203617.0,-45.0,False
2021-04-01,Kuntsevo,ZAO,306000,328900,1275,-1.63,8.5,11.0,4,175900.0,-42.5,False
2021-04-01,Kurkino,SZAO,300300,335000,1251,-1.05,8.5,11.0,3,172500.0,-42.6,False
2021-04-01,Levoberezhny,SAO,246500,261700,1027,2.96,8.5,11.0,5,152740.0,-38.0,False
2021-04-01,Lianozovo,SVAO,215600,233700,899,1.6,8.5,11.0,6,123033.0,-42.9,False
2021-04-01,Lomonosovsky,YuZAO,383500,425000,1598,-1.3,8.5,11.0,3,232933.0,-39.3,False
2021-04-01,Losinoostrovsky,SVAO,218800,236900,912,-3.34,8.5,11.0,4,149825.0,-31.5,False
2021-04-01,Marfino,SVAO,236000,262400,983,5.18,8.5,11.0,7,138314.0,-41.4,False
2021-04-01,Marushkinskoye,NAO,134900,150100,562,-0.99,8.5,11.0,7,65371.0,-51.5,True
2021-04-01,Maryina Roshcha,SVAO,279600,305000,1165,1.36,8.5,11.0,7,191171.0,-31.6,False
2021-04-01,Meshchansky,CAO,427900,449300,1783,-2.15,8.5,11.0,8,354063.0,-17.3,False
2021-04-01,Metrogorodok,VAO,209100,232700,871,4.37,8.5,11.0,6,150500.0,-28.0,False
2021-04-01,Mikhaylovo-Yartsevskoye,TAO,91100,98800,380,-1.42,8.5,11.0,4,48200.0,-47.1,True
2021-04-01,Mitino,SZAO,256600,298800,1069,-1.96,8.5,11.0,5,154760.0,-39.7,False
2021-04-01,Molzhaninovsky,SAO,182700,202900,761,-1.47,8.5,11.0,8,101963.0,-44.2,False
2021-04-01,Moskovsky,NAO,184900,207100,770,1.44,8.5,11.0,2,88650.0,-52.1,True
2021-04-01,Moskvorechye-Saburovo,YuAO,235100,257700,980,5.0,8.5,11.0,7,148486.0,-36.8,False
2021-04-01,Mosrentgen,NAO,176500,190500,735,-0.12,8.5,11.0,5,115520.0,-34.5,True
2021-04-01,Mozhaysky,ZAO,298100,334000,1242,2.94,8.5,11.0,5,163240.0,-45.2,False
2021-04-01,Nagatino-Sadovniki,YuAO,250200,273700,1043,2.06,8.5,11.0,2,184800.0,-26.1,False
2021-04-01,Nagatinsky Zaton,YuAO,260000,282500,1083,0.32,8.5,11.0,5,184540.0,-29.0,False
2021-04-01,Nagorny,YuAO,252600,275900,1053,1.04,8.5,11.0,5,171360.0,-32.2,False
2021-04-01,Novo-Peredelkino,ZAO,249600,263000,1040,7.77,8.5,11.0,5,129520.0,-48.1,False
2021-04-01,Novofyodorovskoye,TAO,90900,102400,379,6.89,8.5,11.0,5,45640.0,-49.8,True
2021-04-01,Novogireyevo,VAO,225800,249400,941,0.71,8.5,11.0,6,160400.0,-29.0,False
2021-04-01,Novokosino,VAO,217300,238700,905,1.72,8.5,11.0,5,128400.0,-40.9,False
2021-04-01,Obruchevsky,YuZAO,330000,362600,1375,6.3,8.5,11.0,5,216700.0,-34.3,False
2021-04-01,Ochakovo-Matveyevskoye,ZAO,289700,307000,1207,-2.54,8.5,11.0,10,180860.0,-37.6,False
2021-04-01,Orekhovo-Borisovo Severnoye,YuAO,204600,234000,852,2.96,8.5,11.0,2,106200.0,-48.1,False
2021-04-01,Orekhovo-Borisovo Yuzhnoye,YuAO,203700,214700,849,3.28,8.5,11.0,8,124800.0,-38.7,False
2021-04-01,Ostankinsky,SVAO,279600,301700,1165,2.27,8.5,11.0,1,133400.0,-52.3,False
2021-04-01,Otradnoye,SVAO,236200,259000,984,0.83,8.5,11.0,3,121533.0,-48.5,False
2021-04-01,Perovo,VAO,226500,264100,944,-1.0,8.5,11.0,6,164983.0,-27.2,False
2021-04-01,Pervomayskoye,TAO,95300,107800,397,3.22,8.5,11.0,6,55283.0,-42.0,True
2021-04-01,Pokrovskoye-Streshnevo,SZAO,298900,322500,1246,7.67,8.5,11.0,8,172100.0,-42.4,False
2021-04-01,Preobrazhenskoye,VAO,250800,274200,1045,-1.31,8.5,11.0,3,209767.0,-16.4,False
2021-04-01,Presnensky,CAO,549800,586800,2291,2.27,8.5,11.0,2,474250.0,-13.7,False
2021-04-01,Prospekt Vernadskogo,ZAO,381600,419100,1590,-0.8,8.5,11.0,5,262580.0,-31.2,False
2021-04-01,Ramenki,ZAO,392300,423400,1635,-1.85,8.5,11.0,5,260040.0,-33.7,False
2021-04-01,Rogovskoye,TAO,91100,99000,379,6.07,8.5,11.0,6,50067.0,-45.0,True
2021-04-01,Rostokino,SVAO,243300,276300,1014,7.3,8.5,11.0,6,158217.0,-35.0,False
2021-04-01,Ryazanovskoye,NAO,144000,164700,600,3.51,8.5,11.0,3,81167.0,-43.6,True
2021-04-01,Savyolovsky,SAO,299800,333400,1249,3.19,8.5,11.0,2,237900.0,-20.6,False
2021-04-01,Severnoye Butovo,YuZAO,256700,291000,1070,2.55,8.5,11.0,4,147425.0,-42.6,False
2021-04-01,Severnoye Izmaylovo,VAO,228900,263400,954,-1.31,8.5,11.0,5,177640.0,-22.4,False
2021-04-01,Severnoye Medvedkovo,SVAO,228900,250000,954,2.69,8.5,11.0,8,139850.0,-38.9,False
2021-04-01,Severnoye Tushino,SZAO,258200,296100,1076,1.91,8.5,11.0,4,165475.0,-35.9,False
2021-04-01,Severny,SVAO,204700,234700,853,8.31,8.5,11.0,4,104350.0,-49.0,False
2021-04-01,Shchapovskoye,TAO,92400,103000,385,2.29,8.5,11.0,8,48013.0,-48.0,True
2021-04-01,Shcherbinka,NAO,171200,190000,713,1.28,8.5,11.0,4,82050.0,-52.1,True
2021-04-01,Shchukino,SZAO,306700,335800,1278,-3.88,8.5,11.0,6,238983.0,-22.1,False
2021-04-01,Sokol,SAO,311700,340300,1299,0.65,8.5,11.0,6,255967.0,-17.9,False
2021-04-01,Sokolinaya Gora,VAO,229800,245100,957,2.94,8.5,11.0,6,165150.0,-28.1,False
2021-04-01,Sokolniki,VAO,272700,314300,1136,1.65,8.5,11.0,6,217433.0,-20.3,False
2021-04-01,Solntsevo,ZAO,251400,259100,1048,1.36,8.5,11.0,3,148500.0,-40.9,False
2021-04-01,Sosenskoye,NAO,175100,191200,730,-2.31,8.5,11.0,4,90100.0,-48.5,True
2021-04-01,Strogino,SZAO,327300,361000,1364,-1.21,8.5,11.0,4,294275.0,-10.1,False
2021-04-01,Sviblovo,SVAO,239100,269400,996,6.75,8.5,11.0,8,164588.0,-31.2,False
2021-04-01,Tagansky,CAO,429800,452600,1791,-2.85,8.5,11.0,6,351000.0,-18.3,False
2021-04-01,Timiryazevsky,SAO,293400,327100,1223,5.36,8.5,11.0,7,196029.0,-33.2,False
2021-04-01,Troitsk,TAO,120700,134500,503,1.21,8.5,11.0,4,61975.0,-48.7,True
2021-04-01,Troparyovo-Nikulino,ZAO,349700,381300,1457,5.8,8.5,11.0,4,220700.0,-36.9,False
2021-04-01,Tsaritsyno,YuAO,220000,247700,917,3.01,8.5,11.0,2,143500.0,-34.8,False
2021-04-01,Tverskoy,CAO,583900,628400,2433,3.68,8.5,11.0,3,468000.0,-19.8,False
2021-04-01,Tyoply Stan,YuZAO,265000,299900,1104,2.53,8.5,11.0,5,176900.0,-33.2,False
2021-04-01,Veshnyaki,VAO,205600,233700,857,2.3,8.5,11.0,4,131975.0,-35.8,False
2021-04-01,Vnukovo,ZAO,235000,259400,979,-1.59,8.5,11.0,4,127375.0,-45.8,False
2021-04-01,Vnukovskoye,NAO,179200,196100,747,0.76,8.5,11.0,3,94167.0,-47.5,True
2021-04-01,Voronovskoye,TAO,90800,101100,378,-0.68,8.5,11.0,8,53013.0,-41.6,True
2021-04-01,Voskresenskoye,NAO,163500,182300,681,-1.18,8.5,11.0,3,91667.0,-43.9,True
2021-04-01,Vostochnoye Izmaylovo,VAO,243400,251900,1014,8.7,8.5,11.0,3,130700.0,-46.3,False
2021-04-01,Vostochny,VAO,195700,216100,815,7.15,8.5,11.0,2,116600.0,-40.4,False
2021-04-01,Voykovsky,SAO,258200,295800,1076,-1.14,8.5,11.0,7,204814.0,-20.7,False
2021-04-01,Yakimanka,CAO,557100,620100,2321,-1.05,8.5,11.0,3,423400.0,-24.0,False
2021-04-01,Yaroslavsky,SVAO,213300,226100,889,-0.24,8.5,11.0,4,127175.0,-40.4,False
2021-04-01,Yasenevo,YuZAO,300700,313700,1253,0.96,8.5,11.0,5,247300.0,-17.8,False
2021-04-01,Yuzhnoye Butovo,YuZAO,245400,281900,1022,-0.14,8.5,11.0,5,131000.0,-46.6,False
2021-04-01,Yuzhnoye Medvedkovo,SVAO,217800,242800,907,-3.59,8.5,11.0,2,159700.0,-26.7,False
2021-04-01,Yuzhnoye Tushino,SZAO,271100,291300,1129,7.35,8.5,11.0,5,153720.0,-43.3,False
2021-04-01,Zamoskvorechye,CAO,527400,594700,2197,9.61,8.5,11.0,8,373563.0,-29.2,False
2021-04-01,Zapadnoye Degunino,SAO,216300,246900,901,0.4,8.5,11.0,4,127550.0,-41.0,False
2021-04-01,Zelenograd,ZelAO,152100,172800,634,3.27,8.5,11.0,5,68920.0,-54.7,True
2021-04-01,Zyablikovo,YuAO,200000,218100,833,0.12,8.5,11.0,7,125314.0,-37.3,False
2021-04-01,Zyuzino,YuZAO,296400,330300,1235,-6.78,8.5,11.0,6,175667.0,-40.7,False
2021-05-01,Aeroport,SAO,283400,316300,1181,1.15,8.5,11.0,4,226375.0,-20.1,False
2021-05-01,Akademichesky,YuZAO,353900,399900,1475,2.58,8.5,11.0,7,263857.0,-25.4,False
2021-05-01,Alekseevsky,SVAO,274800,301600,1145,-0.24,8.5,11.0,8,198750.0,-27.7,False
2021-05-01,Altufyevsky,SVAO,206300,220900,860,-1.79,8.5,11.0,4,121125.0,-41.3,False
2021-05-01,Arbat,CAO,604300,680100,2518,-0.54,8.5,11.0,5,439480.0,-27.3,False
2021-05-01,Babushkinsky,SVAO,234500,251400,977,1.32,8.5,11.0,10,139530.0,-40.5,False
2021-05-01,Basmanny,CAO,491200,535100,2046,6.9,8.5,11.0,2,377350.0,-23.2,False
2021-05-01,Begovoy,SAO,318500,341600,1327,2.95,8.5,11.0,6,226050.0,-29.0,False
2021-05-01,Beskudnikovsky,SAO,221500,232900,923,-1.38,8.5,11.0,4,131575.0,-40.6,False
2021-05-01,Bibirevo,SVAO,224500,257800,935,3.34,8.5,11.0,1,209600.0,-6.6,False
2021-05-01,Biryulyovo Vostochnoye,YuAO,196600,214800,819,0.03,8.5,11.0,3,107367.0,-45.4,False
2021-05-01,Biryulyovo Zapadnoye,YuAO,184800,202500,770,-8.07,8.5,11.0,2,114200.0,-38.2,False
2021-05-01,Bogorodskoye,VAO,229400,255800,956,-3.79,8.5,11.0,8,158850.0,-30.8,False
2021-05-01,Brateyevo,YuAO,205000,231400,854,-1.68,8.5,11.0,4,118375.0,-42.3,False
2021-05-01,Butyrsky,SVAO,277800,309200,1157,1.23,8.5,11.0,6,209733.0,-24.5,False
2021-05-01,Chertanovo Severnoye,YuAO,227700,259700,949,1.14,8.5,11.0,2,165150.0,-27.5,False
2021-05-01,Chertanovo Tsentralnoye,YuAO,219900,245300,916,0.32,8.5,11.0,5,126380.0,-42.5,False
2021-05-01,Chertanovo Yuzhnoye,YuAO,209900,229800,874,3.52,8.5,11.0,10,169010.0,-19.5,False
2021-05-01,Cheryomushki,YuZAO,327000,350000,1362,4.3,8.5,11.0,4,281025.0,-14.1,False
2021-05-01,Danilovsky,YuAO,284700,312600,1186,-2.47,8.5,11.0,3,205567.0,-27.8,False
2021-05-01,Desyonovskoye,NAO,167200,181600,697,1.33,8.5,11.0,2,98150.0,-41.3,True
2021-05-01,Dmitrovsky,SAO,207100,231500,863,-3.74,8.5,11.0,7,120543.0,-41.8,False
2021-05-01,Donskoy,YuAO,303000,326000,1262,-2.37,8.5,11.0,6,212367.0,-29.9,False
2021-05-01,Dorogomilovo,ZAO,470900,511700,1962,3.01,8.5,11.0,6,356167.0,-24.4,False
2021-05-01,Fili-Davydkovo,ZAO,342000,372700,1425,4.41,8.5,11.0,9,198844.0,-41.9,False
2021-05-01,Filimonkovskoye,NAO,157700,175700,657,4.98,8.5,11.0,9,78133.0,-50.5,True
2021-05-01,Filyovsky Park,ZAO,376100,400800,1567,4.51,8.5,11.0,8,251950.0,-33.0,False
2021-05-01,Gagarinsky,YuZAO,386900,428600,1612,-3.24,8.5,11.0,3,249733.0,-35.5,False
2021-05-01,Golovinsky,SAO,235700,259900,982,0.26,8.5,11.0,4,164300.0,-30.3,False
2021-05-01,Golyanovo,VAO,206100,226100,859,-2.39,8.5,11.0,3,129233.0,-37.3,False
2021-05-01,Ivanovskoye,VAO,220900,235400,921,4.0,8.5,11.0,5,138500.0,-37.3,False
2021-05-01,Izmaylovo,VAO,250900,281100,1046,-2.25,8.5,11.0,3,147833.0,-41.1,False
2021-05-01,Khamovniki,CAO,661500,707700,2756,1.74,8.5,11.0,1,476100.0,-28.0,False
2021-05-01,Khoroshyovo-Mnyovniki,SZAO,322700,348300,1344,1.83,8.5,11.0,6,203233.0,-37.0,False
2021-05-01,Khoroshyovsky,SAO,311700,332500,1299,-3.82,8.5,11.0,5,224160.0,-28.1,False
2021-05-01,Khovrino,SAO,216900,239800,904,-2.18,8.5,11.0,9,127689.0,-41.1,False
2021-05-01,Kievsky,TAO,90400,95900,377,4.12,8.5,11.0,4,41075.0,-54.6,True
2021-05-01,Klyonovskoye,TAO,89900,93800,375,3.59,8.5,11.0,4,47325.0,-47.4,True
2021-05-01,Kokoshkino,NAO,144100,162300,600,-0.08,8.5,11.0,2,77650.0,-46.1,True
2021-05-01,Konkovo,YuZAO,293900,326600,1224,4.03,8.5,11.0,10,199720.0,-32.0,False
2021-05-01,Koptevo,SAO,250200,274200,1043,4.64,8.5,11.0,4,150000.0,-40.0,False
2021-05-01,Kosino-Ukhtomsky,VAO,199000,228500,829,-0.34,8.5,11.0,4,123525.0,-37.9,False
2021-05-01,Kotlovka,YuZAO,318400,348900,1327,3.37,8.5,11.0,4,216575.0,-32.0,False
2021-05-01,Krasnopakhorskoye,TAO,104700,109200,436,-1.3,8.5,11.0,6,51083.0,-51.2,True
2021-05-01,Krasnoselsky,CAO,437800,493000,1824,-0.38,8.5,11.0,2,286200.0,-34.6,False
2021-05-01,Krylatskoye,SZAO,383800,426900,1599,3.66,8.5,11.0,4,232100.0,-39.5,False
2021-05-01,Kuntsevo,ZAO,320300,340600,1335,4.69,8.5,11.0,8,203075.0,-36.6,False
2021-05-01,Kurkino,SZAO,312400,333400,1302,4.04,8.5,11.0,9,173211.0,-44.6,False
2021-05-01,Levoberezhny,SAO,249800,265900,1041,1.35,8.5,11.0,4,180575.0,-27.7,False
2021-05-01,Lianozovo,SVAO,210700,226100,878,-2.28,8.5,11.0,4,131075.0,-37.8,False
2021-05-01,Lomonosovsky,YuZAO,394200,439100,1643,2.8,8.5,11.0,5,256300.0,-35.0,False
2021-05-01,Losinoostrovsky,SVAO,227600,247200,949,4.05,8.5,11.0,4,149800.0,-34.2,False
2021-05-01,Marfino,SVAO,243300,264600,1014,3.07,8.5,11.0,5,176120.0,-27.6,False
2021-05-01,Marushkinskoye,NAO,140100,154600,584,3.84,8.5,11.0,1,53000.0,-62.2,True
2021-05-01,Maryina Roshcha,SVAO,284700,316700,1186,1.82,8.5,11.0,7,199614.0,-29.9,False
2021-05-01,Meshchansky,CAO,455600,524400,1898,6.47,8.5,11.0,2,359200.0,-21.2,False
2021-05-01,Metrogorodok,VAO,211000,240300,879,0.93,8.5,11.0,5,174740.0,-17.2,False
2021-05-01,Mikhaylovo-Yartsevskoye,TAO,96400,105800,402,5.74,8.5,11.0,5,48140.0,-50.1,True
2021-05-01,Mitino,SZAO,262100,285300,1092,2.11,8.5,11.0,11,173564.0,-33.8,False
2021-05-01,Molzhaninovsky,SAO,189800,212400,791,3.85,8.5,11.0,5,104260.0,-45.1,False
2021-05-01,Moskovsky,NAO,185300,202000,772,0.25,8.5,11.0,8,87888.0,-52.6,True
2021-05-01,Moskvorechye-Saburovo,YuAO,230400,264900,960,-2.01,8.5,11.0,8,155375.0,-32.6,False
2021-05-01,Mosrentgen,NAO,184600,204900,769,4.6,8.5,11.0,4,117500.0,-36.3,True
2021-05-01,Mozhaysky,ZAO,301400,332800,1256,1.09,8.5,11.0,5,193060.0,-35.9,False
2021-05-01,Nagatino-Sadovniki,YuAO,248200,266000,1034,-0.8,8.5,11.0,4,178950.0,-27.9,False
2021-05-01,Nagatinsky Zaton,YuAO,269500,278800,1123,3.67,8.5,11.0,6,142183.0,-47.2,False
2021-05-01,Nagorny,YuAO,260900,296300,1087,3.28,8.5,11.0,5,191860.0,-26.5,False
2021-05-01,Novo-Peredelkino,ZAO,245400,269200,1023,-1.68,8.5,11.0,8,138688.0,-43.5,False
2021-05-01,Novofyodorovskoye,TAO,88700,97800,370,-2.4,8.5,11.0,8,48288.0,-45.6,True
2021-05-01,Novogireyevo,VAO,224000,246500,933,-0.81,8.5,11.0,6,181033.0,-19.2,False
2021-05-01,Novokosino,VAO,213000,248500,888,-1.95,8.5,11.0,5,125280.0,-41.2,False
2021-05-01,Obruchevsky,YuZAO,334700,380400,1395,1.42,8.5,11.0,7,179500.0,-46.4,False
2021-05-01,Ochakovo-Matveyevskoye,ZAO,290700,329600,1211,0.34,8.5,11.0,4,195650.0,-32.7,False
2021-05-01,Orekhovo-Borisovo Severnoye,YuAO,216700,245900,903,5.93,8.5,11.0,4,111825.0,-48.4,False
2021-05-01,Orekhovo-Borisovo Yuzhnoye,YuAO,201700,214200,840,-1.0,8.5,11.0,3,138500.0,-31.3,False
2021-05-01,Ostankinsky,SVAO,296400,324600,1235,6.0,8.5,11.0,2,160000.0,-46.0,False
2021-05-01,Otradnoye,SVAO,241200,263200,1005,2.12,8.5,11.0,5,145920.0,-39.5,False
2021-05-01,Perovo,VAO,226600,251100,944,0.04,8.5,11.0,5,167300.0,-26.2,False
2021-05-01,Pervomayskoye,TAO,102300,112000,426,7.34,8.5,11.0,3,45967.0,-55.1,True
2021-05-01,Pokrovskoye-Streshnevo,SZAO,292400,311400,1218,-2.2,8.5,11.0,7,187000.0,-36.0,False
2021-05-01,Preobrazhenskoye,VAO,254000,287100,1058,1.29,8.5,11.0,7,203786.0,-19.8,False
2021-05-01,Presnensky,CAO,551600,613100,2299,0.34,8.5,11.0,3,430300.0,-22.0,False
2021-05-01,Prospekt Vernadskogo,ZAO,393800,430200,1641,3.19,8.5,11.0,5,233020.0,-40.8,False
2021-05-01,Ramenki,ZAO,389900,441700,1624,-0.62,8.5,11.0,7,265600.0,-31.9,False
2021-05-01,Rogovskoye,TAO,90900,101900,379,-0.16,8.5,11.0,6,44767.0,-50.8,True
2021-05-01,Rostokino,SVAO,243400,272200,1014,0.03,8.5,11.0,4,153850.0,-36.8,False
2021-05-01,Ryazanovskoye,NAO,140200,156300,584,-2.6,8.5,11.0,8,82825.0,-40.9,True
2021-05-01,Savyolovsky,SAO,305400,331000,1273,1.86,8.5,11.0,4,177125.0,-42.0,False
2021-05-01,Severnoye Butovo,YuZAO,271100,293100,1130,5.62,8.5,11.0,5,184640.0,-31.9,False
2021-05-01,Severnoye Izmaylovo,VAO,227700,250800,949,-0.54,8.5,11.0,5,162440.0,-28.7,False
2021-05-01,Severnoye Medvedkovo,SVAO,227400,249800,947,-0.68,8.5,11.0,6,122817.0,-46.0,False
2021-05-01,Severnoye Tushino,SZAO,270900,308800,1129,4.91,8.5,11.0,7,175386.0,-35.3,False
2021-05-01,Severny,SVAO,195800,203700,816,-4.35,8.5,11.0,5,113820.0,-41.9,False
2021-05-01,Shchapovskoye,TAO,95600,107000,398,3.47,8.5,11.0,6,60300.0,-36.9,True
2021-05-01,Shcherbinka,NAO,180200,192400,751,5.25,8.5,11.0,3,80300.0,-55.4,True
2021-05-01,Shchukino,SZAO,317500,354200,1323,3.5,8.5,11.0,7,234057.0,-26.3,False
2021-05-01,Sokol,SAO,311000,347200,1296,-0.22,8.5,11.0,8,254800.0,-18.1,False
2021-05-01,Sokolinaya Gora,VAO,227600,241800,948,-0.93,8.5,11.0,3,146867.0,-35.5,False
2021-05-01,Sokolniki,VAO,285900,318800,1191,4.86,8.5,11.0,11,202900.0,-29.0,False
2021-05-01,Solntsevo,ZAO,259600,288900,1082,3.25,8.5,11.0,4,138550.0,-46.6,False
2021-05-01,Sosenskoye,NAO,176300,195700,735,0.67,8.5,11.0,3,93500.0,-47.0,True
2021-05-01,Strogino,SZAO,335100,371500,1396,2.38,8.5,11.0,2,231650.0,-30.9,False
2021-05-01,Sviblovo,SVAO,234500,260600,977,-1.93,8.5,11.0,8,141600.0,-39.6,False
2021-05-01,Tagansky,CAO,449200,479900,1871,4.49,8.5,11.0,5,324520.0,-27.8,False
2021-05-01,Timiryazevsky,SAO,278400,304800,1160,-5.1,8.5,11.0,0,,,False
2021-05-01,Troitsk,TAO,126300,133100,526,4.66,8.5,11.0,3,55033.0,-56.4,True
2021-05-01,Troparyovo-Nikulino,ZAO,336100,376000,1401,-3.88,8.5,11.0,2,300700.0,-10.5,False
2021-05-01,Tsaritsyno,YuAO,222700,249300,928,1.24,8.5,11.0,4,146625.0,-34.2,False
2021-05-01,Tverskoy,CAO,578400,646800,2410,-0.93,8.5,11.0,3,453833.0,-21.5,False
2021-05-01,Tyoply Stan,YuZAO,275100,319400,1146,3.82,8.5,11.0,9,180711.0,-34.3,False
2021-05-01,Veshnyaki,VAO,206300,219400,860,0.36,8.5,11.0,5,123640.0,-40.1,False
2021-05-01,Vnukovo,ZAO,238500,257700,994,1.5,8.5,11.0,1,189600.0,-20.5,False
2021-05-01,Vnukovskoye,NAO,180300,198400,751,0.63,8.5,11.0,5,94960.0,-47.3,True
2021-05-01,Voronovskoye,TAO,94200,103000,392,3.74,8.5,11.0,6,43917.0,-53.4,True
2021-05-01,Voskresenskoye,NAO,163700,180500,682,0.12,8.5,11.0,6,98117.0,-40.1,True
2021-05-01,Vostochnoye Izmaylovo,VAO,234000,260900,975,-3.88,8.5,11.0,3,167933.0,-28.2,False
2021-05-01,Vostochny,VAO,191500,213500,798,-2.14,8.5,11.0,2,134400.0,-29.8,False
2021-05-01,Voykovsky,SAO,247200,271700,1030,-4.25,8.5,11.0,3,165100.0,-33.2,False
2021-05-01,Yakimanka,CAO,608100,655000,2534,9.15,8.5,11.0,7,460086.0,-24.3,False
2021-05-01,Yaroslavsky,SVAO,218400,240900,910,2.41,8.5,11.0,3,154967.0,-29.0,False
2021-05-01,Yasenevo,YuZAO,303400,340800,1264,0.9,8.5,11.0,7,246514.0,-18.7,False
2021-05-01,Yuzhnoye Butovo,YuZAO,245200,276200,1022,-0.07,8.5,11.0,6,150733.0,-38.5,False
2021-05-01,Yuzhnoye Medvedkovo,SVAO,224400,248500,935,3.06,8.5,11.0,6,132133.0,-41.1,False
2021-05-01,Yuzhnoye Tushino,SZAO,269700,291000,1124,-0.51,8.5,11.0,6,171400.0,-36.4,False
2021-05-01,Zamoskvorechye,CAO,499700,555400,2082,-5.25,8.5,11.0,6,379683.0,-24.0,False
2021-05-01,Zapadnoye Degunino,SAO,226200,255800,942,4.54,8.5,11.0,3,129500.0,-42.7,False
2021-05-01,Zelenograd,ZelAO,156100,173500,650,2.63,8.5,11.0,8,80513.0,-48.4,True
2021-05-01,Zyablikovo,YuAO,204300,218300,851,2.15,8.5,11.0,7,113371.0,-44.5,False
2021-05-01,Zyuzino,YuZAO,307100,350500,1279,3.59,8.5,11.0,7,177743.0,-42.1,False
2021-06-01,Aeroport,SAO,298400,323500,1243,5.29,8.5,11.0,4,174325.0,-41.6,False
2021-06-01,Akademichesky,YuZAO,345300,388400,1439,-2.43,8.5,11.0,4,215425.0,-37.6,False
2021-06-01,Alekseevsky,SVAO,292600,321200,1219,6.46,8.5,11.0,9,203267.0,-30.5,False
2021-06-01,Altufyevsky,SVAO,221400,242100,922,7.29,8.5,11.0,4,111975.0,-49.4,False
2021-06-01,Arbat,CAO,605100,682700,2521,0.14,8.5,11.0,7,432171.0,-28.6,False
2021-06-01,Babushkinsky,SVAO,243700,270500,1015,3.95,8.5,11.0,7,139729.0,-42.7,False
2021-06-01,Basmanny,CAO,464600,501800,1936,-5.41,8.5,11.0,4,360625.0,-22.4,False
2021-06-01,Begovoy,SAO,320700,353600,1336,0.69,8.5,11.0,13,239862.0,-25.2,False
2021-06-01,Beskudnikovsky,SAO,229200,261100,955,3.44,8.5,11.0,4,147275.0,-35.7,False
2021-06-01,Bibirevo,SVAO,232300,248700,968,3.51,8.5,11.0,3,145367.0,-37.4,False
2021-06-01,Biryulyovo Vostochnoye,YuAO,192200,207800,801,-2.23,8.5,11.0,1,108100.0,-43.8,False
2021-06-01,Biryulyovo Zapadnoye,YuAO,199100,219800,830,7.79,8.5,11.0,5,119660.0,-39.9,False
2021-06-01,Bogorodskoye,VAO,239200,260400,997,4.27,8.5,11.0,5,177980.0,-25.6,False
2021-06-01,Brateyevo,YuAO,203300,223100,847,-0.82,8.5,11.0,7,118871.0,-41.5,False
2021-06-01,Butyrsky,SVAO,268500,303100,1119,-3.32,8.5,11.0,3,160633.0,-40.2,False
2021-06-01,Chertanovo Severnoye,YuAO,223700,251400,932,-1.74,8.5,11.0,4,187850.0,-16.0,False
2021-06-01,Chertanovo Tsentralnoye,YuAO,224700,256300,936,2.2,8.5,11.0,6,132750.0,-40.9,False
2021-06-01,Chertanovo Yuzhnoye,YuAO,204600,209100,853,-2.48,8.5,11.0,6,169150.0,-17.3,False
2021-06-01,Cheryomushki,YuZAO,339800,377300,1416,3.93,8.5,11.0,7,247414.0,-27.2,False
2021-06-01,Danilovsky,YuAO,293900,341000,1225,3.25,8.5,11.0,3,195533.0,-33.5,False
2021-06-01,Desyonovskoye,NAO,173100,188500,721,3.55,8.5,11.0,10,90720.0,-47.6,True
2021-06-01,Dmitrovsky,SAO,221200,245800,922,6.8,8.5,11.0,4,144025.0,-34.9,False
2021-06-01,Donskoy,YuAO,313600,355500,1307,3.5,8.5,11.0,3,204167.0,-34.9,False
2021-06-01,Dorogomilovo,ZAO,474300,533100,1976,0.73,8.5,11.0,6,352283.0,-25.7,False
2021-06-01,Fili-Davydkovo,ZAO,346300,383800,1443,1.26,8.5,11.0,5,254980.0,-26.4,False
2021-06-01,Filimonkovskoye,NAO,150400,161400,626,-4.68,8.5,11.0,4,92925.0,-38.2,True
2021-06-01,Filyovsky Park,ZAO,375600,412000,1565,-0.14,8.5,11.0,3,271767.0,-27.6,False
2021-06-01,Gagarinsky,YuZAO,397800,429900,1657,2.81,8.5,11.0,3,266400.0,-33.0,False
2021-06-01,Golovinsky,SAO,241900,272000,1008,2.62,8.5,11.0,5,134140.0,-44.5,False
2021-06-01,Golyanovo,VAO,217500,243400,906,5.54,8.5,11.0,3,168300.0,-22.6,False
2021-06-01,Ivanovskoye,VAO,230500,267800,960,4.32,8.5,11.0,2,158150.0,-31.4,False
2021-06-01,Izmaylovo,VAO,257400,291900,1072,2.57,8.5,11.0,6,152917.0,-40.6,False
2021-06-01,Khamovniki,CAO,646000,696600,2692,-2.35,8.5,11.0,7,464857.0,-28.0,False
2021-06-01,Khoroshyovo-Mnyovniki,SZAO,348900,368600,1454,8.11,8.5,11.0,4,203575.0,-41.7,False
2021-06-01,Khoroshyovsky,SAO,339100,358500,1413,8.78,8.5,11.0,2,166750.0,-50.8,False
2021-06-01,Khovrino,SAO,235400,268300,981,8.53,8.5,11.0,4,130600.0,-44.5,False
2021-06-01,Kievsky,TAO,89000,101900,371,-1.54,8.5,11.0,8,42163.0,-52.6,True
2021-06-01,Klyonovskoye,TAO,88500,99100,369,-1.56,8.5,11.0,4,43725.0,-50.6,True
2021-06-01,Kokoshkino,NAO,149800,168900,624,3.98,8.5,11.0,2,72400.0,-51.7,True
2021-06-01,Konkovo,YuZAO,311100,350000,1296,5.86,8.5,11.0,6,198767.0,-36.1,False
2021-06-01,Koptevo,SAO,246600,272400,1027,-1.45,8.5,11.0,1,135800.0,-44.9,False
2021-06-01,Kosino-Ukhtomsky,VAO,208900,232700,871,5.01,8.5,11.0,2,126400.0,-39.5,False
2021-06-01,Kotlovka,YuZAO,330200,362000,1376,3.69,8.5,11.0,2,250000.0,-24.3,False
2021-06-01,Krasnopakhorskoye,TAO,106500,115400,444,1.79,8.5,11.0,11,57318.0,-46.2,True
2021-06-01,Krasnoselsky,CAO,447700,472300,1865,2.27,8.5,11.0,5,380740.0,-15.0,False
2021-06-01,Krylatskoye,SZAO,379200,423700,1580,-1.21,8.5,11.0,4,197125.0,-48.0,False
2021-06-01,Kuntsevo,ZAO,340900,371900,1421,6.44,8.5,11.0,9,198567.0,-41.8,False
2021-06-01,Kurkino,SZAO,318100,353400,1325,1.8,8.5,11.0,4,175075.0,-45.0,False
2021-06-01,Levoberezhny,SAO,245800,268100,1024,-1.61,8.5,11.0,8,154713.0,-37.1,False
2021-06-01,Lianozovo,SVAO,213700,243600,890,1.42,8.5,11.0,6,146883.0,-31.3,False
2021-06-01,Lomonosovsky,YuZAO,395900,419700,1649,0.42,8.5,11.0,4,302975.0,-23.5,False
2021-06-01,Losinoostrovsky,SVAO,225500,256100,940,-0.94,8.5,11.0,3,142933.0,-36.6,False
2021-06-01,Marfino,SVAO,246300,271100,1026,1.24,8.5,11.0,6,155867.0,-36.7,False
2021-06-01,Marushkinskoye,NAO,143700,154400,599,2.54,8.5,11.0,4,71150.0,-50.5,True
2021-06-01,Maryina Roshcha,SVAO,299900,333800,1250,5.36,8.5,11.0,4,210550.0,-29.8,False
2021-06-01,Meshchansky,CAO,476200,528100,1984,4.51,8.5,11.0,4,363200.0,-23.7,False
2021-06-01,Metrogorodok,VAO,216400,236800,902,2.57,8.5,11.0,5,155520.0,-28.1,False
2021-06-01,Mikhaylovo-Yartsevskoye,TAO,95100,102400,396,-1.29,8.5,11.0,4,47600.0,-49.9,True
2021-06-01,Mitino,SZAO,253900,270900,1058,-3.12,8.5,11.0,2,153050.0,-39.7,False
2021-06-01,Molzhaninovsky,SAO,189500,199300,790,-0.13,8.5,11.0,2,111200.0,-41.3,False
2021-06-01,Moskovsky,NAO,181700,202900,757,-1.93,8.5,11.0,7,98057.0,-46.0,True
2021-06-01,Moskvorechye-Saburovo,YuAO,226100,251500,942,-1.85,8.5,11.0,10,154660.0,-31.6,False
2021-06-01,Mosrentgen,NAO,186100,201800,776,0.85,8.5,11.0,2,104400.0,-43.9,True
2021-06-01,Mozhaysky,ZAO,308000,339200,1283,2.2,8.5,11.0,8,194963.0,-36.7,False
2021-06-01,Nagatino-Sadovniki,YuAO,251700,280800,1049,1.39,8.5,11.0,6,164100.0,-34.8,False
2021-06-01,Nagatinsky Zaton,YuAO,283100,307200,1180,5.05,8.5,11.0,6,191367.0,-32.4,False
2021-06-01,Nagorny,YuAO,271500,299900,1131,4.05,8.5,11.0,4,211175.0,-22.2,False
2021-06-01,Novo-Peredelkino,ZAO,251700,281100,1049,2.54,8.5,11.0,7,134386.0,-46.6,False
2021-06-01,Novofyodorovskoye,TAO,92200,99500,384,3.98,8.5,11.0,4,49575.0,-46.2,True
2021-06-01,Novogireyevo,VAO,239200,266800,997,6.81,8.5,11.0,8,167425.0,-30.0,False
2021-06-01,Novokosino,VAO,223400,242000,931,4.89,8.5,11.0,4,160450.0,-28.2,False
2021-06-01,Obruchevsky,YuZAO,334400,383800,1393,-0.1,8.5,11.0,5,217280.0,-35.0,False
2021-06-01,Ochakovo-Matveyevskoye,ZAO,294400,326700,1227,1.26,8.5,11.0,5,166700.0,-43.4,False
2021-06-01,Orekhovo-Borisovo Severnoye,YuAO,215200,232000,897,-0.7,8.5,11.0,4,127225.0,-40.9,False
2021-06-01,Orekhovo-Borisovo Yuzhnoye,YuAO,212600,226900,886,5.42,8.5,11.0,7,125486.0,-41.0,False
2021-06-01,Ostankinsky,SVAO,292800,325800,1220,-1.21,8.5,11.0,9,214300.0,-26.8,False
2021-06-01,Otradnoye,SVAO,241100,270600,1004,-0.05,8.5,11.0,2,156400.0,-35.1,False
2021-06-01,Perovo,VAO,238000,264300,992,5.03,8.5,11.0,1,125000.0,-47.5,False
2021-06-01,Pervomayskoye,TAO,98800,109300,412,-3.39,8.5,11.0,5,64000.0,-35.2,True
2021-06-01,Pokrovskoye-Streshnevo,SZAO,295600,327900,1232,1.12,8.5,11.0,5,196020.0,-33.7,False
2021-06-01,Preobrazhenskoye,VAO,247000,274000,1029,-2.77,8.5,11.0,6,241900.0,-2.1,False
2021-06-01,Presnensky,CAO,569900,630300,2374,3.3,8.5,11.0,5,455540.0,-20.1,False
2021-06-01,Prospekt Vernadskogo,ZAO,395800,433100,1649,0.5,8.5,11.0,7,295486.0,-25.3,False
2021-06-01,Ramenki,ZAO,399800,434700,1666,2.56,8.5,11.0,5,257880.0,-35.5,False
2021-06-01,Rogovskoye,TAO,91300,98900,381,0.46,8.5,11.0,4,53700.0,-41.2,True
2021-06-01,Rostokino,SVAO,235900,260700,983,-3.05,8.5,11.0,3,186967.0,-20.7,False
2021-06-01,Ryazanovskoye,NAO,150600,166900,627,7.4,8.5,11.0,5,75300.0,-50.0,True
2021-06-01,Savyolovsky,SAO,306500,341300,1277,0.36,8.5,11.0,8,196025.0,-36.0,False
2021-06-01,Severnoye Butovo,YuZAO,255800,278700,1066,-5.65,8.5,11.0,2,192100.0,-24.9,False
2021-06-01,Severnoye Izmaylovo,VAO,249900,275000,1041,9.78,8.5,11.0,6,178283.0,-28.7,False
2021-06-01,Severnoye Medvedkovo,SVAO,238100,266900,992,4.72,8.5,11.0,6,170750.0,-28.3,False
2021-06-01,Severnoye Tushino,SZAO,269500,290900,1123,-0.5,8.5,11.0,5,142760.0,-47.0,False
2021-06-01,Severny,SVAO,207600,219500,865,6.04,8.5,11.0,3,98833.0,-52.4,False
2021-06-01,Shchapovskoye,TAO,94400,102700,393,-1.26,8.5,11.0,5,52340.0,-44.6,True
2021-06-01,Shcherbinka,NAO,173800,183200,724,-3.56,8.5,11.0,5,92640.0,-46.7,True
2021-06-01,Shchukino,SZAO,317700,349000,1324,0.08,8.5,11.0,11,266109.0,-16.2,False
2021-06-01,Sokol,SAO,321900,341400,1341,3.51,8.5,11.0,9,254244.0,-21.0,False
2021-06-01,Sokolinaya Gora,VAO,241400,258800,1006,6.05,8.5,11.0,5,129020.0,-46.6,False
2021-06-01,Sokolniki,VAO,277000,302800,1154,-3.12,8.5,11.0,8,225150.0,-18.7,False
2021-06-01,Solntsevo,ZAO,278000,320400,1158,7.11,8.5,11.0,5,150060.0,-46.0,False
2021-06-01,Sosenskoye,NAO,186500,204600,777,5.77,8.5,11.0,6,102550.0,-45.0,True
2021-06-01,Strogino,SZAO,334100,361800,1392,-0.29,8.5,11.0,4,245550.0,-26.5,False
2021-06-01,Sviblovo,SVAO,247900,264100,1033,5.71,8.5,11.0,4,139600.0,-43.7,False
2021-06-01,Tagansky,CAO,460200,493200,1918,2.46,8.5,11.0,4,339875.0,-26.1,False
2021-06-01,Timiryazevsky,SAO,282300,321100,1176,1.39,8.5,11.0,11,201255.0,-28.7,False
2021-06-01,Troitsk,TAO,125500,140100,523,-0.68,8.5,11.0,6,67733.0,-46.0,True
2021-06-01,Troparyovo-Nikulino,ZAO,364100,425400,1517,8.32,8.5,11.0,3,202800.0,-44.3,False
2021-06-01,Tsaritsyno,YuAO,228500,254400,952,2.61,8.5,11.0,5,138260.0,-39.5,False
2021-06-01,Tverskoy,CAO,592300,653300,2468,2.4,8.5,11.0,7,407786.0,-31.2,False
2021-06-01,Tyoply Stan,YuZAO,273400,300000,1139,-0.64,8.5,11.0,8,184138.0,-32.6,False
2021-06-01,Veshnyaki,VAO,207500,236200,864,0.54,8.5,11.0,7,115271.0,-44.4,False
2021-06-01,Vnukovo,ZAO,248100,280800,1034,4.01,8.5,11.0,3,144100.0,-41.9,False
2021-06-01,Vnukovskoye,NAO,185200,194200,772,2.72,8.5,11.0,5,100820.0,-45.6,True
2021-06-01,Voronovskoye,TAO,98600,112500,411,4.66,8.5,11.0,2,59450.0,-39.7,True
2021-06-01,Voskresenskoye,NAO,169000,181300,704,3.21,8.5,11.0,4,95100.0,-43.7,True
2021-06-01,Vostochnoye Izmaylovo,VAO,235600,254900,982,0.7,8.5,11.0,2,149700.0,-36.5,False
2021-06-01,Vostochny,VAO,206400,226100,860,7.79,8.5,11.0,4,102900.0,-50.1,False
2021-06-01,Voykovsky,SAO,264500,306700,1102,6.98,8.5,11.0,3,177500.0,-32.9,False
2021-06-01,Yakimanka,CAO,591500,670100,2465,-2.73,8.5,11.0,5,377380.0,-36.2,False
2021-06-01,Yaroslavsky,SVAO,234300,261400,976,7.27,8.5,11.0,5,119280.0,-49.1,False
2021-06-01,Yasenevo,YuZAO,295500,325000,1231,-2.59,8.5,11.0,5,222080.0,-24.8,False
2021-06-01,Yuzhnoye Butovo,YuZAO,244400,278100,1018,-0.35,8.5,11.0,1,142300.0,-41.8,False
2021-06-01,Yuzhnoye Medvedkovo,SVAO,237200,255400,988,5.7,8.5,11.0,2,137200.0,-42.2,False
2021-06-01,Yuzhnoye Tushino,SZAO,282000,307000,1175,4.55,8.5,11.0,1,195300.0,-30.7,False
2021-06-01,Zamoskvorechye,CAO,519800,574700,2166,4.02,8.5,11.0,1,325600.0,-37.4,False
2021-06-01,Zapadnoye Degunino,SAO,227000,247600,946,0.36,8.5,11.0,5,131540.0,-42.1,False
2021-06-01,Zelenograd,ZelAO,154500,170400,644,-1.02,8.5,11.0,6,67150.0,-56.5,True
2021-06-01,Zyablikovo,YuAO,211600,236900,881,3.54,8.5,11.0,2,106150.0,-49.8,False
2021-06-01,Zyuzino,YuZAO,311600,342600,1298,1.47,8.5,11.0,5,207760.0,-33.3,False
2021-07-01,Aeroport,SAO,291600,326800,1215,-2.26,8.5,11.0,4,181700.0,-37.7,False
2021-07-01,Akademichesky,YuZAO,359100,406300,1496,4.0,8.5,11.0,6,230750.0,-35.7,False
2021-07-01,Alekseevsky,SVAO,290500,321800,1211,-0.69,8.5,11.0,6,221233.0,-23.8,False
2021-07-01,Altufyevsky,SVAO,230900,249100,962,4.3,8.5,11.0,5,132100.0,-42.8,False
2021-07-01,Arbat,CAO,617200,674600,2572,2.0,8.5,11.0,4,380350.0,-38.4,False
2021-07-01,Babushkinsky,SVAO,247400,270600,1031,1.51,8.5,11.0,5,154420.0,-37.6,False
2021-07-01,Basmanny,CAO,490000,537200,2042,5.47,8.5,11.0,10,327570.0,-33.1,False
2021-07-01,Begovoy,SAO,335800,380300,1399,4.71,8.5,11.0,11,253000.0,-24.7,False
2021-07-01,Beskudnikovsky,SAO,228900,258100,954,-0.13,8.5,11.0,4,141375.0,-38.2,False
2021-07-01,Bibirevo,SVAO,233000,270900,971,0.28,8.5,11.0,7,145829.0,-37.4,False
2021-07-01,Biryulyovo Vostochnoye,YuAO,210100,228200,875,9.28,8.5,11.0,2,129750.0,-38.2,False
2021-07-01,Biryulyovo Zapadnoye,YuAO,202200,221400,842,1.52,8.5,11.0,4,134100.0,-33.7,False
2021-07-01,Bogorodskoye,VAO,233300,249200,972,-2.47,8.5,11.0,2,179050.0,-23.3,False
2021-07-01,Brateyevo,YuAO,215400,235200,897,5.92,8.5,11.0,9,116578.0,-45.9,False
2021-07-01,Butyrsky,SVAO,279900,313600,1166,4.22,8.5,11.0,3,231967.0,-17.1,False
2021-07-01,Chertanovo Severnoye,YuAO,235600,255900,982,5.33,8.5,11.0,6,155883.0,-33.8,False
2021-07-01,Chertanovo Tsentralnoye,YuAO,221000,243600,921,-1.65,8.5,11.0,8,133925.0,-39.4,False
2021-07-01,Chertanovo Yuzhnoye,YuAO,205400,233400,856,0.35,8.5,11.0,4,147050.0,-28.4,False
2021-07-01,Cheryomushki,YuZAO,322500,357700,1344,-5.1,8.5,11.0,3,310833.0,-3.6,False
2021-07-01,Danilovsky,YuAO,300700,333200,1253,2.31,8.5,11.0,3,197367.0,-34.4,False
2021-07-01,Desyonovskoye,NAO,172800,188200,720,-0.18,8.5,11.0,6,88183.0,-49.0,True
2021-07-01,Dmitrovsky,SAO,216500,238000,902,-2.12,8.5,11.0,5,116360.0,-46.3,False
2021-07-01,Donskoy,YuAO,314200,357000,1309,0.19,8.5,11.0,7,222129.0,-29.3,False
2021-07-01,Dorogomilovo,ZAO,491600,528700,2048,3.64,8.5,11.0,9,319244.0,-35.1,False
2021-07-01,Fili-Davydkovo,ZAO,362300,412500,1510,4.61,8.5,11.0,6,228633.0,-36.9,False
2021-07-01,Filimonkovskoye,NAO,149500,163600,623,-0.57,8.5,11.0,6,84133.0,-43.7,True
2021-07-01,Filyovsky Park,ZAO,381200,416600,1588,1.49,8.5,11.0,10,277160.0,-27.3,False
2021-07-01,Gagarinsky,YuZAO,400000,454200,1667,0.57,8.5,11.0,4,277475.0,-30.6,False
2021-07-01,Golovinsky,SAO,235800,248200,983,-2.52,8.5,11.0,2,208400.0,-11.6,False
2021-07-01,Golyanovo,VAO,212200,226200,884,-2.48,8.5,11.0,8,132988.0,-37.3,False
2021-07-01,Ivanovskoye,VAO,228700,248700,953,-0.76,8.5,11.0,5,128660.0,-43.7,False
2021-07-01,Izmaylovo,VAO,258900,291400,1079,0.6,8.5,11.0,5,152700.0,-41.0,False
2021-07-01,Khamovniki,CAO,632800,737600,2637,-2.04,8.5,11.0,7,496900.0,-21.5,False
2021-07-01,Khoroshyovo-Mnyovniki,SZAO,322800,360300,1345,-7.47,8.5,11.0,8,209438.0,-35.1,False
2021-07-01,Khoroshyovsky,SAO,341300,358900,1422,0.64,8.5,11.0,5,265100.0,-22.3,False
2021-07-01,Khovrino,SAO,229200,240900,955,-2.61,8.5,11.0,7,127686.0,-44.3,False
2021-07-01,Kievsky,TAO,92900,101000,387,4.34,8.5,11.0,3,48533.0,-47.8,True
2021-07-01,Klyonovskoye,TAO,90200,98800,376,1.95,8.5,11.0,4,49025.0,-45.6,True
2021-07-01,Kokoshkino,NAO,147200,159100,613,-1.76,8.5,11.0,3,78433.0,-46.7,True
2021-07-01,Konkovo,YuZAO,301300,339500,1255,-3.16,8.5,11.0,7,184671.0,-38.7,False
2021-07-01,Koptevo,SAO,251600,278000,1048,2.03,8.5,11.0,6,143767.0,-42.9,False
2021-07-01,Kosino-Ukhtomsky,VAO,211900,244600,883,1.42,8.5,11.0,5,118140.0,-44.2,False
2021-07-01,Kotlovka,YuZAO,334300,365000,1393,1.26,8.5,11.0,6,263133.0,-21.3,False
2021-07-01,Krasnopakhorskoye,TAO,112800,121800,470,5.89,8.5,11.0,3,64433.0,-42.9,True
2021-07-01,Krasnoselsky,CAO,423700,458400,1765,-5.36,8.5,11.0,2,270400.0,-36.2,False
2021-07-01,Krylatskoye,SZAO,385500,429200,1606,1.65,8.5,11.0,5,273580.0,-29.0,False
2021-07-01,Kuntsevo,ZAO,327900,367000,1366,-3.82,8.5,11.0,4,237900.0,-27.4,False
2021-07-01,Kurkino,SZAO,318700,340300,1328,0.19,8.5,11.0,7,170729.0,-46.4,False
2021-07-01,Levoberezhny,SAO,243700,264900,1016,-0.84,8.5,11.0,5,150740.0,-38.1,False
2021-07-01,Lianozovo,SVAO,228700,259800,953,7.02,8.5,11.0,5,131420.0,-42.5,False
2021-07-01,Lomonosovsky,YuZAO,406500,441800,1694,2.69,8.5,11.0,5,282720.0,-30.5,False
2021-07-01,Losinoostrovsky,SVAO,244700,266100,1020,8.53,8.5,11.0,8,129725.0,-47.0,False
2021-07-01,Marfino,SVAO,247500,277900,1031,0.49,8.5,11.0,3,187233.0,-24.4,False
2021-07-01,Marushkinskoye,NAO,137200,145200,572,-4.51,8.5,11.0,6,87367.0,-36.3,True
2021-07-01,Maryina Roshcha,SVAO,305400,332200,1273,1.84,8.5,11.0,3,174667.0,-42.8,False
2021-07-01,Meshchansky,CAO,484900,551100,2020,1.82,8.5,11.0,6,396900.0,-18.1,False
2021-07-01,Metrogorodok,VAO,212600,227300,886,-1.75,8.5,11.0,2,182450.0,-14.2,False
2021-07-01,Mikhaylovo-Yartsevskoye,TAO,99600,105600,415,4.65,8.5,11.0,7,60200.0,-39.6,True
2021-07-01,Mitino,SZAO,272900,287600,1137,7.49,8.5,11.0,3,141767.0,-48.1,False
2021-07-01,Molzhaninovsky,SAO,191900,207200,800,1.28,8.5,11.0,7,101171.0,-47.3,False
2021-07-01,Moskovsky,NAO,194400,209900,810,6.97,8.5,11.0,5,102440.0,-47.3,True
2021-07-01,Moskvorechye-Saburovo,YuAO,235900,257400,983,4.35,8.5,11.0,5,157400.0,-33.3,False
2021-07-01,Mosrentgen,NAO,186900,211400,779,0.41,8.5,11.0,6,160250.0,-14.3,True
2021-07-01,Mozhaysky,ZAO,292800,335000,1220,-4.95,8.5,11.0,6,195267.0,-33.3,False
2021-07-01,Nagatino-Sadovniki,YuAO,259900,281700,1083,3.28,8.5,11.0,4,151150.0,-41.8,False
2021-07-01,Nagatinsky Zaton,YuAO,267300,296800,1114,-5.58,8.5,11.0,6,159517.0,-40.3,False
2021-07-01,Nagorny,YuAO,267900,308400,1116,-1.3,8.5,11.0,5,199980.0,-25.4,False
2021-07-01,Novo-Peredelkino,ZAO,258900,297500,1079,2.86,8.5,11.0,2,136600.0,-47.2,False
2021-07-01,Novofyodorovskoye,TAO,96800,108500,403,4.95,8.5,11.0,5,49860.0,-48.5,True
2021-07-01,Novogireyevo,VAO,246900,273300,1029,3.21,8.5,11.0,9,178544.0,-27.7,False
2021-07-01,Novokosino,VAO,222200,249400,926,-0.56,8.5,11.0,4,138100.0,-37.8,False
2021-07-01,Obruchevsky,YuZAO,328200,354300,1368,-1.84,8.5,11.0,12,255400.0,-22.2,False
2021-07-01,Ochakovo-Matveyevskoye,ZAO,292000,325100,1217,-0.81,8.5,11.0,4,174250.0,-40.3,False
2021-07-01,Orekhovo-Borisovo Severnoye,YuAO,216300,236600,901,0.52,8.5,11.0,5,132700.0,-38.7,False
2021-07-01,Orekhovo-Borisovo Yuzhnoye,YuAO,211200,234400,880,-0.66,8.5,11.0,6,110883.0,-47.5,False
2021-07-01,Ostankinsky,SVAO,294100,332100,1225,0.45,8.5,11.0,4,223025.0,-24.2,False
2021-07-01,Otradnoye,SVAO,244700,289300,1020,1.52,8.5,11.0,6,128167.0,-47.6,False
2021-07-01,Perovo,VAO,238300,270700,993,0.1,8.5,11.0,6,201250.0,-15.5,False
2021-07-01,Pervomayskoye,TAO,103000,114300,429,4.25,8.5,11.0,5,47360.0,-54.0,True
2021-07-01,Pokrovskoye-Streshnevo,SZAO,297800,331300,1241,0.75,8.5,11.0,6,191767.0,-35.6,False
2021-07-01,Preobrazhenskoye,VAO,265800,292100,1108,7.63,8.5,11.0,6,176983.0,-33.4,False
2021-07-01,Presnensky,CAO,561400,606100,2339,-1.48,8.5,11.0,7,466829.0,-16.8,False
2021-07-01,Prospekt Vernadskogo,ZAO,420900,446900,1754,6.35,8.5,11.0,4,228675.0,-45.7,False
2021-07-01,Ramenki,ZAO,415200,458900,1730,3.85,8.5,11.0,6,230033.0,-44.6,False
2021-07-01,Rogovskoye,TAO,90200,95500,376,-1.24,8.5,11.0,3,40267.0,-55.4,True
2021-07-01,Rostokino,SVAO,242700,266500,1011,2.88,8.5,11.0,7,154271.0,-36.4,False
2021-07-01,Ryazanovskoye,NAO,151400,163100,631,0.51,8.5,11.0,3,92367.0,-39.0,True
2021-07-01,Savyolovsky,SAO,326500,352700,1360,6.5,8.5,11.0,7,226386.0,-30.7,False
2021-07-01,Severnoye Butovo,YuZAO,276700,300300,1153,8.18,8.5,11.0,4,132025.0,-52.3,False
2021-07-01,Severnoye Izmaylovo,VAO,251400,269000,1047,0.57,8.5,11.0,5,178880.0,-28.8,False
2021-07-01,Severnoye Medvedkovo,SVAO,237100,275000,988,-0.42,8.5,11.0,4,143300.0,-39.6,False
2021-07-01,Severnoye Tushino,SZAO,271700,309900,1132,0.79,8.5,11.0,4,158275.0,-41.7,False
2021-07-01,Severny,SVAO,201500,230700,839,-2.96,8.5,11.0,11,116936.0,-42.0,False
2021-07-01,Shchapovskoye,TAO,98500,109700,410,4.33,8.5,11.0,7,58414.0,-40.7,True
2021-07-01,Shcherbinka,NAO,161400,179100,672,-7.13,8.5,11.0,6,92617.0,-42.6,True
2021-07-01,Shchukino,SZAO,322600,358400,1344,1.52,8.5,11.0,3,208467.0,-35.4,False
2021-07-01,Sokol,SAO,329900,378100,1374,2.48,8.5,11.0,5,190100.0,-42.4,False
2021-07-01,Sokolinaya Gora,VAO,235700,264200,982,-2.36,8.5,11.0,1,117900.0,-50.0,False
2021-07-01,Sokolniki,VAO,282700,307100,1178,2.07,8.5,11.0,3,199233.0,-29.5,False
2021-07-01,Solntsevo,ZAO,273400,312300,1139,-1.65,8.5,11.0,6,155317.0,-43.2,False
2021-07-01,Sosenskoye,NAO,196100,218300,817,5.18,8.5,11.0,5,106540.0,-45.7,True
2021-07-01,Strogino,SZAO,333700,356100,1391,-0.11,8.5,11.0,5,295340.0,-11.5,False
2021-07-01,Sviblovo,SVAO,239300,271400,997,-3.46,8.5,11.0,8,169163.0,-29.3,False
2021-07-01,Tagansky,CAO,465800,489100,1941,1.22,8.5,11.0,2,366800.0,-21.3,False
2021-07-01,Timiryazevsky,SAO,277800,320400,1157,-1.6,8.5,11.0,2,202300.0,-27.2,False
2021-07-01,Troitsk,TAO,131600,148700,548,4.91,8.5,11.0,6,58850.0,-55.3,True
2021-07-01,Troparyovo-Nikulino,ZAO,362600,399400,1511,-0.4,8.5,11.0,0,,,False
2021-07-01,Tsaritsyno,YuAO,216000,230100,900,-5.48,8.5,11.0,2,166100.0,-23.1,False
2021-07-01,Tverskoy,CAO,618000,693900,2575,4.35,8.5,11.0,8,555700.0,-10.1,False
2021-07-01,Tyoply Stan,YuZAO,271400,291700,1131,-0.74,8.5,11.0,3,166833.0,-38.5,False
2021-07-01,Veshnyaki,VAO,217600,249100,907,4.89,8.5,11.0,7,123986.0,-43.0,False
2021-07-01,Vnukovo,ZAO,251100,276100,1046,1.22,8.5,11.0,1,114900.0,-54.2,False
2021-07-01,Vnukovskoye,NAO,183100,199200,763,-1.17,8.5,11.0,5,119460.0,-34.8,True
2021-07-01,Voronovskoye,TAO,96400,105500,402,-2.21,8.5,11.0,6,48300.0,-49.9,True
2021-07-01,Voskresenskoye,NAO,177100,193900,738,4.81,8.5,11.0,1,79300.0,-55.2,True
2021-07-01,Vostochnoye Izmaylovo,VAO,246600,262300,1027,4.66,8.5,11.0,7,154371.0,-37.4,False
2021-07-01,Vostochny,VAO,199000,215700,829,-3.61,8.5,11.0,9,119089.0,-40.2,False
2021-07-01,Voykovsky,SAO,262200,298200,1092,-0.87,8.5,11.0,5,156160.0,-40.4,False
2021-07-01,Yakimanka,CAO,607900,676500,2533,2.76,8.5,11.0,7,510200.0,-16.1,False
2021-07-01,Yaroslavsky,SVAO,225100,257900,938,-3.94,8.5,11.0,5,120940.0,-46.3,False
2021-07-01,Yasenevo,YuZAO,296600,330400,1236,0.36,8.5,11.0,4,221825.0,-25.2,False
2021-07-01,Yuzhnoye Butovo,YuZAO,258700,281900,1078,5.86,8.5,11.0,5,123160.0,-52.4,False
2021-07-01,Yuzhnoye Medvedkovo,SVAO,239100,257800,996,0.8,8.5,11.0,7,120000.0,-49.8,False
2021-07-01,Yuzhnoye Tushino,SZAO,276400,309200,1152,-1.98,8.5,11.0,4,136750.0,-50.5,False
2021-07-01,Zamoskvorechye,CAO,537900,587800,2241,3.48,8.5,11.0,5,423180.0,-21.3,False
2021-07-01,Zapadnoye Degunino,SAO,229300,263000,955,1.01,8.5,11.0,6,138517.0,-39.6,False
2021-07-01,Zelenograd,ZelAO,153400,164600,639,-0.74,8.5,11.0,4,75600.0,-50.7,True
2021-07-01,Zyablikovo,YuAO,221500,250200,923,4.72,8.5,11.0,4,113750.0,-48.6,False
2021-07-01,Zyuzino,YuZAO,309200,340500,1288,-0.76,8.5,11.0,3,205767.0,-33.5,False
2021-08-01,Aeroport,SAO,310400,342200,1293,6.44,8.5,11.0,6,214967.0,-30.7,False
2021-08-01,Akademichesky,YuZAO,376300,414700,1568,4.78,8.5,11.0,8,255100.0,-32.2,False
2021-08-01,Alekseevsky,SVAO,285200,310300,1189,-1.82,8.5,11.0,6,199683.0,-30.0,False
2021-08-01,Altufyevsky,SVAO,227700,247900,949,-1.41,8.5,11.0,3,113733.0,-50.1,False
2021-08-01,Arbat,CAO,640700,703700,2669,3.8,8.5,11.0,3,472633.0,-26.2,False
2021-08-01,Babushkinsky,SVAO,250400,275700,1043,1.2,8.5,11.0,3,128100.0,-48.8,False
2021-08-01,Basmanny,CAO,500700,529100,2086,2.19,8.5,11.0,10,352170.0,-29.7,False
2021-08-01,Begovoy,SAO,326300,361100,1360,-2.82,8.5,11.0,5,235600.0,-27.8,False
2021-08-01,Beskudnikovsky,SAO,221500,240300,923,-3.21,8.5,11.0,3,128800.0,-41.9,False
2021-08-01,Bibirevo,SVAO,234500,247200,977,0.66,8.5,11.0,5,144980.0,-38.2,False
2021-08-01,Biryulyovo Vostochnoye,YuAO,204900,222200,854,-2.47,8.5,11.0,11,112273.0,-45.2,False
2021-08-01,Biryulyovo Zapadnoye,YuAO,205500,225600,856,1.66,8.5,11.0,7,117786.0,-42.7,False
2021-08-01,Bogorodskoye,VAO,245800,270300,1024,5.34,8.5,11.0,6,149750.0,-39.1,False
2021-08-01,Brateyevo,YuAO,218700,232700,911,1.56,8.5,11.0,2,144300.0,-34.0,False
2021-08-01,Butyrsky,SVAO,285200,329000,1189,1.92,8.5,11.0,3,223900.0,-21.5,False
2021-08-01,Chertanovo Severnoye,YuAO,233400,255300,973,-0.95,8.5,11.0,2,158650.0,-32.0,False
2021-08-01,Chertanovo Tsentralnoye,YuAO,229400,253100,956,3.81,8.5,11.0,5,133740.0,-41.7,False
2021-08-01,Chertanovo Yuzhnoye,YuAO,213600,234900,890,4.01,8.5,11.0,8,169513.0,-20.6,False
2021-08-01,Cheryomushki,YuZAO,339200,372400,1413,5.19,8.5,11.0,4,242025.0,-28.6,False
2021-08-01,Danilovsky,YuAO,304300,344300,1268,1.19,8.5,11.0,7,179157.0,-41.1,False
2021-08-01,Desyonovskoye,NAO,180800,197700,753,4.6,8.5,11.0,6,94767.0,-47.6,True
2021-08-01,Dmitrovsky,SAO,227100,255400,946,4.89,8.5,11.0,4,160900.0,-29.2,False
2021-08-01,Donskoy,YuAO,316100,336400,1317,0.61,8.5,11.0,5,224560.0,-29.0,False
2021-08-01,Dorogomilovo,ZAO,485900,541300,2025,-1.15,8.5,11.0,5,339740.0,-30.1,False
2021-08-01,Fili-Davydkovo,ZAO,377400,413300,1572,4.16,8.5,11.0,8,244513.0,-35.2,False
2021-08-01,Filimonkovskoye,NAO,161300,176000,672,7.92,8.5,11.0,5,89760.0,-44.4,True
2021-08-01,Filyovsky Park,ZAO,387800,421500,1616,1.74,8.5,11.0,5,302240.0,-22.1,False
2021-08-01,Gagarinsky,YuZAO,395300,414400,1647,-1.19,8.5,11.0,5,264480.0,-33.1,False
2021-08-01,Golovinsky,SAO,253300,275500,1055,7.39,8.5,11.0,7,167786.0,-33.8,False
2021-08-01,Golyanovo,VAO,219800,234200,916,3.62,8.5,11.0,5,140620.0,-36.0,False
2021-08-01,Ivanovskoye,VAO,231600,249000,965,1.25,8.5,11.0,8,152675.0,-34.1,False
2021-08-01,Izmaylovo,VAO,270600,296600,1127,4.5,8.5,11.0,4,188850.0,-30.2,False
2021-08-01,Khamovniki,CAO,659200,752100,2746,4.16,8.5,11.0,5,485340.0,-26.4,False
2021-08-01,Khoroshyovo-Mnyovniki,SZAO,338500,363600,1411,4.87,8.5,11.0,6,164000.0,-51.6,False
2021-08-01,Khoroshyovsky,SAO,335600,375200,1398,-1.68,8.5,11.0,7,233586.0,-30.4,False
2021-08-01,Khovrino,SAO,238200,259300,992,3.89,8.5,11.0,9,135456.0,-43.1,False
2021-08-01,Kievsky,TAO,96500,104500,402,3.85,8.5,11.0,7,45414.0,-52.9,True
2021-08-01,Klyonovskoye,TAO,95600,102700,398,5.99,8.5,11.0,5,53900.0,-43.6,True
2021-08-01,Kokoshkino,NAO,153400,164800,639,4.19,8.5,11.0,1,83800.0,-45.4,True
2021-08-01,Konkovo,YuZAO,310900,322900,1296,3.21,8.5,11.0,4,233200.0,-25.0,False
2021-08-01,Koptevo,SAO,260500,298300,1085,3.55,8.5,11.0,5,149140.0,-42.7,False
2021-08-01,Kosino-Ukhtomsky,VAO,222800,234700,928,5.16,8.5,11.0,6,133200.0,-40.2,False
2021-08-01,Kotlovka,YuZAO,332100,373600,1384,-0.65,8.5,11.0,2,186950.0,-43.7,False
2021-08-01,Krasnopakhorskoye,TAO,112300,130000,468,-0.49,8.5,11.0,6,58600.0,-47.8,True
2021-08-01,Krasnoselsky,CAO,459600,494700,1915,8.48,8.5,11.0,4,315750.0,-31.3,False
2021-08-01,Krylatskoye,SZAO,398500,441200,1660,3.38,8.5,11.0,4,275500.0,-30.9,False
2021-08-01,Kuntsevo,ZAO,316600,347900,1319,-3.45,8.5,11.0,3,194067.0,-38.7,False
2021-08-01,Kurkino,SZAO,316700,342200,1319,-0.64,8.5,11.0,8,169000.0,-46.6,False
2021-08-01,Levoberezhny,SAO,244500,267800,1019,0.31,8.5,11.0,6,164400.0,-32.8,False
2021-08-01,Lianozovo,SVAO,221400,246400,923,-3.19,8.5,11.0,0,,,False
2021-08-01,Lomonosovsky,YuZAO,409000,475700,1704,0.6,8.5,11.0,6,271917.0,-33.5,False
2021-08-01,Losinoostrovsky,SVAO,229700,254900,957,-6.13,8.5,11.0,4,120725.0,-47.4,False
2021-08-01,Marfino,SVAO,241700,273800,1007,-2.35,8.5,11.0,4,159500.0,-34.0,False
2021-08-01,Marushkinskoye,NAO,144400,155300,602,5.25,8.5,11.0,7,69271.0,-52.0,True
2021-08-01,Maryina Roshcha,SVAO,280300,318200,1168,-8.24,8.5,11.0,8,215938.0,-23.0,False
2021-08-01,Meshchansky,CAO,480500,520700,2002,-0.9,8.5,11.0,7,367671.0,-23.5,False
2021-08-01,Metrogorodok,VAO,221300,249300,922,4.05,8.5,11.0,8,144675.0,-34.6,False
2021-08-01,Mikhaylovo-Yartsevskoye,TAO,100900,109400,421,1.4,8.5,11.0,12,52700.0,-47.8,True
2021-08-01,Mitino,SZAO,271000,291600,1129,-0.69,8.5,11.0,4,164725.0,-39.2,False
2021-08-01,Molzhaninovsky,SAO,199800,225600,833,4.12,8.5,11.0,9,106933.0,-46.5,False
2021-08-01,Moskovsky,NAO,191000,208000,796,-1.74,8.5,11.0,4,84875.0,-55.6,True
2021-08-01,Moskvorechye-Saburovo,YuAO,229700,256900,957,-2.66,8.5,11.0,6,144150.0,-37.2,False
2021-08-01,Mosrentgen,NAO,190900,219300,796,2.16,8.5,11.0,6,130833.0,-31.5,True
2021-08-01,Mozhaysky,ZAO,303000,338000,1262,3.48,8.5,11.0,0,,,False
2021-08-01,Nagatino-Sadovniki,YuAO,265000,293600,1104,1.98,8.5,11.0,7,174329.0,-34.2,False
2021-08-01,Nagatinsky Zaton,YuAO,277500,305400,1156,3.83,8.5,11.0,6,191633.0,-30.9,False
2021-08-01,Nagorny,YuAO,259200,280600,1080,-3.27,8.5,11.0,6,214117.0,-17.4,False
2021-08-01,Novo-Peredelkino,ZAO,257800,290500,1074,-0.41,8.5,11.0,5,148380.0,-42.4,False
2021-08-01,Novofyodorovskoye,TAO,91600,98300,382,-5.39,8.5,11.0,7,48871.0,-46.6,True
2021-08-01,Novogireyevo,VAO,231500,249800,964,-6.25,8.5,11.0,3,191600.0,-17.2,False
2021-08-01,Novokosino,VAO,235200,253700,980,5.88,8.5,11.0,3,171100.0,-27.3,False
2021-08-01,Obruchevsky,YuZAO,336700,363800,1403,2.59,8.5,11.0,4,258625.0,-23.2,False
2021-08-01,Ochakovo-Matveyevskoye,ZAO,318700,349600,1328,9.12,8.5,11.0,6,154700.0,-51.5,False
2021-08-01,Orekhovo-Borisovo Severnoye,YuAO,215700,238000,899,-0.28,8.5,11.0,11,128473.0,-40.4,False
2021-08-01,Orekhovo-Borisovo Yuzhnoye,YuAO,221800,249300,924,5.01,8.5,11.0,4,120850.0,-45.5,False
2021-08-01,Ostankinsky,SVAO,291500,323500,1215,-0.88,8.5,11.0,5,204180.0,-30.0,False
2021-08-01,Otradnoye,SVAO,261000,283900,1088,6.66,8.5,11.0,5,145980.0,-44.1,False
2021-08-01,Perovo,VAO,239800,260800,999,0.66,8.5,11.0,5,185100.0,-22.8,False
2021-08-01,Pervomayskoye,TAO,104500,114000,435,1.43,8.5,11.0,3,47367.0,-54.7,True
2021-08-01,Pokrovskoye-Streshnevo,SZAO,293800,326000,1224,-1.36,8.5,11.0,5,186840.0,-36.4,False
2021-08-01,Preobrazhenskoye,VAO,262900,281800,1096,-1.1,8.5,11.0,3,229133.0,-12.8,False
2021-08-01,Presnensky,CAO,556700,590100,2319,-0.85,8.5,11.0,8,438813.0,-21.2,False
2021-08-01,Prospekt Vernadskogo,ZAO,424900,434900,1770,0.94,8.5,11.0,3,246300.0,-42.0,False
2021-08-01,Ramenki,ZAO,408700,461000,1703,-1.58,8.5,11.0,5,276000.0,-32.5,False
2021-08-01,Rogovskoye,TAO,88900,99700,370,-1.42,8.5,11.0,5,48200.0,-45.8,True
2021-08-01,Rostokino,SVAO,248800,269200,1037,2.51,8.5,11.0,3,155833.0,-37.4,False
2021-08-01,Ryazanovskoye,NAO,146200,163200,609,-3.43,8.5,11.0,6,74100.0,-49.3,True
2021-08-01,Savyolovsky,SAO,318700,342900,1328,-2.37,8.5,11.0,6,178850.0,-43.9,False
2021-08-01,Severnoye Butovo,YuZAO,274600,297200,1144,-0.79,8.5,11.0,4,133650.0,-51.3,False
2021-08-01,Severnoye Izmaylovo,VAO,248200,271000,1034,-1.27,8.5,11.0,3,168833.0,-32.0,False
2021-08-01,Severnoye Medvedkovo,SVAO,241100,266500,1005,1.7,8.5,11.0,6,142700.0,-40.8,False
2021-08-01,Severnoye Tushino,SZAO,273200,296800,1138,0.55,8.5,11.0,6,155250.0,-43.2,False
2021-08-01,Severny,SVAO,208600,231300,869,3.55,8.5,11.0,10,119040.0,-42.9,False
2021-08-01,Shchapovskoye,TAO,99300,110200,414,0.82,8.5,11.0,2,54950.0,-44.7,True
2021-08-01,Shcherbinka,NAO,182400,200600,760,13.01,8.5,11.0,4,103000.0,-43.5,True
2021-08-01,Shchukino,SZAO,348700,372100,1453,8.11,8.5,11.0,4,303000.0,-13.1,False
2021-08-01,Sokol,SAO,319100,353400,1330,-3.25,8.5,11.0,5,220500.0,-30.9,False
2021-08-01,Sokolinaya Gora,VAO,249000,268400,1038,5.66,8.5,11.0,8,167025.0,-32.9,False
2021-08-01,Sokolniki,VAO,289300,296700,1205,2.31,8.5,11.0,5,215840.0,-25.4,False
2021-08-01,Solntsevo,ZAO,274700,297900,1145,0.48,8.5,11.0,6,153633.0,-44.1,False
2021-08-01,Sosenskoye,NAO,193400,220300,806,-1.41,8.5,11.0,6,119833.0,-38.0,True
2021-08-01,Strogino,SZAO,349400,367000,1456,4.69,8.5,11.0,8,286575.0,-18.0,False
2021-08-01,Sviblovo,SVAO,238300,264600,993,-0.42,8.5,11.0,6,182433.0,-23.4,False
2021-08-01,Tagansky,CAO,476500,533400,1985,2.29,8.5,11.0,5,309760.0,-35.0,False
2021-08-01,Timiryazevsky,SAO,287800,324200,1199,3.62,8.5,11.0,5,153120.0,-46.8,False
2021-08-01,Troitsk,TAO,128900,141700,537,-2.08,8.5,11.0,6,71717.0,-44.4,True
2021-08-01,Troparyovo-Nikulino,ZAO,348000,389500,1450,-4.04,8.5,11.0,6,267033.0,-23.3,False
2021-08-01,Tsaritsyno,YuAO,224200,247500,934,3.81,8.5,11.0,5,142580.0,-36.4,False
2021-08-01,Tverskoy,CAO,629200,665200,2622,1.8,8.5,11.0,7,478357.0,-24.0,False
2021-08-01,Tyoply Stan,YuZAO,282600,320300,1178,4.14,8.5,11.0,5,201660.0,-28.6,False
2021-08-01,Veshnyaki,VAO,228200,260400,951,4.89,8.5,11.0,2,133100.0,-41.7,False
2021-08-01,Vnukovo,ZAO,249800,285300,1041,-0.5,8.5,11.0,5,136080.0,-45.5,False
2021-08-01,Vnukovskoye,NAO,190800,203400,795,4.24,8.5,11.0,6,100800.0,-47.2,True
2021-08-01,Voronovskoye,TAO,96500,108600,402,0.14,8.5,11.0,5,49720.0,-48.5,True
2021-08-01,Voskresenskoye,NAO,185200,207500,772,4.58,8.5,11.0,5,87800.0,-52.6,True
2021-08-01,Vostochnoye Izmaylovo,VAO,239900,269700,1000,-2.71,8.5,11.0,3,152367.0,-36.5,False
2021-08-01,Vostochny,VAO,204000,230200,850,2.51,8.5,11.0,7,122057.0,-40.2,False
2021-08-01,Voykovsky,SAO,268400,305600,1118,2.36,8.5,11.0,9,226800.0,-15.5,False
2021-08-01,Yakimanka,CAO,582200,636200,2426,-4.23,8.5,11.0,2,520050.0,-10.7,False
2021-08-01,Yaroslavsky,SVAO,219500,246700,915,-2.46,8.5,11.0,7,130043.0,-40.8,False
2021-08-01,Yasenevo,YuZAO,307100,348100,1280,3.56,8.5,11.0,5,238060.0,-22.5,False
2021-08-01,Yuzhnoye Butovo,YuZAO,259300,291100,1080,0.22,8.5,11.0,5,139700.0,-46.1,False
2021-08-01,Yuzhnoye Medvedkovo,SVAO,236100,249800,984,-1.25,8.5,11.0,5,147860.0,-37.4,False
2021-08-01,Yuzhnoye Tushino,SZAO,294400,342500,1226,6.5,8.5,11.0,3,224700.0,-23.7,False
2021-08-01,Zamoskvorechye,CAO,525200,597000,2188,-2.36,8.5,11.0,3,500467.0,-4.7,False
2021-08-01,Zapadnoye Degunino,SAO,226400,256200,943,-1.26,8.5,11.0,2,106300.0,-53.0,False
2021-08-01,Zelenograd,ZelAO,162100,173300,676,5.73,8.5,11.0,3,81633.0,-49.6,True
2021-08-01,Zyablikovo,YuAO,215700,233000,899,-2.66,8.5,11.0,7,132814.0,-38.4,False
2021-08-01,Zyuzino,YuZAO,320200,362800,1334,3.57,8.5,11.0,4,193175.0,-39.7,False
2021-09-01,Aeroport,SAO,303200,324100,1263,-2.33,8.5,11.0,4,218625.0,-27.9,False
2021-09-01,Akademichesky,YuZAO,357600,396900,1490,-4.97,8.5,11.0,8,218063.0,-39.0,False
2021-09-01,Alekseevsky,SVAO,296800,327300,1237,4.06,8.5,11.0,5,190860.0,-35.7,False
2021-09-01,Altufyevsky,SVAO,222000,239200,925,-2.49,8.5,11.0,4,136000.0,-38.7,False
2021-09-01,Arbat,CAO,635900,690500,2650,-0.74,8.5,11.0,9,444689.0,-30.1,False
2021-09-01,Babushkinsky,SVAO,252800,283000,1053,0.98,8.5,11.0,2,174750.0,-30.9,False
2021-09-01,Basmanny,CAO,498100,518700,2075,-0.53,8.5,11.0,5,308160.0,-38.1,False
2021-09-01,Begovoy,SAO,330800,346300,1378,1.36,8.5,11.0,8,233775.0,-29.3,False
2021-09-01,Beskudnikovsky,SAO,238800,270500,995,7.79,8.5,11.0,9,142456.0,-40.3,False
2021-09-01,Bibirevo,SVAO,233700,257400,974,-0.35,8.5,11.0,5,149140.0,-36.2,False
2021-09-01,Biryulyovo Vostochnoye,YuAO,221500,233100,923,8.11,8.5,11.0,6,124417.0,-43.8,False
2021-09-01,Biryulyovo Zapadnoye,YuAO,202400,228700,843,-1.54,8.5,11.0,5,126540.0,-37.5,False
2021-09-01,Bogorodskoye,VAO,244800,268500,1020,-0.4,8.5,11.0,3,152433.0,-37.7,False
2021-09-01,Brateyevo,YuAO,221700,247700,924,1.37,8.5,11.0,2,129550.0,-41.6,False
2021-09-01,Butyrsky,SVAO,274400,293900,1143,-3.79,8.5,11.0,5,194420.0,-29.1,False
2021-09-01,Chertanovo Severnoye,YuAO,236500,259500,985,1.32,8.5,11.0,7,180043.0,-23.9,False
2021-09-01,Chertanovo Tsentralnoye,YuAO,235600,255900,982,2.69,8.5,11.0,7,120114.0,-49.0,False
2021-09-01,Chertanovo Yuzhnoye,YuAO,219700,246000,915,2.84,8.5,11.0,3,151033.0,-31.3,False
2021-09-01,Cheryomushki,YuZAO,341600,384600,1423,0.69,8.5,11.0,6,255050.0,-25.3,False
2021-09-01,Danilovsky,YuAO,305600,351600,1273,0.41,8.5,11.0,4,173225.0,-43.3,False
2021-09-01,Desyonovskoye,NAO,182200,191500,759,0.78,8.5,11.0,5,98980.0,-45.7,True
2021-09-01,Dmitrovsky,SAO,224200,245900,934,-1.28,8.5,11.0,4,161150.0,-28.1,False
2021-09-01,Donskoy,YuAO,330000,378300,1375,4.4,8.5,11.0,6,238133.0,-27.8,False
2021-09-01,Dorogomilovo,ZAO,476100,532300,1984,-2.03,8.5,11.0,3,315233.0,-33.8,False
2021-09-01,Fili-Davydkovo,ZAO,374200,404800,1559,-0.84,8.5,11.0,5,277640.0,-25.8,False
2021-09-01,Filimonkovskoye,NAO,155500,169200,648,-3.64,8.5,11.0,6,88433.0,-43.1,True
2021-09-01,Filyovsky Park,ZAO,382400,416000,1593,-1.39,8.5,11.0,1,297800.0,-22.1,False
2021-09-01,Gagarinsky,YuZAO,423000,455500,1763,7.02,8.5,11.0,10,275500.0,-34.9,False
2021-09-01,Golovinsky,SAO,247800,275900,1033,-2.15,8.5,11.0,10,172620.0,-30.3,False
2021-09-01,Golyanovo,VAO,230800,259700,962,4.98,8.5,11.0,2,144000.0,-37.6,False
2021-09-01,Ivanovskoye,VAO,239100,268600,996,3.24,8.5,11.0,3,151600.0,-36.6,False
2021-09-01,Izmaylovo,VAO,273700,295400,1140,1.15,8.5,11.0,6,183317.0,-33.0,False
2021-09-01,Khamovniki,CAO,645400,699000,2689,-2.09,8.5,11.0,4,492025.0,-23.8,False
2021-09-01,Khoroshyovo-Mnyovniki,SZAO,344400,366900,1435,1.74,8.5,11.0,2,235450.0,-31.6,False
2021-09-01,Khoroshyovsky,SAO,350900,387700,1462,4.57,8.5,11.0,5,243360.0,-30.6,False
2021-09-01,Khovrino,SAO,230400,253100,960,-3.26,8.5,11.0,5,132560.0,-42.5,False
2021-09-01,Kievsky,TAO,98900,110500,412,2.57,8.5,11.0,4,53975.0,-45.4,True
2021-09-01,Klyonovskoye,TAO,94400,104200,393,-1.24,8.5,11.0,6,52117.0,-44.8,True
2021-09-01,Kokoshkino,NAO,152300,167100,635,-0.68,8.5,11.0,6,80133.0,-47.4,True
2021-09-01,Konkovo,YuZAO,322700,369400,1345,3.79,8.5,11.0,3,228400.0,-29.2,False
2021-09-01,Koptevo,SAO,255600,293600,1065,-1.89,8.5,11.0,3,142400.0,-44.3,False
2021-09-01,Kosino-Ukhtomsky,VAO,206300,216500,860,-7.39,8.5,11.0,5,134540.0,-34.8,False
2021-09-01,Kotlovka,YuZAO,335000,379100,1396,0.85,8.5,11.0,10,224480.0,-33.0,False
2021-09-01,Krasnopakhorskoye,TAO,112100,126900,467,-0.17,8.5,11.0,5,51300.0,-54.2,True
2021-09-01,Krasnoselsky,CAO,464800,516900,1937,1.13,8.5,11.0,6,343367.0,-26.1,False
2021-09-01,Krylatskoye,SZAO,382200,417100,1593,-4.09,8.5,11.0,4,210725.0,-44.9,False
2021-09-01,Kuntsevo,ZAO,338900,374400,1412,7.03,8.5,11.0,4,240075.0,-29.2,False
2021-09-01,Kurkino,SZAO,325300,342200,1355,2.73,8.5,11.0,8,201400.0,-38.1,False
2021-09-01,Levoberezhny,SAO,250200,267500,1042,2.31,8.5,11.0,2,126300.0,-49.5,False
2021-09-01,Lianozovo,SVAO,232300,263100,968,4.92,8.5,11.0,4,136300.0,-41.3,False
2021-09-01,Lomonosovsky,YuZAO,400600,444900,1669,-2.04,8.5,11.0,5,341140.0,-14.8,False
2021-09-01,Losinoostrovsky,SVAO,249000,266800,1037,8.37,8.5,11.0,3,125867.0,-49.5,False
2021-09-01,Marfino,SVAO,258700,299700,1078,7.05,8.5,11.0,2,142950.0,-44.7,False
2021-09-01,Marushkinskoye,NAO,149000,162700,621,3.19,8.5,11.0,7,81614.0,-45.2,True
2021-09-01,Maryina Roshcha,SVAO,280700,295400,1170,0.17,8.5,11.0,4,205375.0,-26.8,False
2021-09-01,Meshchansky,CAO,462700,510700,1928,-3.71,8.5,11.0,4,414125.0,-10.5,False
2021-09-01,Metrogorodok,VAO,217200,231900,905,-1.83,8.5,11.0,5,164100.0,-24.4,False
2021-09-01,Mikhaylovo-Yartsevskoye,TAO,96800,106000,403,-4.12,8.5,11.0,9,55911.0,-42.2,True
2021-09-01,Mitino,SZAO,280600,307900,1169,3.53,8.5,11.0,6,156933.0,-44.1,False
2021-09-01,Molzhaninovsky,SAO,206500,232100,860,3.32,8.5,11.0,7,97157.0,-53.0,False
2021-09-01,Moskovsky,NAO,193600,213500,807,1.36,8.5,11.0,6,85983.0,-55.6,True
2021-09-01,Moskvorechye-Saburovo,YuAO,238400,263200,993,3.8,8.5,11.0,6,131883.0,-44.7,False
2021-09-01,Mosrentgen,NAO,189100,209800,788,-0.95,8.5,11.0,6,146283.0,-22.6,True
2021-09-01,Mozhaysky,ZAO,308300,326400,1285,1.78,8.5,11.0,1,125800.0,-59.2,False
2021-09-01,Nagatino-Sadovniki,YuAO,269500,291800,1123,1.67,8.5,11.0,8,174088.0,-35.4,False
2021-09-01,Nagatinsky Zaton,YuAO,290700,322600,1211,4.75,8.5,11.0,4,168225.0,-42.1,False
2021-09-01,Nagorny,YuAO,273100,293000,1138,5.36,8.5,11.0,6,195000.0,-28.6,False
2021-09-01,Novo-Peredelkino,ZAO,255600,276200,1065,-0.84,8.5,11.0,4,133550.0,-47.8,False
2021-09-01,Novofyodorovskoye,TAO,88800,101900,370,-3.05,8.5,11.0,4,50875.0,-42.7,True
2021-09-01,Novogireyevo,VAO,250300,274800,1043,8.16,8.5,11.0,8,147950.0,-40.9,False
2021-09-01,Novokosino,VAO,232800,263900,970,-1.02,8.5,11.0,4,132775.0,-43.0,False
2021-09-01,Obruchevsky,YuZAO,339300,383000,1414,0.77,8.5,11.0,5,236260.0,-30.4,False
2021-09-01,Ochakovo-Matveyevskoye,ZAO,305200,325900,1272,-4.22,8.5,11.0,3,171800.0,-43.7,False
2021-09-01,Orekhovo-Borisovo Severnoye,YuAO,222700,240100,928,3.26,8.5,11.0,3,115667.0,-48.1,False
2021-09-01,Orekhovo-Borisovo Yuzhnoye,YuAO,224200,261900,934,1.1,8.5,11.0,5,133520.0,-40.4,False
2021-09-01,Ostankinsky,SVAO,308100,322800,1284,5.69,8.5,11.0,2,225750.0,-26.7,False
2021-09-01,Otradnoye,SVAO,251600,269600,1048,-3.6,8.5,11.0,10,138050.0,-45.1,False
2021-09-01,Perovo,VAO,237800,261100,991,-0.86,8.5,11.0,9,193467.0,-18.6,False
2021-09-01,Pervomayskoye,TAO,104600,115500,436,0.16,8.5,11.0,4,50125.0,-52.1,True
2021-09-01,Pokrovskoye-Streshnevo,SZAO,297500,318400,1240,1.27,8.5,11.0,4,185300.0,-37.7,False
2021-09-01,Preobrazhenskoye,VAO,273600,291100,1140,4.05,8.5,11.0,4,232575.0,-15.0,False
2021-09-01,Presnensky,CAO,611900,657100,2549,9.92,8.5,11.0,1,578400.0,-5.5,False
2021-09-01,Prospekt Vernadskogo,ZAO,411300,455900,1714,-3.2,8.5,11.0,9,325700.0,-20.8,False
2021-09-01,Ramenki,ZAO,441000,470500,1838,7.92,8.5,11.0,4,248775.0,-43.6,False
2021-09-01,Rogovskoye,TAO,94400,100600,393,6.14,8.5,11.0,1,51000.0,-46.0,True
2021-09-01,Rostokino,SVAO,256100,289500,1067,2.94,8.5,11.0,3,143633.0,-43.9,False
2021-09-01,Ryazanovskoye,NAO,154600,166400,644,5.78,8.5,11.0,6,75417.0,-51.2,True
2021-09-01,Savyolovsky,SAO,322200,353600,1342,1.09,8.5,11.0,4,184000.0,-42.9,False
2021-09-01,Severnoye Butovo,YuZAO,287000,321100,1196,4.52,8.5,11.0,3,160467.0,-44.1,False
2021-09-01,Severnoye Izmaylovo,VAO,245000,262300,1021,-1.27,8.5,11.0,7,187886.0,-23.3,False
2021-09-01,Severnoye Medvedkovo,SVAO,256100,273100,1067,6.22,8.5,11.0,5,127100.0,-50.4,False
2021-09-01,Severnoye Tushino,SZAO,273900,296000,1141,0.28,8.5,11.0,3,176533.0,-35.5,False
2021-09-01,Severny,SVAO,220400,238700,918,5.63,8.5,11.0,7,110029.0,-50.1,False
2021-09-01,Shchapovskoye,TAO,98900,108700,412,-0.41,8.5,11.0,6,51700.0,-47.7,True
2021-09-01,Shcherbinka,NAO,174000,196200,725,-4.62,8.5,11.0,6,96667.0,-44.4,True
2021-09-01,Shchukino,SZAO,346300,406800,1443,-0.68,8.5,11.0,4,270075.0,-22.0,False
2021-09-01,Sokol,SAO,328600,369800,1369,2.96,8.5,11.0,4,270775.0,-17.6,False
2021-09-01,Sokolinaya Gora,VAO,250900,274100,1046,0.76,8.5,11.0,5,157840.0,-37.1,False
2021-09-01,Sokolniki,VAO,297500,339600,1240,2.85,8.5,11.0,3,184400.0,-38.0,False
2021-09-01,Solntsevo,ZAO,278400,309600,1160,1.32,8.5,11.0,5,173020.0,-37.9,False
2021-09-01,Sosenskoye,NAO,182800,199000,762,-5.47,8.5,11.0,4,88850.0,-51.4,True
2021-09-01,Strogino,SZAO,345100,384100,1438,-1.22,8.5,11.0,7,234057.0,-32.2,False
2021-09-01,Sviblovo,SVAO,252500,282000,1052,5.96,8.5,11.0,4,182450.0,-27.7,False
2021-09-01,Tagansky,CAO,499500,558400,2081,4.82,8.5,11.0,3,249933.0,-50.0,False
2021-09-01,Timiryazevsky,SAO,285500,319800,1189,-0.83,8.5,11.0,3,196633.0,-31.1,False
2021-09-01,Troitsk,TAO,124300,133400,518,-3.53,8.5,11.0,4,81750.0,-34.2,True
2021-09-01,Troparyovo-Nikulino,ZAO,371600,409400,1548,6.77,8.5,11.0,5,184460.0,-50.4,False
2021-09-01,Tsaritsyno,YuAO,243600,266500,1015,8.64,8.5,11.0,6,122750.0,-49.6,False
2021-09-01,Tverskoy,CAO,594000,683800,2475,-5.6,8.5,11.0,6,472500.0,-20.5,False
2021-09-01,Tyoply Stan,YuZAO,294300,329800,1226,4.15,8.5,11.0,5,159520.0,-45.8,False
2021-09-01,Veshnyaki,VAO,214800,234900,895,-5.91,8.5,11.0,6,136683.0,-36.4,False
2021-09-01,Vnukovo,ZAO,246300,267500,1026,-1.41,8.5,11.0,3,134067.0,-45.6,False
2021-09-01,Vnukovskoye,NAO,193600,209400,807,1.48,8.5,11.0,4,109600.0,-43.4,True
2021-09-01,Voronovskoye,TAO,99000,105300,413,2.59,8.5,11.0,11,51891.0,-47.6,True
2021-09-01,Voskresenskoye,NAO,178100,199500,742,-3.83,8.5,11.0,4,91525.0,-48.6,True
2021-09-01,Vostochnoye Izmaylovo,VAO,233800,262300,974,-2.53,8.5,11.0,2,159750.0,-31.7,False
2021-09-01,Vostochny,VAO,201700,224300,840,-1.13,8.5,11.0,4,148900.0,-26.2,False
2021-09-01,Voykovsky,SAO,271700,293300,1132,1.26,8.5,11.0,5,211980.0,-22.0,False
2021-09-01,Yakimanka,CAO,589100,666200,2455,1.2,8.5,11.0,4,452200.0,-23.2,False
2021-09-01,Yaroslavsky,SVAO,243400,272000,1014,10.89,8.5,11.0,3,148333.0,-39.1,False
2021-09-01,Yasenevo,YuZAO,311800,356400,1299,1.52,8.5,11.0,7,214071.0,-31.3,False
2021-09-01,Yuzhnoye Butovo,YuZAO,262600,289200,1094,1.27,8.5,11.0,5,152900.0,-41.8,False
2021-09-01,Yuzhnoye Medvedkovo,SVAO,235100,252300,980,-0.45,8.5,11.0,1,197600.0,-16.0,False
2021-09-01,Yuzhnoye Tushino,SZAO,285800,313200,1191,-2.92,8.5,11.0,2,176000.0,-38.4,False
2021-09-01,Zamoskvorechye,CAO,515200,560600,2147,-1.9,8.5,11.0,9,401789.0,-22.0,False
2021-09-01,Zapadnoye Degunino,SAO,232400,244300,969,2.68,8.5,11.0,3,106533.0,-54.2,False
2021-09-01,Zelenograd,ZelAO,157700,176600,657,-2.71,8.5,11.0,5,93160.0,-40.9,True
2021-09-01,Zyablikovo,YuAO,210900,232900,879,-2.2,8.5,11.0,2,123150.0,-41.6,False
2021-09-01,Zyuzino,YuZAO,335200,382600,1397,4.67,8.5,11.0,5,195460.0,-41.7,False
2021-10-01,Aeroport,SAO,316000,355000,1317,4.23,8.5,11.0,4,198950.0,-37.0,False
2021-10-01,Akademichesky,YuZAO,386500,422300,1610,8.07,8.5,11.0,4,233850.0,-39.5,False
2021-10-01,Alekseevsky,SVAO,305700,338200,1274,2.99,8.5,11.0,5,203980.0,-33.3,False
2021-10-01,Altufyevsky,SVAO,221900,239700,925,-0.03,8.5,11.0,5,146120.0,-34.2,False
2021-10-01,Arbat,CAO,651900,706100,2716,2.51,8.5,11.0,7,587700.0,-9.8,False
2021-10-01,Babushkinsky,SVAO,247600,272600,1032,-2.05,8.5,11.0,4,145800.0,-41.1,False
2021-10-01,Basmanny,CAO,491200,555100,2047,-1.38,8.5,11.0,5,385220.0,-21.6,False
2021-10-01,Begovoy,SAO,328500,358400,1369,-0.7,8.5,11.0,10,251320.0,-23.5,False
2021-10-01,Beskudnikovsky,SAO,236400,266600,985,-0.98,8.5,11.0,1,223800.0,-5.3,False
2021-10-01,Bibirevo,SVAO,239200,262300,997,2.35,8.5,11.0,4,153225.0,-35.9,False
2021-10-01,Biryulyovo Vostochnoye,YuAO,204500,231000,852,-7.68,8.5,11.0,7,121186.0,-40.7,False
2021-10-01,Biryulyovo Zapadnoye,YuAO,215200,237500,897,6.33,8.5,11.0,3,122467.0,-43.1,False
2021-10-01,Bogorodskoye,VAO,255300,279400,1064,4.31,8.5,11.0,7,133471.0,-47.7,False
2021-10-01,Brateyevo,YuAO,220600,239600,919,-0.52,8.5,11.0,7,127471.0,-42.2,False
2021-10-01,Butyrsky,SVAO,288000,319900,1200,4.95,8.5,11.0,6,200517.0,-30.4,False
2021-10-01,Chertanovo Severnoye,YuAO,243000,265300,1013,2.77,8.5,11.0,4,178550.0,-26.5,False
2021-10-01,Chertanovo Tsentralnoye,YuAO,234100,256100,975,-0.65,8.5,11.0,7,132786.0,-43.3,False
2021-10-01,Chertanovo Yuzhnoye,YuAO,224300,263700,934,2.1,8.5,11.0,2,179900.0,-19.8,False
2021-10-01,Cheryomushki,YuZAO,348900,389500,1454,2.13,8.5,11.0,7,253586.0,-27.3,False
2021-10-01,Danilovsky,YuAO,311400,343900,1298,1.91,8.5,11.0,7,204157.0,-34.4,False
2021-10-01,Desyonovskoye,NAO,179100,195900,746,-1.7,8.5,11.0,5,88060.0,-50.8,True
2021-10-01,Dmitrovsky,SAO,232900,260500,970,3.88,8.5,11.0,7,142471.0,-38.8,False
2021-10-01,Donskoy,YuAO,331700,367600,1382,0.51,8.5,11.0,4,211425.0,-36.3,False
2021-10-01,Dorogomilovo,ZAO,502200,555700,2093,5.49,8.5,11.0,4,335975.0,-33.1,False
2021-10-01,Fili-Davydkovo,ZAO,375500,412600,1565,0.35,8.5,11.0,6,218800.0,-41.7,False
2021-10-01,Filimonkovskoye,NAO,167200,180200,697,7.56,8.5,11.0,1,67300.0,-59.7,True
2021-10-01,Filyovsky Park,ZAO,383200,411000,1597,0.22,8.5,11.0,5,300480.0,-21.6,False
2021-10-01,Gagarinsky,YuZAO,418600,476700,1744,-1.04,8.5,11.0,7,299757.0,-28.4,False
2021-10-01,Golovinsky,SAO,257300,273400,1072,3.81,8.5,11.0,3,154167.0,-40.1,False
2021-10-01,Golyanovo,VAO,215500,230800,898,-6.61,8.5,11.0,5,160920.0,-25.3,False
2021-10-01,Ivanovskoye,VAO,222000,247300,925,-7.13,8.5,11.0,8,143675.0,-35.3,False
2021-10-01,Izmaylovo,VAO,266000,293400,1108,-2.81,8.5,11.0,2,212850.0,-20.0,False
2021-10-01,Khamovniki,CAO,667300,737500,2780,3.39,8.5,11.0,5,497920.0,-25.4,False
2021-10-01,Khoroshyovo-Mnyovniki,SZAO,349000,387000,1454,1.34,8.5,11.0,3,209167.0,-40.1,False
2021-10-01,Khoroshyovsky,SAO,363500,392000,1514,3.59,8.5,11.0,2,254150.0,-30.1,False
2021-10-01,Khovrino,SAO,238500,283800,994,3.5,8.5,11.0,4,153000.0,-35.8,False
2021-10-01,Kievsky,TAO,93800,105800,391,-5.23,8.5,11.0,4,47625.0,-49.2,True
2021-10-01,Klyonovskoye,TAO,92100,103700,384,-2.43,8.5,11.0,2,55750.0,-39.5,True
2021-10-01,Kokoshkino,NAO,147300,160000,614,-3.32,8.5,11.0,6,82250.0,-44.2,True
2021-10-01,Konkovo,YuZAO,333000,359300,1387,3.18,8.5,11.0,2,170350.0,-48.8,False
2021-10-01,Koptevo,SAO,271300,298000,1130,6.14,8.5,11.0,3,142400.0,-47.5,False
2021-10-01,Kosino-Ukhtomsky,VAO,220800,246500,920,7.02,8.5,11.0,6,117633.0,-46.7,False
2021-10-01,Kotlovka,YuZAO,339700,382100,1415,1.4,8.5,11.0,3,284033.0,-16.4,False
2021-10-01,Krasnopakhorskoye,TAO,113900,122500,475,1.65,8.5,11.0,2,57550.0,-49.5,True
2021-10-01,Krasnoselsky,CAO,483700,518500,2015,4.06,8.5,11.0,9,412444.0,-14.7,False
2021-10-01,Krylatskoye,SZAO,405600,434700,1690,6.12,8.5,11.0,3,219733.0,-45.8,False
2021-10-01,Kuntsevo,ZAO,354900,379400,1479,4.73,8.5,11.0,5,229180.0,-35.4,False
2021-10-01,Kurkino,SZAO,329200,364300,1372,1.19,8.5,11.0,4,170925.0,-48.1,False
2021-10-01,Levoberezhny,SAO,258800,290000,1078,3.45,8.5,11.0,3,171500.0,-33.7,False
2021-10-01,Lianozovo,SVAO,235000,261800,979,1.16,8.5,11.0,7,130271.0,-44.6,False
2021-10-01,Lomonosovsky,YuZAO,404500,443500,1685,0.97,8.5,11.0,4,279350.0,-30.9,False
2021-10-01,Losinoostrovsky,SVAO,235400,258800,981,-5.43,8.5,11.0,7,154857.0,-34.2,False
2021-10-01,Marfino,SVAO,252300,277100,1051,-2.49,8.5,11.0,4,162025.0,-35.8,False
2021-10-01,Marushkinskoye,NAO,146800,158500,612,-1.48,8.5,11.0,8,87838.0,-40.2,True
2021-10-01,Maryina Roshcha,SVAO,299600,317000,1248,6.71,8.5,11.0,4,204175.0,-31.9,False
2021-10-01,Meshchansky,CAO,483300,518500,2014,4.46,8.5,11.0,5,364020.0,-24.7,False
2021-10-01,Metrogorodok,VAO,213200,225100,888,-1.85,8.5,11.0,10,156070.0,-26.8,False
2021-10-01,Mikhaylovo-Yartsevskoye,TAO,101900,120500,425,5.32,8.5,11.0,5,48900.0,-52.0,True
2021-10-01,Mitino,SZAO,277400,313700,1156,-1.12,8.5,11.0,4,204825.0,-26.2,False
2021-10-01,Molzhaninovsky,SAO,206800,232500,861,0.13,8.5,11.0,4,110225.0,-46.7,False
2021-10-01,Moskovsky,NAO,192100,206600,801,-0.77,8.5,11.0,4,90675.0,-52.8,True
2021-10-01,Moskvorechye-Saburovo,YuAO,244800,280000,1020,2.69,8.5,11.0,7,154143.0,-37.0,False
2021-10-01,Mosrentgen,NAO,191900,206900,799,1.44,8.5,11.0,3,152667.0,-20.4,True
2021-10-01,Mozhaysky,ZAO,319300,347700,1331,3.56,8.5,11.0,5,223160.0,-30.1,False
2021-10-01,Nagatino-Sadovniki,YuAO,273800,285900,1141,1.6,8.5,11.0,3,203333.0,-25.7,False
2021-10-01,Nagatinsky Zaton,YuAO,280300,319600,1168,-3.57,8.5,11.0,4,167675.0,-40.2,False
2021-10-01,Nagorny,YuAO,284300,308600,1185,4.11,8.5,11.0,6,217417.0,-23.5,False
2021-10-01,Novo-Peredelkino,ZAO,259800,288700,1083,1.65,8.5,11.0,3,150900.0,-41.9,False
2021-10-01,Novofyodorovskoye,TAO,92400,101200,385,4.08,8.5,11.0,6,62367.0,-32.5,True
2021-10-01,Novogireyevo,VAO,256200,284200,1068,2.35,8.5,11.0,3,184500.0,-28.0,False
2021-10-01,Novokosino,VAO,223600,245600,932,-3.97,8.5,11.0,5,134280.0,-39.9,False
2021-10-01,Obruchevsky,YuZAO,333100,357700,1388,-1.84,8.5,11.0,4,197225.0,-40.8,False
2021-10-01,Ochakovo-Matveyevskoye,ZAO,320600,353700,1336,5.04,8.5,11.0,6,210050.0,-34.5,False
2021-10-01,Orekhovo-Borisovo Severnoye,YuAO,220500,241300,919,-1.02,8.5,11.0,4,139425.0,-36.8,False
2021-10-01,Orekhovo-Borisovo Yuzhnoye,YuAO,222600,234000,927,-0.73,8.5,11.0,6,116117.0,-47.8,False
2021-10-01,Ostankinsky,SVAO,314600,346800,1311,2.1,8.5,11.0,5,177880.0,-43.5,False
2021-10-01,Otradnoye,SVAO,261100,294100,1088,3.77,8.5,11.0,7,153514.0,-41.2,False
2021-10-01,Perovo,VAO,255900,278600,1066,7.63,8.5,11.0,8,181550.0,-29.1,False
2021-10-01,Pervomayskoye,TAO,99700,107200,415,-4.76,8.5,11.0,4,54425.0,-45.4,True
2021-10-01,Pokrovskoye-Streshnevo,SZAO,312900,350300,1304,5.18,8.5,11.0,4,190125.0,-39.2,False
2021-10-01,Preobrazhenskoye,VAO,265500,286700,1106,-2.97,8.5,11.0,3,253000.0,-4.7,False
2021-10-01,Presnensky,CAO,613000,704700,2554,0.18,8.5,11.0,3,362933.0,-40.8,False
2021-10-01,Prospekt Vernadskogo,ZAO,430000,501800,1792,4.56,8.5,11.0,5,215920.0,-49.8,False
2021-10-01,Ramenki,ZAO,441400,471600,1839,0.07,8.5,11.0,5,261100.0,-40.8,False
2021-10-01,Rogovskoye,TAO,97100,104800,405,2.91,8.5,11.0,3,50500.0,-48.0,True
2021-10-01,Rostokino,SVAO,246100,287600,1026,-3.9,8.5,11.0,7,172857.0,-29.8,False
2021-10-01,Ryazanovskoye,NAO,145800,156500,607,-5.71,8.5,11.0,4,79500.0,-45.5,True
2021-10-01,Savyolovsky,SAO,327300,364300,1364,1.6,8.5,11.0,1,161300.0,-50.7,False
2021-10-01,Severnoye Butovo,YuZAO,273900,302600,1141,-4.54,8.5,11.0,3,164633.0,-39.9,False
2021-10-01,Severnoye Izmaylovo,VAO,253400,292400,1056,3.41,8.5,11.0,11,185818.0,-26.7,False
2021-10-01,Severnoye Medvedkovo,SVAO,246900,273200,1029,-3.62,8.5,11.0,5,168580.0,-31.7,False
2021-10-01,Severnoye Tushino,SZAO,291100,331500,1213,6.27,8.5,11.0,4,154750.0,-46.8,False
2021-10-01,Severny,SVAO,222500,243700,927,0.96,8.5,11.0,4,119450.0,-46.3,False
2021-10-01,Shchapovskoye,TAO,98900,110400,412,-0.03,8.5,11.0,3,50933.0,-48.5,True
2021-10-01,Shcherbinka,NAO,177000,201300,738,1.76,8.5,11.0,7,92771.0,-47.6,True
2021-10-01,Shchukino,SZAO,343400,384400,1431,-0.85,8.5,11.0,5,253500.0,-26.2,False
2021-10-01,Sokol,SAO,343700,371900,1432,4.58,8.5,11.0,5,282320.0,-17.9,False
2021-10-01,Sokolinaya Gora,VAO,248900,267400,1037,-0.82,8.5,11.0,4,133275.0,-46.5,False
2021-10-01,Sokolniki,VAO,307200,343800,1280,3.28,8.5,11.0,3,217033.0,-29.4,False
2021-10-01,Solntsevo,ZAO,285900,312900,1191,2.7,8.5,11.0,6,172733.0,-39.6,False
2021-10-01,Sosenskoye,NAO,196100,201300,817,7.28,8.5,11.0,6,94017.0,-52.1,True
2021-10-01,Strogino,SZAO,351300,397800,1464,1.78,8.5,11.0,9,273167.0,-22.2,False
2021-10-01,Sviblovo,SVAO,232900,257500,971,-7.76,8.5,11.0,5,134280.0,-42.3,False
2021-10-01,Tagansky,CAO,462500,509700,1927,-7.4,8.5,11.0,6,344150.0,-25.6,False
2021-10-01,Timiryazevsky,SAO,301400,327500,1256,5.59,8.5,11.0,3,297467.0,-1.3,False
2021-10-01,Troitsk,TAO,137100,146700,571,10.3,8.5,11.0,4,70700.0,-48.4,True
2021-10-01,Troparyovo-Nikulino,ZAO,378800,427200,1578,1.95,8.5,11.0,2,239150.0,-36.9,False
2021-10-01,Tsaritsyno,YuAO,232700,259300,969,-4.48,8.5,11.0,4,145550.0,-37.5,False
2021-10-01,Tverskoy,CAO,598600,658800,2494,0.78,8.5,11.0,7,478543.0,-20.1,False
2021-10-01,Tyoply Stan,YuZAO,296500,326200,1235,0.73,8.5,11.0,8,184625.0,-37.7,False
2021-10-01,Veshnyaki,VAO,233200,263500,972,8.6,8.5,11.0,5,146600.0,-37.1,False
2021-10-01,Vnukovo,ZAO,252400,287000,1052,2.48,8.5,11.0,7,136857.0,-45.8,False
2021-10-01,Vnukovskoye,NAO,203500,223600,848,5.09,8.5,11.0,8,116450.0,-42.8,True
2021-10-01,Voronovskoye,TAO,97400,107000,406,-1.6,8.5,11.0,4,50275.0,-48.4,True
2021-10-01,Voskresenskoye,NAO,183500,195000,765,3.04,8.5,11.0,3,89967.0,-51.0,True
2021-10-01,Vostochnoye Izmaylovo,VAO,247300,265400,1030,5.75,8.5,11.0,10,160670.0,-35.0,False
2021-10-01,Vostochny,VAO,213300,230900,889,5.78,8.5,11.0,3,135100.0,-36.7,False
2021-10-01,Voykovsky,SAO,279100,304400,1163,2.69,8.5,11.0,4,230675.0,-17.4,False
2021-10-01,Yakimanka,CAO,604200,655900,2517,2.56,8.5,11.0,5,540640.0,-10.5,False
2021-10-01,Yaroslavsky,SVAO,237100,252100,988,-2.59,8.5,11.0,9,132956.0,-43.9,False
2021-10-01,Yasenevo,YuZAO,324900,354300,1354,4.23,8.5,11.0,8,257963.0,-20.6,False
2021-10-01,Yuzhnoye Butovo,YuZAO,276900,311200,1154,5.47,8.5,11.0,5,157220.0,-43.2,False
2021-10-01,Yuzhnoye Medvedkovo,SVAO,243200,284900,1013,3.44,8.5,11.0,5,149060.0,-38.7,False
2021-10-01,Yuzhnoye Tushino,SZAO,303500,332100,1264,6.19,8.5,11.0,4,188350.0,-37.9,False
2021-10-01,Zamoskvorechye,CAO,531000,572900,2212,3.07,8.5,11.0,10,366260.0,-31.0,False
2021-10-01,Zapadnoye Degunino,SAO,227800,250400,949,-1.98,8.5,11.0,7,138186.0,-39.3,False
2021-10-01,Zelenograd,ZelAO,163000,177900,679,3.33,8.5,11.0,6,78917.0,-51.6,True
2021-10-01,Zyablikovo,YuAO,218700,236500,911,3.69,8.5,11.0,8,128688.0,-41.2,False
2021-10-01,Zyuzino,YuZAO,330300,352900,1376,-1.47,8.5,11.0,6,219817.0,-33.4,False
2021-11-01,Aeroport,SAO,313600,348800,1307,-0.77,8.5,11.0,6,222833.0,-28.9,False
2021-11-01,Akademichesky,YuZAO,366600,418800,1528,-5.13,8.5,11.0,11,239818.0,-34.6,False
2021-11-01,Alekseevsky,SVAO,303100,326600,1263,-0.84,8.5,11.0,7,207843.0,-31.4,False
2021-11-01,Altufyevsky,SVAO,236900,258900,987,6.75,8.5,11.0,2,153400.0,-35.2,False
2021-11-01,Arbat,CAO,636800,714800,2653,-2.32,8.5,11.0,2,520250.0,-18.3,False
2021-11-01,Babushkinsky,SVAO,250000,271500,1041,0.93,8.5,11.0,5,145860.0,-41.7,False
2021-11-01,Basmanny,CAO,497400,549000,2072,1.25,8.5,11.0,3,384200.0,-22.8,False
2021-11-01,Begovoy,SAO,359300,386000,1497,9.38,8.5,11.0,6,230000.0,-36.0,False
2021-11-01,Beskudnikovsky,SAO,240000,257400,1000,1.51,8.5,11.0,5,135060.0,-43.7,False
2021-11-01,Bibirevo,SVAO,232600,256700,969,-2.75,8.5,11.0,2,135050.0,-41.9,False
2021-11-01,Biryulyovo Vostochnoye,YuAO,222200,253700,926,8.69,8.5,11.0,6,118550.0,-46.6,False
2021-11-01,Biryulyovo Zapadnoye,YuAO,212200,227100,884,-1.4,8.5,11.0,6,145967.0,-31.2,False
2021-11-01,Bogorodskoye,VAO,259700,290100,1082,1.71,8.5,11.0,0,,,False
2021-11-01,Brateyevo,YuAO,224900,241200,937,1.96,8.5,11.0,4,139150.0,-38.1,False
2021-11-01,Butyrsky,SVAO,286000,300200,1192,-0.71,8.5,11.0,7,195586.0,-31.6,False
2021-11-01,Chertanovo Severnoye,YuAO,251700,261300,1049,3.58,8.5,11.0,4,195250.0,-22.4,False
2021-11-01,Chertanovo Tsentralnoye,YuAO,240900,270200,1004,2.9,8.5,11.0,5,136840.0,-43.2,False
2021-11-01,Chertanovo Yuzhnoye,YuAO,226900,250900,945,1.15,8.5,11.0,4,163825.0,-27.8,False
2021-11-01,Cheryomushki,YuZAO,341700,372700,1424,-2.05,8.5,11.0,3,273600.0,-19.9,False
2021-11-01,Danilovsky,YuAO,323900,356000,1350,4.01,8.5,11.0,5,223840.0,-30.9,False
2021-11-01,Desyonovskoye,NAO,189300,205900,789,5.69,8.5,11.0,3,103267.0,-45.4,True
2021-11-01,Dmitrovsky,SAO,234500,255900,977,0.68,8.5,11.0,6,138967.0,-40.7,False
2021-11-01,Donskoy,YuAO,340300,391000,1418,2.58,8.5,11.0,2,375050.0,10.2,False
2021-11-01,Dorogomilovo,ZAO,474200,497600,1976,-5.57,8.5,11.0,4,324800.0,-31.5,False
2021-11-01,Fili-Davydkovo,ZAO,380900,411700,1587,1.42,8.5,11.0,5,218720.0,-42.6,False
2021-11-01,Filimonkovskoye,NAO,167900,197700,699,0.39,8.5,11.0,5,83460.0,-50.3,True
2021-11-01,Filyovsky Park,ZAO,377900,420900,1574,-1.4,8.5,11.0,5,246600.0,-34.7,False
2021-11-01,Gagarinsky,YuZAO,439300,484700,1830,4.93,8.5,11.0,3,266467.0,-39.3,False
2021-11-01,Golovinsky,SAO,263000,291100,1096,2.23,8.5,11.0,7,160971.0,-38.8,False
2021-11-01,Golyanovo,VAO,224500,253700,935,4.16,8.5,11.0,5,142620.0,-36.5,False
2021-11-01,Ivanovskoye,VAO,232300,265200,968,4.61,8.5,11.0,4,147125.0,-36.7,False
2021-11-01,Izmaylovo,VAO,266300,299900,1110,0.12,8.5,11.0,3,161133.0,-39.5,False
2021-11-01,Khamovniki,CAO,683200,746300,2847,2.39,8.5,11.0,2,568400.0,-16.8,False
2021-11-01,Khoroshyovo-Mnyovniki,SZAO,351200,366200,1463,0.62,8.5,11.0,9,220844.0,-37.1,False
2021-11-01,Khoroshyovsky,SAO,353800,406300,1474,-2.66,8.5,11.0,5,248600.0,-29.7,False
2021-11-01,Khovrino,SAO,239600,260700,998,0.45,8.5,11.0,4,126050.0,-47.4,False
2021-11-01,Kievsky,TAO,97900,107800,408,4.46,8.5,11.0,3,43700.0,-55.4,True
2021-11-01,Klyonovskoye,TAO,99800,109300,416,8.36,8.5,11.0,7,51771.0,-48.1,True
2021-11-01,Kokoshkino,NAO,155600,176800,648,5.65,8.5,11.0,1,78500.0,-49.6,True
2021-11-01,Konkovo,YuZAO,335000,366300,1396,0.61,8.5,11.0,8,189988.0,-43.3,False
2021-11-01,Koptevo,SAO,270200,306000,1126,-0.4,8.5,11.0,7,169557.0,-37.2,False
2021-11-01,Kosino-Ukhtomsky,VAO,214700,235800,895,-2.77,8.5,11.0,4,111600.0,-48.0,False
2021-11-01,Kotlovka,YuZAO,332400,385600,1385,-2.14,8.5,11.0,4,213600.0,-35.7,False
2021-11-01,Krasnopakhorskoye,TAO,113900,125300,475,-0.03,8.5,11.0,1,67600.0,-40.6,True
2021-11-01,Krasnoselsky,CAO,477500,512100,1990,-1.28,8.5,11.0,2,352650.0,-26.1,False
2021-11-01,Krylatskoye,SZAO,390800,417300,1629,-3.63,8.5,11.0,5,267340.0,-31.6,False
2021-11-01,Kuntsevo,ZAO,333400,356600,1389,-6.07,8.5,11.0,9,202833.0,-39.2,False
2021-11-01,Kurkino,SZAO,328800,364100,1370,-0.12,8.5,11.0,7,182243.0,-44.6,False
2021-11-01,Levoberezhny,SAO,252400,268900,1052,-2.46,8.5,11.0,6,173067.0,-31.4,False
2021-11-01,Lianozovo,SVAO,228900,247700,954,-2.62,8.5,11.0,9,127333.0,-44.4,False
2021-11-01,Lomonosovsky,YuZAO,401200,434500,1672,-0.82,8.5,11.0,7,269986.0,-32.7,False
2021-11-01,Losinoostrovsky,SVAO,242800,269000,1012,3.14,8.5,11.0,6,132850.0,-45.3,False
2021-11-01,Marfino,SVAO,251700,273200,1049,-0.22,8.5,11.0,3,140933.0,-44.0,False
2021-11-01,Marushkinskoye,NAO,148900,169500,621,1.47,8.5,11.0,3,99800.0,-33.0,True
2021-11-01,Maryina Roshcha,SVAO,305100,336700,1271,1.83,8.5,11.0,9,207678.0,-31.9,False
2021-11-01,Meshchansky,CAO,500100,528000,2084,3.46,8.5,11.0,8,358763.0,-28.3,False
2021-11-01,Metrogorodok,VAO,233200,259800,972,9.4,8.5,11.0,0,,,False
2021-11-01,Mikhaylovo-Yartsevskoye,TAO,99600,109500,415,-2.27,8.5,11.0,1,51100.0,-48.7,True
2021-11-01,Mitino,SZAO,276600,296500,1152,-0.3,8.5,11.0,8,159975.0,-42.2,False
2021-11-01,Molzhaninovsky,SAO,206700,218100,861,-0.01,8.5,11.0,7,98914.0,-52.1,False
2021-11-01,Moskovsky,NAO,194600,218800,811,1.31,8.5,11.0,5,99520.0,-48.9,True
2021-11-01,Moskvorechye-Saburovo,YuAO,245900,262700,1025,0.47,8.5,11.0,6,150083.0,-39.0,False
2021-11-01,Mosrentgen,NAO,193300,197200,805,0.73,8.5,11.0,4,113775.0,-41.1,True
2021-11-01,Mozhaysky,ZAO,319600,360800,1332,0.08,8.5,11.0,4,206275.0,-35.5,False
2021-11-01,Nagatino-Sadovniki,YuAO,276800,304900,1154,1.13,8.5,11.0,6,206883.0,-25.3,False
2021-11-01,Nagatinsky Zaton,YuAO,301300,328900,1255,7.47,8.5,11.0,5,176300.0,-41.5,False
2021-11-01,Nagorny,YuAO,276600,291300,1153,-2.69,8.5,11.0,7,205800.0,-25.6,False
2021-11-01,Novo-Peredelkino,ZAO,271300,291900,1131,4.42,8.5,11.0,7,129043.0,-52.4,False
2021-11-01,Novofyodorovskoye,TAO,97300,103800,406,5.29,8.5,11.0,3,50800.0,-47.8,True
2021-11-01,Novogireyevo,VAO,251500,271700,1048,-1.84,8.5,11.0,5,181600.0,-27.8,False
2021-11-01,Novokosino,VAO,243500,274600,1015,8.9,8.5,11.0,4,130325.0,-46.5,False
2021-11-01,Obruchevsky,YuZAO,341000,367700,1421,2.38,8.5,11.0,3,255533.0,-25.1,False
2021-11-01,Ochakovo-Matveyevskoye,ZAO,295300,338400,1230,-7.91,8.5,11.0,5,201140.0,-31.9,False
2021-11-01,Orekhovo-Borisovo Severnoye,YuAO,218400,238100,910,-0.96,8.5,11.0,6,124550.0,-43.0,False
2021-11-01,Orekhovo-Borisovo Yuzhnoye,YuAO,230900,264000,962,3.76,8.5,11.0,8,128963.0,-44.1,False
2021-11-01,Ostankinsky,SVAO,308900,332800,1287,-1.81,8.5,11.0,8,201338.0,-34.8,False
2021-11-01,Otradnoye,SVAO,258800,276400,1078,-0.88,8.5,11.0,5,151040.0,-41.6,False
2021-11-01,Perovo,VAO,247700,267400,1032,-3.23,8.5,11.0,6,194700.0,-21.4,False
2021-11-01,Pervomayskoye,TAO,113100,123100,471,13.52,8.5,11.0,4,58125.0,-48.6,True
2021-11-01,Pokrovskoye-Streshnevo,SZAO,317700,340500,1324,1.52,8.5,11.0,6,183550.0,-42.2,False
2021-11-01,Preobrazhenskoye,VAO,283600,305000,1182,6.83,8.5,11.0,6,245367.0,-13.5,False
2021-11-01,Presnensky,CAO,608500,636700,2535,-0.74,8.5,11.0,3,442000.0,-27.4,False
2021-11-01,Prospekt Vernadskogo,ZAO,415800,460200,1732,-3.3,8.5,11.0,5,320060.0,-23.0,False
2021-11-01,Ramenki,ZAO,419200,454900,1747,-5.03,8.5,11.0,9,303311.0,-27.6,False
2021-11-01,Rogovskoye,TAO,95000,101000,396,-2.18,8.5,11.0,5,59380.0,-37.5,True
2021-11-01,Rostokino,SVAO,246800,278900,1028,0.28,8.5,11.0,7,155671.0,-36.9,False
2021-11-01,Ryazanovskoye,NAO,155400,171800,648,6.62,8.5,11.0,9,81689.0,-47.4,True
2021-11-01,Savyolovsky,SAO,329400,368000,1372,0.62,8.5,11.0,3,233500.0,-29.1,False
2021-11-01,Severnoye Butovo,YuZAO,282700,307800,1178,3.18,8.5,11.0,2,148400.0,-47.5,False
2021-11-01,Severnoye Izmaylovo,VAO,253600,285900,1056,0.08,8.5,11.0,7,185114.0,-27.0,False
2021-11-01,Severnoye Medvedkovo,SVAO,253000,280800,1054,2.5,8.5,11.0,3,123367.0,-51.2,False
2021-11-01,Severnoye Tushino,SZAO,297800,323400,1241,2.31,8.5,11.0,6,199650.0,-33.0,False
2021-11-01,Severny,SVAO,210200,233000,876,-5.51,8.5,11.0,6,115933.0,-44.8,False
2021-11-01,Shchapovskoye,TAO,103300,114900,430,4.48,8.5,11.0,2,62250.0,-39.7,True
2021-11-01,Shcherbinka,NAO,184900,204800,770,4.43,8.5,11.0,6,84150.0,-54.5,True
2021-11-01,Shchukino,SZAO,339200,380800,1413,-1.23,8.5,11.0,4,272575.0,-19.6,False
2021-11-01,Sokol,SAO,354300,390400,1476,3.09,8.5,11.0,4,228875.0,-35.4,False
2021-11-01,Sokolinaya Gora,VAO,258000,286100,1075,3.66,8.5,11.0,4,184825.0,-28.4,False
2021-11-01,Sokolniki,VAO,300100,336400,1250,-2.33,8.5,11.0,5,227920.0,-24.1,False
2021-11-01,Solntsevo,ZAO,302000,317400,1258,5.65,8.5,11.0,7,159114.0,-47.3,False
2021-11-01,Sosenskoye,NAO,195700,211600,815,-0.22,8.5,11.0,11,108973.0,-44.3,True
2021-11-01,Strogino,SZAO,341100,361200,1421,-2.89,8.5,11.0,3,314567.0,-7.8,False
2021-11-01,Sviblovo,SVAO,251800,275100,1049,8.1,8.5,11.0,6,191650.0,-23.9,False
2021-11-01,Tagansky,CAO,456300,488300,1901,-1.35,8.5,11.0,3,333067.0,-27.0,False
2021-11-01,Timiryazevsky,SAO,281400,315400,1172,-6.64,8.5,11.0,8,200913.0,-28.6,False
2021-11-01,Troitsk,TAO,141400,156600,589,3.12,8.5,11.0,5,80580.0,-43.0,True
2021-11-01,Troparyovo-Nikulino,ZAO,377900,434800,1575,-0.25,8.5,11.0,9,265856.0,-29.6,False
2021-11-01,Tsaritsyno,YuAO,234100,251800,976,0.63,8.5,11.0,3,165933.0,-29.1,False
2021-11-01,Tverskoy,CAO,657100,715400,2738,9.78,8.5,11.0,1,456200.0,-30.6,False
2021-11-01,Tyoply Stan,YuZAO,294300,316500,1226,-0.76,8.5,11.0,4,161975.0,-45.0,False
2021-11-01,Veshnyaki,VAO,219500,256000,915,-5.88,8.5,11.0,4,120650.0,-45.0,False
2021-11-01,Vnukovo,ZAO,255800,274600,1066,1.36,8.5,11.0,3,124933.0,-51.2,False
2021-11-01,Vnukovskoye,NAO,193300,217100,805,-5.03,8.5,11.0,3,116633.0,-39.7,True
2021-11-01,Voronovskoye,TAO,101400,112200,423,4.1,8.5,11.0,3,58967.0,-41.8,True
2021-11-01,Voskresenskoye,NAO,186500,201900,777,1.61,8.5,11.0,4,94425.0,-49.4,True
2021-11-01,Vostochnoye Izmaylovo,VAO,255500,284800,1065,3.32,8.5,11.0,0,,,False
2021-11-01,Vostochny,VAO,212600,231900,886,-0.37,8.5,11.0,4,129925.0,-38.9,False
2021-11-01,Voykovsky,SAO,287900,327500,1199,3.15,8.5,11.0,6,195533.0,-32.1,False
2021-11-01,Yakimanka,CAO,631300,688500,2630,4.49,8.5,11.0,5,478760.0,-24.2,False
2021-11-01,Yaroslavsky,SVAO,234100,259400,976,-1.26,8.5,11.0,13,142831.0,-39.0,False
2021-11-01,Yasenevo,YuZAO,321000,339500,1337,-1.22,8.5,11.0,2,222500.0,-30.7,False
2021-11-01,Yuzhnoye Butovo,YuZAO,260200,291500,1084,-6.05,8.5,11.0,3,152667.0,-41.3,False
2021-11-01,Yuzhnoye Medvedkovo,SVAO,237200,255900,988,-2.45,8.5,11.0,3,138867.0,-41.5,False
2021-11-01,Yuzhnoye Tushino,SZAO,308500,339400,1286,1.67,8.5,11.0,6,190050.0,-38.4,False
2021-11-01,Zamoskvorechye,CAO,559500,618400,2331,5.37,8.5,11.0,2,319250.0,-42.9,False
2021-11-01,Zapadnoye Degunino,SAO,234400,251500,977,2.9,8.5,11.0,6,166917.0,-28.8,False
2021-11-01,Zelenograd,ZelAO,160100,179800,667,-1.76,8.5,11.0,3,93067.0,-41.9,True
2021-11-01,Zyablikovo,YuAO,218500,253800,911,-0.07,8.5,11.0,7,124771.0,-42.9,False
2021-11-01,Zyuzino,YuZAO,330100,372000,1376,-0.04,8.5,11.0,3,180600.0,-45.3,False
2021-12-01,Aeroport,SAO,322900,355800,1345,2.96,8.5,11.0,5,203860.0,-36.9,False
2021-12-01,Akademichesky,YuZAO,381900,416900,1591,4.16,8.5,11.0,4,214575.0,-43.8,False
2021-12-01,Alekseevsky,SVAO,312800,348800,1303,3.18,8.5,11.0,4,198375.0,-36.6,False
2021-12-01,Altufyevsky,SVAO,228800,252600,953,-3.41,8.5,11.0,5,147920.0,-35.3,False
2021-12-01,Arbat,CAO,656800,739400,2737,3.15,8.5,11.0,4,466350.0,-29.0,False
2021-12-01,Babushkinsky,SVAO,268200,282700,1118,7.3,8.5,11.0,5,144100.0,-46.3,False
2021-12-01,Basmanny,CAO,520500,587900,2169,4.65,8.5,11.0,5,291860.0,-43.9,False
2021-12-01,Begovoy,SAO,340800,365800,1420,-5.16,8.5,11.0,10,287780.0,-15.6,False
2021-12-01,Beskudnikovsky,SAO,236700,263900,986,-1.39,8.5,11.0,2,125700.0,-46.9,False
2021-12-01,Bibirevo,SVAO,246000,274400,1025,5.76,8.5,11.0,8,144425.0,-41.3,False
2021-12-01,Biryulyovo Vostochnoye,YuAO,208800,224600,870,-6.04,8.5,11.0,6,133433.0,-36.1,False
2021-12-01,Biryulyovo Zapadnoye,YuAO,212800,236700,887,0.31,8.5,11.0,10,138430.0,-34.9,False
2021-12-01,Bogorodskoye,VAO,261500,291400,1089,0.68,8.5,11.0,6,161783.0,-38.1,False
2021-12-01,Brateyevo,YuAO,231600,253800,965,3.0,8.5,11.0,6,131817.0,-43.1,False
2021-12-01,Butyrsky,SVAO,289300,321200,1205,1.16,8.5,11.0,2,168850.0,-41.6,False
2021-12-01,Chertanovo Severnoye,YuAO,252600,276700,1053,0.35,8.5,11.0,8,159963.0,-36.7,False
2021-12-01,Chertanovo Tsentralnoye,YuAO,239400,253300,997,-0.63,8.5,11.0,1,137600.0,-42.5,False
2021-12-01,Chertanovo Yuzhnoye,YuAO,219500,238200,915,-3.23,8.5,11.0,6,206150.0,-6.1,False
2021-12-01,Cheryomushki,YuZAO,352800,380400,1470,3.24,8.5,11.0,10,269390.0,-23.6,False
2021-12-01,Danilovsky,YuAO,312700,338500,1303,-3.45,8.5,11.0,6,215200.0,-31.2,False
2021-12-01,Desyonovskoye,NAO,184400,208200,768,-2.56,8.5,11.0,3,92100.0,-50.1,True
2021-12-01,Dmitrovsky,SAO,230000,271900,958,-1.92,8.5,11.0,3,139700.0,-39.3,False
2021-12-01,Donskoy,YuAO,319700,360800,1332,-6.03,8.5,11.0,10,248280.0,-22.3,False
2021-12-01,Dorogomilovo,ZAO,500100,541400,2084,5.46,8.5,11.0,4,439450.0,-12.1,False
2021-12-01,Fili-Davydkovo,ZAO,370900,444100,1546,-2.61,8.5,11.0,4,251300.0,-32.2,False
2021-12-01,Filimonkovskoye,NAO,164500,183000,686,-1.99,8.5,11.0,6,85717.0,-47.9,True
2021-12-01,Filyovsky Park,ZAO,396500,435600,1652,4.93,8.5,11.0,6,301367.0,-24.0,False
2021-12-01,Gagarinsky,YuZAO,440900,480000,1837,0.37,8.5,11.0,12,308083.0,-30.1,False
2021-12-01,Golovinsky,SAO,258900,283300,1079,-1.56,8.5,11.0,6,149717.0,-42.2,False
2021-12-01,Golyanovo,VAO,239100,252300,996,6.52,8.5,11.0,4,130825.0,-45.3,False
2021-12-01,Ivanovskoye,VAO,231200,253000,963,-0.47,8.5,11.0,8,146100.0,-36.8,False
2021-12-01,Izmaylovo,VAO,269500,304800,1123,1.2,8.5,11.0,1,146300.0,-45.7,False
2021-12-01,Khamovniki,CAO,710000,781500,2958,3.91,8.5,11.0,2,486800.0,-31.4,False
2021-12-01,Khoroshyovo-Mnyovniki,SZAO,387100,431100,1613,10.22,8.5,11.0,2,243200.0,-37.2,False
2021-12-01,Khoroshyovsky,SAO,363600,404900,1515,2.78,8.5,11.0,8,269425.0,-25.9,False
2021-12-01,Khovrino,SAO,248800,269500,1037,3.86,8.5,11.0,2,163200.0,-34.4,False
2021-12-01,Kievsky,TAO,98400,110500,410,0.48,8.5,11.0,4,43925.0,-55.4,True
2021-12-01,Klyonovskoye,TAO,96600,109300,402,-3.25,8.5,11.0,6,52383.0,-45.8,True
2021-12-01,Kokoshkino,NAO,157300,172100,655,1.12,8.5,11.0,1,109900.0,-30.1,True
2021-12-01,Konkovo,YuZAO,331900,356500,1383,-0.93,8.5,11.0,6,214700.0,-35.3,False
2021-12-01,Koptevo,SAO,273000,292700,1138,1.04,8.5,11.0,3,207700.0,-23.9,False
2021-12-01,Kosino-Ukhtomsky,VAO,233800,257600,974,8.89,8.5,11.0,5,138960.0,-40.6,False
2021-12-01,Kotlovka,YuZAO,352900,397400,1471,6.18,8.5,11.0,2,250050.0,-29.1,False
2021-12-01,Krasnopakhorskoye,TAO,122700,131600,511,7.78,8.5,11.0,9,58789.0,-52.1,True
2021-12-01,Krasnoselsky,CAO,487400,521100,2031,2.08,8.5,11.0,3,324700.0,-33.4,False
2021-12-01,Krylatskoye,SZAO,393400,422700,1639,0.66,8.5,11.0,7,266671.0,-32.2,False
2021-12-01,Kuntsevo,ZAO,354100,393100,1476,6.23,8.5,11.0,6,225850.0,-36.2,False
2021-12-01,Kurkino,SZAO,347000,375800,1446,5.53,8.5,11.0,4,163900.0,-52.8,False
2021-12-01,Levoberezhny,SAO,254100,295000,1059,0.67,8.5,11.0,5,166960.0,-34.3,False
2021-12-01,Lianozovo,SVAO,224100,243300,934,-2.09,8.5,11.0,8,124850.0,-44.3,False
2021-12-01,Lomonosovsky,YuZAO,424100,482700,1767,5.71,8.5,11.0,11,321991.0,-24.1,False
2021-12-01,Losinoostrovsky,SVAO,256000,270200,1067,5.43,8.5,11.0,5,171440.0,-33.0,False
2021-12-01,Marfino,SVAO,257300,273000,1072,2.23,8.5,11.0,3,158033.0,-38.6,False
2021-12-01,Marushkinskoye,NAO,154900,169000,645,4.0,8.5,11.0,4,80475.0,-48.0,True
2021-12-01,Maryina Roshcha,SVAO,308400,335300,1285,1.09,8.5,11.0,5,213800.0,-30.7,False
2021-12-01,Meshchansky,CAO,496100,546500,2067,-0.8,8.5,11.0,7,363414.0,-26.7,False
2021-12-01,Metrogorodok,VAO,241300,265400,1005,3.45,8.5,11.0,4,153925.0,-36.2,False
2021-12-01,Mikhaylovo-Yartsevskoye,TAO,100900,112200,420,1.26,8.5,11.0,4,54325.0,-46.2,True
2021-12-01,Mitino,SZAO,292600,319400,1219,5.8,8.5,11.0,11,208791.0,-28.6,False
2021-12-01,Molzhaninovsky,SAO,211300,235400,880,2.22,8.5,11.0,7,111614.0,-47.2,False
2021-12-01,Moskovsky,NAO,201100,227900,838,3.33,8.5,11.0,2,116050.0,-42.3,True
2021-12-01,Moskvorechye-Saburovo,YuAO,247000,273000,1029,0.44,8.5,11.0,5,155740.0,-36.9,False
2021-12-01,Mosrentgen,NAO,194500,209600,810,0.64,8.5,11.0,5,146960.0,-24.4,True
2021-12-01,Mozhaysky,ZAO,328900,361400,1370,2.92,8.5,11.0,2,166600.0,-49.3,False
2021-12-01,Nagatino-Sadovniki,YuAO,288300,324100,1201,4.14,8.5,11.0,5,162200.0,-43.7,False
2021-12-01,Nagatinsky Zaton,YuAO,293800,331900,1224,-2.48,8.5,11.0,7,176114.0,-40.1,False
2021-12-01,Nagorny,YuAO,281600,301900,1174,1.81,8.5,11.0,6,209067.0,-25.8,False
2021-12-01,Novo-Peredelkino,ZAO,266500,295700,1110,-1.8,8.5,11.0,7,152114.0,-42.9,False
2021-12-01,Novofyodorovskoye,TAO,99800,108600,416,2.58,8.5,11.0,6,46267.0,-53.6,True
2021-12-01,Novogireyevo,VAO,261900,294400,1091,4.14,8.5,11.0,4,156825.0,-40.1,False
2021-12-01,Novokosino,VAO,235900,257400,983,-3.13,8.5,11.0,13,148523.0,-37.0,False
2021-12-01,Obruchevsky,YuZAO,361100,415700,1504,5.88,8.5,11.0,2,259650.0,-28.1,False
2021-12-01,Ochakovo-Matveyevskoye,ZAO,332400,365200,1385,12.58,8.5,11.0,10,237870.0,-28.4,False
2021-12-01,Orekhovo-Borisovo Severnoye,YuAO,223600,245300,932,2.41,8.5,11.0,6,135767.0,-39.3,False
2021-12-01,Orekhovo-Borisovo Yuzhnoye,YuAO,227300,261000,947,-1.57,8.5,11.0,7,129843.0,-42.9,False
2021-12-01,Ostankinsky,SVAO,307100,329100,1279,-0.59,8.5,11.0,6,208717.0,-32.0,False
2021-12-01,Otradnoye,SVAO,261700,298300,1091,1.12,8.5,11.0,9,161767.0,-38.2,False
2021-12-01,Perovo,VAO,270700,298200,1128,9.3,8.5,11.0,10,196340.0,-27.5,False
2021-12-01,Pervomayskoye,TAO,109000,121500,454,-3.64,8.5,11.0,4,72050.0,-33.9,True
2021-12-01,Pokrovskoye-Streshnevo,SZAO,309000,333700,1288,-2.72,8.5,11.0,10,190970.0,-38.2,False
2021-12-01,Preobrazhenskoye,VAO,274600,310700,1144,-3.18,8.5,11.0,6,215617.0,-21.5,False
2021-12-01,Presnensky,CAO,601600,657800,2507,-1.12,8.5,11.0,3,469133.0,-22.0,False
2021-12-01,Prospekt Vernadskogo,ZAO,437000,497200,1821,5.1,8.5,11.0,3,348933.0,-20.2,False
2021-12-01,Ramenki,ZAO,425100,471900,1771,1.42,8.5,11.0,3,320067.0,-24.7,False
2021-12-01,Rogovskoye,TAO,98000,105100,408,3.15,8.5,11.0,8,44838.0,-54.2,True
2021-12-01,Rostokino,SVAO,266100,295500,1109,7.82,8.5,11.0,7,157600.0,-40.8,False
2021-12-01,Ryazanovskoye,NAO,158000,171400,658,1.67,8.5,11.0,5,83380.0,-47.2,True
2021-12-01,Savyolovsky,SAO,337100,379600,1404,2.34,8.5,11.0,6,265633.0,-21.2,False
2021-12-01,Severnoye Butovo,YuZAO,297100,331100,1238,5.1,8.5,11.0,2,176500.0,-40.6,False
2021-12-01,Severnoye Izmaylovo,VAO,252000,275600,1050,-0.63,8.5,11.0,5,203420.0,-19.3,False
2021-12-01,Severnoye Medvedkovo,SVAO,258200,299900,1076,2.06,8.5,11.0,1,164700.0,-36.2,False
2021-12-01,Severnoye Tushino,SZAO,284900,322900,1187,-4.33,8.5,11.0,10,158340.0,-44.4,False
2021-12-01,Severny,SVAO,210300,228300,876,0.04,8.5,11.0,4,113025.0,-46.3,False
2021-12-01,Shchapovskoye,TAO,102800,110100,428,-0.51,8.5,11.0,3,50233.0,-51.1,True
2021-12-01,Shcherbinka,NAO,181200,190600,755,-2.0,8.5,11.0,1,125700.0,-30.6,True
2021-12-01,Shchukino,SZAO,373200,409500,1555,10.04,8.5,11.0,6,278133.0,-25.5,False
2021-12-01,Sokol,SAO,346800,396800,1445,-2.1,8.5,11.0,4,284325.0,-18.0,False
2021-12-01,Sokolinaya Gora,VAO,250200,281100,1043,-3.0,8.5,11.0,6,176033.0,-29.6,False
2021-12-01,Sokolniki,VAO,305900,334300,1275,1.94,8.5,11.0,1,206200.0,-32.6,False
2021-12-01,Solntsevo,ZAO,288300,315500,1201,-4.54,8.5,11.0,4,155175.0,-46.2,False
2021-12-01,Sosenskoye,NAO,200200,215000,834,2.33,8.5,11.0,7,108443.0,-45.8,True
2021-12-01,Strogino,SZAO,357300,403900,1489,4.74,8.5,11.0,4,274925.0,-23.1,False
2021-12-01,Sviblovo,SVAO,256200,282100,1067,1.75,8.5,11.0,6,176967.0,-30.9,False
2021-12-01,Tagansky,CAO,482100,540500,2009,5.66,8.5,11.0,8,375200.0,-22.2,False
2021-12-01,Timiryazevsky,SAO,302000,330300,1258,7.32,8.5,11.0,1,171600.0,-43.2,False
2021-12-01,Troitsk,TAO,137600,144600,573,-2.7,8.5,11.0,6,76283.0,-44.6,True
2021-12-01,Troparyovo-Nikulino,ZAO,380500,409000,1585,0.68,8.5,11.0,3,250800.0,-34.1,False
2021-12-01,Tsaritsyno,YuAO,240900,266400,1004,2.89,8.5,11.0,6,135350.0,-43.8,False
2021-12-01,Tverskoy,CAO,644000,690600,2683,-2.0,8.5,11.0,3,542133.0,-15.8,False
2021-12-01,Tyoply Stan,YuZAO,304300,334800,1268,3.42,8.5,11.0,7,144286.0,-52.6,False
2021-12-01,Veshnyaki,VAO,234700,261400,978,6.94,8.5,11.0,2,126600.0,-46.1,False
2021-12-01,Vnukovo,ZAO,266400,289000,1110,4.11,8.5,11.0,8,142525.0,-46.5,False
2021-12-01,Vnukovskoye,NAO,205200,225500,855,6.17,8.5,11.0,5,109120.0,-46.8,True
2021-12-01,Voronovskoye,TAO,101700,110400,424,0.26,8.5,11.0,2,56750.0,-44.2,True
2021-12-01,Voskresenskoye,NAO,182800,208400,762,-1.96,8.5,11.0,2,109800.0,-39.9,True
2021-12-01,Vostochnoye Izmaylovo,VAO,251600,273200,1048,-1.52,8.5,11.0,4,179100.0,-28.8,False
2021-12-01,Vostochny,VAO,210100,231100,875,-1.18,8.5,11.0,6,105700.0,-49.7,False
2021-12-01,Voykovsky,SAO,287400,305400,1198,-0.15,8.5,11.0,7,182857.0,-36.4,False
2021-12-01,Yakimanka,CAO,613200,676400,2555,-2.87,8.5,11.0,2,474000.0,-22.7,False
2021-12-01,Yaroslavsky,SVAO,249600,268300,1040,6.62,8.5,11.0,5,152280.0,-39.0,False
2021-12-01,Yasenevo,YuZAO,325600,354600,1357,1.43,8.5,11.0,4,259675.0,-20.2,False
2021-12-01,Yuzhnoye Butovo,YuZAO,267000,284200,1112,2.61,8.5,11.0,10,146980.0,-45.0,False
2021-12-01,Yuzhnoye Medvedkovo,SVAO,255200,281200,1063,7.56,8.5,11.0,6,157717.0,-38.2,False
2021-12-01,Yuzhnoye Tushino,SZAO,302500,320700,1261,-1.94,8.5,11.0,7,187214.0,-38.1,False
2021-12-01,Zamoskvorechye,CAO,561100,618000,2338,0.28,8.5,11.0,7,428086.0,-23.7,False
2021-12-01,Zapadnoye Degunino,SAO,233700,253900,974,-0.33,8.5,11.0,8,157913.0,-32.4,False
2021-12-01,Zelenograd,ZelAO,170300,184700,709,6.33,8.5,11.0,10,84340.0,-50.5,True
2021-12-01,Zyablikovo,YuAO,228300,259900,951,4.46,8.5,11.0,7,121914.0,-46.6,False
2021-12-01,Zyuzino,YuZAO,314600,350900,1311,-4.7,8.5,11.0,9,186322.0,-40.8,False
2022-01-01,Aeroport,SAO,323800,363900,1349,0.29,20.0,22.5,7,228514.0,-29.4,False
2022-01-01,Akademichesky,YuZAO,378900,418700,1579,-0.78,20.0,22.5,6,258817.0,-31.7,False
2022-01-01,Alekseevsky,SVAO,312200,341800,1301,-0.2,20.0,22.5,6,223867.0,-28.3,False
2022-01-01,Altufyevsky,SVAO,231200,245800,963,1.03,20.0,22.5,7,140100.0,-39.4,False
2022-01-01,Arbat,CAO,667200,738900,2780,1.58,20.0,22.5,8,425575.0,-36.2,False
2022-01-01,Babushkinsky,SVAO,247900,283500,1033,-7.58,20.0,22.5,6,193283.0,-22.0,False
2022-01-01,Basmanny,CAO,509800,540600,2124,-2.05,20.0,22.5,3,351100.0,-31.1,False
2022-01-01,Begovoy,SAO,344300,389200,1435,1.04,20.0,22.5,3,279800.0,-18.7,False
2022-01-01,Beskudnikovsky,SAO,247200,265900,1030,4.45,20.0,22.5,3,144667.0,-41.5,False
2022-01-01,Bibirevo,SVAO,250900,265000,1045,1.98,20.0,22.5,4,171350.0,-31.7,False
2022-01-01,Biryulyovo Vostochnoye,YuAO,211300,236600,880,1.16,20.0,22.5,8,123650.0,-41.5,False
2022-01-01,Biryulyovo Zapadnoye,YuAO,216500,243100,902,1.72,20.0,22.5,8,116913.0,-46.0,False
2022-01-01,Bogorodskoye,VAO,262100,295800,1092,0.23,20.0,22.5,6,173383.0,-33.8,False
2022-01-01,Brateyevo,YuAO,219200,238700,913,-5.36,20.0,22.5,7,137114.0,-37.4,False
2022-01-01,Butyrsky,SVAO,288600,317300,1203,-0.24,20.0,22.5,5,175860.0,-39.1,False
2022-01-01,Chertanovo Severnoye,YuAO,250100,270400,1042,-0.99,20.0,22.5,2,148150.0,-40.8,False
2022-01-01,Chertanovo Tsentralnoye,YuAO,249800,269600,1041,4.35,20.0,22.5,1,171400.0,-31.4,False
2022-01-01,Chertanovo Yuzhnoye,YuAO,235100,260100,979,7.07,20.0,22.5,5,185220.0,-21.2,False
2022-01-01,Cheryomushki,YuZAO,347200,393600,1447,-1.59,20.0,22.5,4,254625.0,-26.7,False
2022-01-01,Danilovsky,YuAO,324000,345200,1350,3.6,20.0,22.5,3,250967.0,-22.5,False
2022-01-01,Desyonovskoye,NAO,188500,202500,785,2.21,20.0,22.5,6,99817.0,-47.0,True
2022-01-01,Dmitrovsky,SAO,237500,261900,990,3.28,20.0,22.5,5,139320.0,-41.3,False
2022-01-01,Donskoy,YuAO,341900,371900,1425,6.93,20.0,22.5,5,227100.0,-33.6,False
2022-01-01,Dorogomilovo,ZAO,509100,567000,2121,1.79,20.0,22.5,7,314243.0,-38.3,False
2022-01-01,Fili-Davydkovo,ZAO,397000,447400,1654,7.03,20.0,22.5,9,249500.0,-37.2,False
2022-01-01,Filimonkovskoye,NAO,166300,175900,693,1.06,20.0,22.5,8,87638.0,-47.3,True
2022-01-01,Filyovsky Park,ZAO,388400,431400,1618,-2.05,20.0,22.5,9,302378.0,-22.1,False
2022-01-01,Gagarinsky,YuZAO,435600,477200,1815,-1.2,20.0,22.5,8,341038.0,-21.7,False
2022-01-01,Golovinsky,SAO,257800,276200,1074,-0.42,20.0,22.5,3,156767.0,-39.2,False
2022-01-01,Golyanovo,VAO,234700,258500,978,-1.87,20.0,22.5,9,177267.0,-24.5,False
2022-01-01,Ivanovskoye,VAO,245000,259200,1021,6.0,20.0,22.5,5,138500.0,-43.5,False
2022-01-01,Izmaylovo,VAO,287700,321500,1199,6.75,20.0,22.5,3,144267.0,-49.9,False
2022-01-01,Khamovniki,CAO,698800,725300,2912,-1.57,20.0,22.5,6,515317.0,-26.3,False
2022-01-01,Khoroshyovo-Mnyovniki,SZAO,336400,370400,1402,-13.09,20.0,22.5,7,234914.0,-30.2,False
2022-01-01,Khoroshyovsky,SAO,379000,407900,1579,4.23,20.0,22.5,8,251013.0,-33.8,False
2022-01-01,Khovrino,SAO,246300,280500,1026,-1.01,20.0,22.5,2,164250.0,-33.3,False
2022-01-01,Kievsky,TAO,96700,103300,403,-1.79,20.0,22.5,6,50867.0,-47.4,True
2022-01-01,Klyonovskoye,TAO,96900,104900,404,0.29,20.0,22.5,6,48950.0,-49.5,True
2022-01-01,Kokoshkino,NAO,163900,179600,683,4.16,20.0,22.5,5,82460.0,-49.7,True
2022-01-01,Konkovo,YuZAO,335900,362900,1399,1.2,20.0,22.5,6,185500.0,-44.8,False
2022-01-01,Koptevo,SAO,270200,307300,1126,-1.04,20.0,22.5,5,170000.0,-37.1,False
2022-01-01,Kosino-Ukhtomsky,VAO,220700,246500,920,-5.59,20.0,22.5,10,131530.0,-40.4,False
2022-01-01,Kotlovka,YuZAO,352400,385400,1468,-0.15,20.0,22.5,3,307267.0,-12.8,False
2022-01-01,Krasnopakhorskoye,TAO,112400,126400,468,-8.43,20.0,22.5,2,52800.0,-53.0,True
2022-01-01,Krasnoselsky,CAO,490700,538900,2045,0.67,20.0,22.5,3,349867.0,-28.7,False
2022-01-01,Krylatskoye,SZAO,396400,429100,1652,0.75,20.0,22.5,3,244500.0,-38.3,False
2022-01-01,Kuntsevo,ZAO,352100,384000,1467,-0.58,20.0,22.5,8,223800.0,-36.4,False
2022-01-01,Kurkino,SZAO,321700,365500,1340,-7.28,20.0,22.5,2,167250.0,-48.0,False
2022-01-01,Levoberezhny,SAO,270900,297300,1129,6.62,20.0,22.5,7,180157.0,-33.5,False
2022-01-01,Lianozovo,SVAO,242300,266800,1009,8.11,20.0,22.5,4,124375.0,-48.7,False
2022-01-01,Lomonosovsky,YuZAO,454600,501000,1894,7.19,20.0,22.5,7,298043.0,-34.4,False
2022-01-01,Losinoostrovsky,SVAO,265600,275400,1107,3.73,20.0,22.5,8,149063.0,-43.9,False
2022-01-01,Marfino,SVAO,279400,308300,1164,8.59,20.0,22.5,7,169271.0,-39.4,False
2022-01-01,Marushkinskoye,NAO,150000,166000,625,-3.14,20.0,22.5,4,69075.0,-53.9,True
2022-01-01,Maryina Roshcha,SVAO,313200,339400,1305,1.56,20.0,22.5,2,232750.0,-25.7,False
2022-01-01,Meshchansky,CAO,492800,537400,2053,-0.66,20.0,22.5,4,390875.0,-20.7,False
2022-01-01,Metrogorodok,VAO,234200,255100,976,-2.93,20.0,22.5,4,152800.0,-34.8,False
2022-01-01,Mikhaylovo-Yartsevskoye,TAO,105500,119100,440,4.61,20.0,22.5,7,46414.0,-56.0,True
2022-01-01,Mitino,SZAO,291400,309300,1214,-0.43,20.0,22.5,3,186100.0,-36.1,False
2022-01-01,Molzhaninovsky,SAO,214700,235200,895,1.6,20.0,22.5,3,123167.0,-42.6,False
2022-01-01,Moskovsky,NAO,206600,231900,861,2.7,20.0,22.5,1,140700.0,-31.9,True
2022-01-01,Moskvorechye-Saburovo,YuAO,262800,295000,1095,6.4,20.0,22.5,4,147975.0,-43.7,False
2022-01-01,Mosrentgen,NAO,215800,227700,899,10.96,20.0,22.5,7,165386.0,-23.4,True
2022-01-01,Mozhaysky,ZAO,338900,372200,1412,3.03,20.0,22.5,4,219850.0,-35.1,False
2022-01-01,Nagatino-Sadovniki,YuAO,295700,324700,1232,2.56,20.0,22.5,5,236580.0,-20.0,False
2022-01-01,Nagatinsky Zaton,YuAO,300900,329800,1254,2.42,20.0,22.5,3,206533.0,-31.4,False
2022-01-01,Nagorny,YuAO,291700,322800,1215,3.55,20.0,22.5,6,236633.0,-18.9,False
2022-01-01,Novo-Peredelkino,ZAO,270400,305400,1127,1.48,20.0,22.5,1,150000.0,-44.5,False
2022-01-01,Novofyodorovskoye,TAO,98200,107000,409,-1.6,20.0,22.5,5,52380.0,-46.7,True
2022-01-01,Novogireyevo,VAO,258600,288100,1077,-1.28,20.0,22.5,7,193829.0,-25.0,False
2022-01-01,Novokosino,VAO,235000,251000,979,-0.39,20.0,22.5,6,139850.0,-40.5,False
2022-01-01,Obruchevsky,YuZAO,358700,387100,1494,-0.66,20.0,22.5,5,257260.0,-28.3,False
2022-01-01,Ochakovo-Matveyevskoye,ZAO,321500,353800,1339,-3.3,20.0,22.5,3,196733.0,-38.8,False
2022-01-01,Orekhovo-Borisovo Severnoye,YuAO,234500,256500,977,4.88,20.0,22.5,7,118143.0,-49.6,False
2022-01-01,Orekhovo-Borisovo Yuzhnoye,YuAO,221600,243700,923,-2.5,20.0,22.5,7,128586.0,-42.0,False
2022-01-01,Ostankinsky,SVAO,311200,329600,1297,1.36,20.0,22.5,4,209150.0,-32.8,False
2022-01-01,Otradnoye,SVAO,248600,275600,1036,-5.0,20.0,22.5,7,152129.0,-38.8,False
2022-01-01,Perovo,VAO,256200,289200,1068,-5.34,20.0,22.5,4,182625.0,-28.7,False
2022-01-01,Pervomayskoye,TAO,107600,118800,448,-1.32,20.0,22.5,4,56900.0,-47.1,True
2022-01-01,Pokrovskoye-Streshnevo,SZAO,341300,370200,1422,10.46,20.0,22.5,2,228850.0,-32.9,False
2022-01-01,Preobrazhenskoye,VAO,288900,319100,1204,5.2,20.0,22.5,5,220860.0,-23.6,False
2022-01-01,Presnensky,CAO,642200,733900,2676,6.73,20.0,22.5,6,556867.0,-13.3,False
2022-01-01,Prospekt Vernadskogo,ZAO,418000,455900,1742,-4.34,20.0,22.5,6,293950.0,-29.7,False
2022-01-01,Ramenki,ZAO,437600,494800,1823,2.93,20.0,22.5,3,253133.0,-42.2,False
2022-01-01,Rogovskoye,TAO,96900,105200,404,-1.08,20.0,22.5,2,51150.0,-47.2,True
2022-01-01,Rostokino,SVAO,263700,293600,1099,-0.92,20.0,22.5,6,157250.0,-40.4,False
2022-01-01,Ryazanovskoye,NAO,165600,182800,690,4.79,20.0,22.5,3,80000.0,-51.7,True
2022-01-01,Savyolovsky,SAO,352700,409300,1470,4.63,20.0,22.5,6,266367.0,-24.5,False
2022-01-01,Severnoye Butovo,YuZAO,284400,309300,1185,-4.27,20.0,22.5,3,127900.0,-55.0,False
2022-01-01,Severnoye Izmaylovo,VAO,259600,286600,1082,3.03,20.0,22.5,5,197400.0,-24.0,False
2022-01-01,Severnoye Medvedkovo,SVAO,256300,294600,1068,-0.76,20.0,22.5,5,143440.0,-44.0,False
2022-01-01,Severnoye Tushino,SZAO,285400,316400,1189,0.18,20.0,22.5,6,160600.0,-43.7,False
2022-01-01,Severny,SVAO,218300,234800,909,3.78,20.0,22.5,9,121856.0,-44.2,False
2022-01-01,Shchapovskoye,TAO,106700,119200,445,3.84,20.0,22.5,6,53500.0,-49.9,True
2022-01-01,Shcherbinka,NAO,193800,213100,808,6.99,20.0,22.5,4,96725.0,-50.1,True
2022-01-01,Shchukino,SZAO,352300,356700,1468,-5.61,20.0,22.5,1,185000.0,-47.5,False
2022-01-01,Sokol,SAO,368600,421100,1536,6.29,20.0,22.5,7,240229.0,-34.8,False
2022-01-01,Sokolinaya Gora,VAO,252600,280700,1052,0.94,20.0,22.5,5,160360.0,-36.5,False
2022-01-01,Sokolniki,VAO,297400,325200,1239,-2.77,20.0,22.5,5,218320.0,-26.6,False
2022-01-01,Solntsevo,ZAO,289100,316500,1204,0.27,20.0,22.5,5,157700.0,-45.5,False
2022-01-01,Sosenskoye,NAO,204500,223400,852,2.16,20.0,22.5,4,119800.0,-41.4,True
2022-01-01,Strogino,SZAO,382900,440500,1595,7.17,20.0,22.5,2,310250.0,-19.0,False
2022-01-01,Sviblovo,SVAO,254300,281900,1060,-0.72,20.0,22.5,7,190543.0,-25.1,False
2022-01-01,Tagansky,CAO,487000,535800,2029,1.03,20.0,22.5,4,331000.0,-32.0,False
2022-01-01,Timiryazevsky,SAO,320900,336600,1337,6.26,20.0,22.5,10,213390.0,-33.5,False
2022-01-01,Troitsk,TAO,141600,153500,590,2.9,20.0,22.5,3,77200.0,-45.5,True
2022-01-01,Troparyovo-Nikulino,ZAO,392100,420800,1634,3.06,20.0,22.5,6,283617.0,-27.7,False
2022-01-01,Tsaritsyno,YuAO,243400,274300,1014,1.01,20.0,22.5,7,149886.0,-38.4,False
2022-01-01,Tverskoy,CAO,651100,702500,2713,1.11,20.0,22.5,3,589267.0,-9.5,False
2022-01-01,Tyoply Stan,YuZAO,298500,335600,1244,-1.93,20.0,22.5,8,186163.0,-37.6,False
2022-01-01,Veshnyaki,VAO,234700,250400,978,-0.01,20.0,22.5,4,149100.0,-36.5,False
2022-01-01,Vnukovo,ZAO,266200,289400,1109,-0.07,20.0,22.5,2,172400.0,-35.2,False
2022-01-01,Vnukovskoye,NAO,207800,229300,866,1.28,20.0,22.5,4,111650.0,-46.3,True
2022-01-01,Voronovskoye,TAO,104600,110900,436,2.87,20.0,22.5,9,54356.0,-48.0,True
2022-01-01,Voskresenskoye,NAO,190200,211600,792,4.03,20.0,22.5,6,117717.0,-38.1,True
2022-01-01,Vostochnoye Izmaylovo,VAO,251700,263200,1049,0.03,20.0,22.5,6,164117.0,-34.8,False
2022-01-01,Vostochny,VAO,219600,249800,915,4.56,20.0,22.5,6,127600.0,-41.9,False
2022-01-01,Voykovsky,SAO,285500,320800,1189,-0.68,20.0,22.5,5,219600.0,-23.1,False
2022-01-01,Yakimanka,CAO,620300,692600,2584,1.16,20.0,22.5,11,546645.0,-11.9,False
2022-01-01,Yaroslavsky,SVAO,241100,266100,1005,-3.41,20.0,22.5,5,144320.0,-40.1,False
2022-01-01,Yasenevo,YuZAO,325600,354300,1357,0.01,20.0,22.5,8,250025.0,-23.2,False
2022-01-01,Yuzhnoye Butovo,YuZAO,272100,304900,1134,1.93,20.0,22.5,6,134833.0,-50.4,False
2022-01-01,Yuzhnoye Medvedkovo,SVAO,262900,279700,1095,3.04,20.0,22.5,7,160829.0,-38.8,False
2022-01-01,Yuzhnoye Tushino,SZAO,304000,329300,1267,0.49,20.0,22.5,5,195020.0,-35.8,False
2022-01-01,Zamoskvorechye,CAO,585200,635400,2439,4.3,20.0,22.5,8,392163.0,-33.0,False
2022-01-01,Zapadnoye Degunino,SAO,254000,273800,1059,8.72,20.0,22.5,10,138930.0,-45.3,False
2022-01-01,Zelenograd,ZelAO,158900,182600,662,-6.69,20.0,22.5,1,90900.0,-42.8,True
2022-01-01,Zyablikovo,YuAO,228200,256200,951,-0.04,20.0,22.5,3,122467.0,-46.3,False
2022-01-01,Zyuzino,YuZAO,332200,372700,1384,5.58,20.0,22.5,6,213933.0,-35.6,False
2022-02-01,Aeroport,SAO,325100,351500,1355,0.41,20.0,22.5,4,187500.0,-42.3,False
2022-02-01,Akademichesky,YuZAO,383800,415400,1599,1.28,20.0,22.5,3,263333.0,-31.4,False
2022-02-01,Alekseevsky,SVAO,310600,356100,1294,-0.5,20.0,22.5,9,210644.0,-32.2,False
2022-02-01,Altufyevsky,SVAO,236400,260000,985,2.27,20.0,22.5,9,136322.0,-42.3,False
2022-02-01,Arbat,CAO,671300,745400,2797,0.61,20.0,22.5,7,545186.0,-18.8,False
2022-02-01,Babushkinsky,SVAO,260100,285000,1084,4.94,20.0,22.5,5,155040.0,-40.4,False
2022-02-01,Basmanny,CAO,514200,560900,2142,0.86,20.0,22.5,6,342450.0,-33.4,False
2022-02-01,Begovoy,SAO,329900,361700,1375,-4.18,20.0,22.5,3,248933.0,-24.5,False
2022-02-01,Beskudnikovsky,SAO,234600,262500,978,-5.1,20.0,22.5,4,132550.0,-43.5,False
2022-02-01,Bibirevo,SVAO,244000,275200,1016,-2.77,20.0,22.5,6,148183.0,-39.3,False
2022-02-01,Biryulyovo Vostochnoye,YuAO,229000,242500,954,8.42,20.0,22.5,6,119000.0,-48.0,False
2022-02-01,Biryulyovo Zapadnoye,YuAO,218800,245600,912,1.07,20.0,22.5,1,205800.0,-5.9,False
2022-02-01,Bogorodskoye,VAO,259700,284500,1082,-0.91,20.0,22.5,1,131400.0,-49.4,False
2022-02-01,Brateyevo,YuAO,227100,252300,946,3.58,20.0,22.5,5,137920.0,-39.3,False
2022-02-01,Butyrsky,SVAO,283200,311800,1180,-1.87,20.0,22.5,4,202250.0,-28.6,False
2022-02-01,Chertanovo Severnoye,YuAO,259000,282400,1079,3.55,20.0,22.5,2,239850.0,-7.4,False
2022-02-01,Chertanovo Tsentralnoye,YuAO,242300,261100,1009,-3.01,20.0,22.5,6,154033.0,-36.4,False
2022-02-01,Chertanovo Yuzhnoye,YuAO,230300,263800,960,-2.03,20.0,22.5,10,186850.0,-18.9,False
2022-02-01,Cheryomushki,YuZAO,358800,409300,1495,3.36,20.0,22.5,3,283700.0,-20.9,False
2022-02-01,Danilovsky,YuAO,307700,330700,1282,-5.03,20.0,22.5,3,212267.0,-31.0,False
2022-02-01,Desyonovskoye,NAO,184200,206300,768,-2.27,20.0,22.5,7,111614.0,-39.4,True
2022-02-01,Dmitrovsky,SAO,236300,260700,985,-0.48,20.0,22.5,2,118700.0,-49.8,False
2022-02-01,Donskoy,YuAO,342600,390800,1427,0.2,20.0,22.5,6,265517.0,-22.5,False
2022-02-01,Dorogomilovo,ZAO,494800,557100,2062,-2.8,20.0,22.5,6,350417.0,-29.2,False
2022-02-01,Fili-Davydkovo,ZAO,396200,444600,1651,-0.2,20.0,22.5,4,248650.0,-37.2,False
2022-02-01,Filimonkovskoye,NAO,164100,182600,684,-1.28,20.0,22.5,3,78567.0,-52.1,True
2022-02-01,Filyovsky Park,ZAO,411700,425600,1715,6.0,20.0,22.5,4,300100.0,-27.1,False
2022-02-01,Gagarinsky,YuZAO,441300,487500,1839,1.33,20.0,22.5,6,346200.0,-21.5,False
2022-02-01,Golovinsky,SAO,270900,296600,1129,5.09,20.0,22.5,7,152029.0,-43.9,False
2022-02-01,Golyanovo,VAO,231300,259100,964,-1.46,20.0,22.5,4,136350.0,-41.1,False
2022-02-01,Ivanovskoye,VAO,230700,244300,961,-5.84,20.0,22.5,4,148850.0,-35.5,False
2022-02-01,Izmaylovo,VAO,270500,300400,1127,-5.99,20.0,22.5,4,216300.0,-20.0,False
2022-02-01,Khamovniki,CAO,690500,765600,2877,-1.2,20.0,22.5,5,619420.0,-10.3,False
2022-02-01,Khoroshyovo-Mnyovniki,SZAO,357600,394700,1490,6.3,20.0,22.5,4,244550.0,-31.6,False
2022-02-01,Khoroshyovsky,SAO,384600,411100,1602,1.47,20.0,22.5,5,291500.0,-24.2,False
2022-02-01,Khovrino,SAO,256800,289800,1070,4.27,20.0,22.5,4,126600.0,-50.7,False
2022-02-01,Kievsky,TAO,99500,113600,415,2.99,20.0,22.5,8,52675.0,-47.1,True
2022-02-01,Klyonovskoye,TAO,97100,112600,404,0.21,20.0,22.5,5,57160.0,-41.1,True
2022-02-01,Kokoshkino,NAO,159200,169800,663,-2.85,20.0,22.5,5,90320.0,-43.3,True
2022-02-01,Konkovo,YuZAO,334200,345700,1392,-0.5,20.0,22.5,2,209550.0,-37.3,False
2022-02-01,Koptevo,SAO,263300,286400,1097,-2.54,20.0,22.5,2,188900.0,-28.3,False
2022-02-01,Kosino-Ukhtomsky,VAO,220800,233700,920,0.04,20.0,22.5,5,131220.0,-40.6,False
2022-02-01,Kotlovka,YuZAO,336600,360100,1402,-4.48,20.0,22.5,3,237167.0,-29.5,False
2022-02-01,Krasnopakhorskoye,TAO,115600,124500,482,2.87,20.0,22.5,5,62520.0,-45.9,True
2022-02-01,Krasnoselsky,CAO,464900,505700,1937,-5.27,20.0,22.5,6,353733.0,-23.9,False
2022-02-01,Krylatskoye,SZAO,411700,463000,1716,3.88,20.0,22.5,5,241320.0,-41.4,False
2022-02-01,Kuntsevo,ZAO,366500,393000,1527,4.08,20.0,22.5,5,237740.0,-35.1,False
2022-02-01,Kurkino,SZAO,334100,372600,1392,3.84,20.0,22.5,1,194000.0,-41.9,False
2022-02-01,Levoberezhny,SAO,245400,270900,1022,-9.43,20.0,22.5,6,164117.0,-33.1,False
2022-02-01,Lianozovo,SVAO,239000,264300,996,-1.35,20.0,22.5,8,138188.0,-42.2,False
2022-02-01,Lomonosovsky,YuZAO,440400,500200,1835,-3.13,20.0,22.5,3,290767.0,-34.0,False
2022-02-01,Losinoostrovsky,SVAO,254500,272500,1060,-4.18,20.0,22.5,4,147100.0,-42.2,False
2022-02-01,Marfino,SVAO,263100,298800,1096,-5.84,20.0,22.5,7,142743.0,-45.7,False
2022-02-01,Marushkinskoye,NAO,151600,170700,632,1.04,20.0,22.5,1,76300.0,-49.7,True
2022-02-01,Maryina Roshcha,SVAO,315500,348500,1315,0.74,20.0,22.5,5,213660.0,-32.3,False
2022-02-01,Meshchansky,CAO,474300,530800,1976,-3.76,20.0,22.5,5,419500.0,-11.6,False
2022-02-01,Metrogorodok,VAO,245700,259000,1024,4.92,20.0,22.5,6,141500.0,-42.4,False
2022-02-01,Mikhaylovo-Yartsevskoye,TAO,105200,118400,438,-0.27,20.0,22.5,3,67600.0,-35.7,True
2022-02-01,Mitino,SZAO,289900,324500,1208,-0.51,20.0,22.5,4,179350.0,-38.1,False
2022-02-01,Molzhaninovsky,SAO,218800,234200,912,1.93,20.0,22.5,4,90725.0,-58.5,False
2022-02-01,Moskovsky,NAO,192900,210500,804,-6.6,20.0,22.5,3,105400.0,-45.4,True
2022-02-01,Moskvorechye-Saburovo,YuAO,243000,260200,1012,-7.55,20.0,22.5,4,131000.0,-46.1,False
2022-02-01,Mosrentgen,NAO,209700,237300,874,-2.82,20.0,22.5,1,159000.0,-24.2,True
2022-02-01,Mozhaysky,ZAO,334400,366000,1393,-1.31,20.0,22.5,4,231300.0,-30.8,False
2022-02-01,Nagatino-Sadovniki,YuAO,293000,316200,1221,-0.92,20.0,22.5,6,160667.0,-45.2,False
2022-02-01,Nagatinsky Zaton,YuAO,301300,326300,1255,0.12,20.0,22.5,6,226833.0,-24.7,False
2022-02-01,Nagorny,YuAO,282000,301400,1175,-3.3,20.0,22.5,5,189340.0,-32.9,False
2022-02-01,Novo-Peredelkino,ZAO,279100,316300,1163,3.23,20.0,22.5,3,126133.0,-54.8,False
2022-02-01,Novofyodorovskoye,TAO,99100,108500,413,0.89,20.0,22.5,4,50850.0,-48.7,True
2022-02-01,Novogireyevo,VAO,254900,295200,1062,-1.44,20.0,22.5,3,186033.0,-27.0,False
2022-02-01,Novokosino,VAO,247700,268400,1032,5.42,20.0,22.5,5,148560.0,-40.0,False
2022-02-01,Obruchevsky,YuZAO,355400,399300,1481,-0.9,20.0,22.5,4,213950.0,-39.8,False
2022-02-01,Ochakovo-Matveyevskoye,ZAO,337500,377000,1406,4.99,20.0,22.5,4,220225.0,-34.7,False
2022-02-01,Orekhovo-Borisovo Severnoye,YuAO,224200,255800,934,-4.41,20.0,22.5,5,141880.0,-36.7,False
2022-02-01,Orekhovo-Borisovo Yuzhnoye,YuAO,220400,239800,919,-0.54,20.0,22.5,8,126850.0,-42.4,False
2022-02-01,Ostankinsky,SVAO,300700,316000,1253,-3.37,20.0,22.5,7,217343.0,-27.7,False
2022-02-01,Otradnoye,SVAO,251500,282800,1048,1.17,20.0,22.5,4,188400.0,-25.1,False
2022-02-01,Perovo,VAO,253500,286200,1056,-1.08,20.0,22.5,10,204330.0,-19.4,False
2022-02-01,Pervomayskoye,TAO,107700,118500,449,0.08,20.0,22.5,6,59033.0,-45.2,True
2022-02-01,Pokrovskoye-Streshnevo,SZAO,314500,341500,1310,-7.86,20.0,22.5,3,189833.0,-39.6,False
2022-02-01,Preobrazhenskoye,VAO,274900,295000,1146,-4.83,20.0,22.5,10,261930.0,-4.7,False
2022-02-01,Presnensky,CAO,622300,667800,2593,-3.09,20.0,22.5,3,499867.0,-19.7,False
2022-02-01,Prospekt Vernadskogo,ZAO,447300,480800,1864,6.99,20.0,22.5,3,299700.0,-33.0,False
2022-02-01,Ramenki,ZAO,437500,487800,1823,0.0,20.0,22.5,6,315100.0,-28.0,False
2022-02-01,Rogovskoye,TAO,100100,107500,417,3.28,20.0,22.5,7,46829.0,-53.2,True
2022-02-01,Rostokino,SVAO,242400,280000,1010,-8.09,20.0,22.5,9,140233.0,-42.1,False
2022-02-01,Ryazanovskoye,NAO,160900,177400,670,-2.84,20.0,22.5,4,84350.0,-47.6,True
2022-02-01,Savyolovsky,SAO,333900,354400,1391,-5.33,20.0,22.5,3,223667.0,-33.0,False
2022-02-01,Severnoye Butovo,YuZAO,298100,330100,1242,4.81,20.0,22.5,5,167840.0,-43.7,False
2022-02-01,Severnoye Izmaylovo,VAO,271000,298900,1129,4.41,20.0,22.5,5,150460.0,-44.5,False
2022-02-01,Severnoye Medvedkovo,SVAO,250600,269400,1044,-2.22,20.0,22.5,6,142750.0,-43.0,False
2022-02-01,Severnoye Tushino,SZAO,288500,321000,1202,1.07,20.0,22.5,3,140300.0,-51.4,False
2022-02-01,Severny,SVAO,212800,237400,887,-2.5,20.0,22.5,6,108717.0,-48.9,False
2022-02-01,Shchapovskoye,TAO,106600,112200,444,-0.12,20.0,22.5,7,55257.0,-48.2,True
2022-02-01,Shcherbinka,NAO,194200,220000,809,0.2,20.0,22.5,5,99960.0,-48.5,True
2022-02-01,Shchukino,SZAO,357400,398000,1489,1.44,20.0,22.5,4,279350.0,-21.8,False
2022-02-01,Sokol,SAO,345300,378600,1439,-6.34,20.0,22.5,5,236860.0,-31.4,False
2022-02-01,Sokolinaya Gora,VAO,252100,273600,1050,-0.21,20.0,22.5,4,124275.0,-50.7,False
2022-02-01,Sokolniki,VAO,296300,337600,1235,-0.36,20.0,22.5,7,241486.0,-18.5,False
2022-02-01,Solntsevo,ZAO,292600,320200,1219,1.21,20.0,22.5,7,159729.0,-45.4,False
2022-02-01,Sosenskoye,NAO,205200,234400,855,0.31,20.0,22.5,8,102838.0,-49.9,True
2022-02-01,Strogino,SZAO,364400,413200,1518,-4.83,20.0,22.5,8,270700.0,-25.7,False
2022-02-01,Sviblovo,SVAO,263900,284900,1100,3.78,20.0,22.5,5,198940.0,-24.6,False
2022-02-01,Tagansky,CAO,475900,543000,1983,-2.28,20.0,22.5,5,425200.0,-10.7,False
2022-02-01,Timiryazevsky,SAO,316900,354700,1320,-1.26,20.0,22.5,7,270643.0,-14.6,False
2022-02-01,Troitsk,TAO,140500,151700,585,-0.77,20.0,22.5,4,63050.0,-55.1,True
2022-02-01,Troparyovo-Nikulino,ZAO,392300,436800,1635,0.06,20.0,22.5,3,312233.0,-20.4,False
2022-02-01,Tsaritsyno,YuAO,232400,253400,969,-4.48,20.0,22.5,5,158160.0,-31.9,False
2022-02-01,Tverskoy,CAO,613000,679600,2554,-5.86,20.0,22.5,5,474520.0,-22.6,False
2022-02-01,Tyoply Stan,YuZAO,295500,329700,1231,-0.98,20.0,22.5,1,179400.0,-39.3,False
2022-02-01,Veshnyaki,VAO,232600,257300,969,-0.89,20.0,22.5,10,139500.0,-40.0,False
2022-02-01,Vnukovo,ZAO,268900,311400,1120,1.01,20.0,22.5,3,125000.0,-53.5,False
2022-02-01,Vnukovskoye,NAO,198200,229600,826,-4.64,20.0,22.5,5,104580.0,-47.2,True
2022-02-01,Voronovskoye,TAO,106500,119800,444,1.82,20.0,22.5,4,51800.0,-51.4,True
2022-02-01,Voskresenskoye,NAO,187000,210500,779,-1.65,20.0,22.5,5,98800.0,-47.2,True
2022-02-01,Vostochnoye Izmaylovo,VAO,246000,271300,1025,-2.27,20.0,22.5,7,164086.0,-33.3,False
2022-02-01,Vostochny,VAO,213000,226700,887,-3.04,20.0,22.5,5,117360.0,-44.9,False
2022-02-01,Voykovsky,SAO,293500,314800,1223,2.81,20.0,22.5,5,196420.0,-33.1,False
2022-02-01,Yakimanka,CAO,647400,723400,2698,4.38,20.0,22.5,3,457600.0,-29.3,False
2022-02-01,Yaroslavsky,SVAO,238800,265300,995,-0.98,20.0,22.5,2,151700.0,-36.5,False
2022-02-01,Yasenevo,YuZAO,317500,347600,1323,-2.48,20.0,22.5,4,220225.0,-30.6,False
2022-02-01,Yuzhnoye Butovo,YuZAO,276100,304500,1151,1.47,20.0,22.5,2,186100.0,-32.6,False
2022-02-01,Yuzhnoye Medvedkovo,SVAO,255700,288100,1065,-2.74,20.0,22.5,5,130860.0,-48.8,False
2022-02-01,Yuzhnoye Tushino,SZAO,285900,318900,1191,-5.96,20.0,22.5,0,,,False
2022-02-01,Zamoskvorechye,CAO,553900,591200,2308,-5.35,20.0,22.5,5,418380.0,-24.5,False
2022-02-01,Zapadnoye Degunino,SAO,247000,264000,1029,-2.79,20.0,22.5,4,136125.0,-44.9,False
2022-02-01,Zelenograd,ZelAO,166900,184300,695,5.05,20.0,22.5,2,76350.0,-54.3,True
2022-02-01,Zyablikovo,YuAO,231200,253600,963,1.3,20.0,22.5,6,126117.0,-45.5,False
2022-02-01,Zyuzino,YuZAO,327800,350600,1366,-1.31,20.0,22.5,7,203929.0,-37.8,False
2022-03-01,Aeroport,SAO,304700,336900,1270,-6.27,20.0,22.5,1,169800.0,-44.3,False
2022-03-01,Akademichesky,YuZAO,384800,426700,1603,0.26,20.0,22.5,8,273900.0,-28.8,False
2022-03-01,Alekseevsky,SVAO,295000,328000,1229,-5.01,20.0,22.5,8,184838.0,-37.3,False
2022-03-01,Altufyevsky,SVAO,235600,264700,982,-0.33,20.0,22.5,2,135400.0,-42.5,False
2022-03-01,Arbat,CAO,636200,702100,2651,-5.23,20.0,22.5,4,417550.0,-34.4,False
2022-03-01,Babushkinsky,SVAO,257500,286100,1073,-1.02,20.0,22.5,3,155133.0,-39.8,False
2022-03-01,Basmanny,CAO,505200,563600,2105,-1.75,20.0,22.5,5,398840.0,-21.1,False
2022-03-01,Begovoy,SAO,342100,379400,1425,3.69,20.0,22.5,10,251930.0,-26.4,False
2022-03-01,Beskudnikovsky,SAO,249200,274700,1038,6.21,20.0,22.5,7,130229.0,-47.7,False
2022-03-01,Bibirevo,SVAO,242200,264900,1009,-0.71,20.0,22.5,6,146850.0,-39.4,False
2022-03-01,Biryulyovo Vostochnoye,YuAO,220000,236100,917,-3.93,20.0,22.5,5,112320.0,-48.9,False
2022-03-01,Biryulyovo Zapadnoye,YuAO,216500,240700,902,-1.07,20.0,22.5,3,134633.0,-37.8,False
2022-03-01,Bogorodskoye,VAO,240900,259200,1004,-7.23,20.0,22.5,2,181750.0,-24.6,False
2022-03-01,Brateyevo,YuAO,218900,242000,912,-3.61,20.0,22.5,7,135343.0,-38.2,False
2022-03-01,Butyrsky,SVAO,291500,317000,1214,2.92,20.0,22.5,7,192300.0,-34.0,False
2022-03-01,Chertanovo Severnoye,YuAO,241100,272500,1005,-6.89,20.0,22.5,5,216100.0,-10.4,False
2022-03-01,Chertanovo Tsentralnoye,YuAO,248200,279800,1034,2.43,20.0,22.5,5,150380.0,-39.4,False
2022-03-01,Chertanovo Yuzhnoye,YuAO,213000,234000,887,-7.51,20.0,22.5,2,141800.0,-33.4,False
2022-03-01,Cheryomushki,YuZAO,357800,388900,1491,-0.27,20.0,22.5,6,207533.0,-42.0,False
2022-03-01,Danilovsky,YuAO,319700,356800,1332,3.89,20.0,22.5,1,138500.0,-56.7,False
2022-03-01,Desyonovskoye,NAO,179800,188300,749,-2.41,20.0,22.5,6,97050.0,-46.0,True
2022-03-01,Dmitrovsky,SAO,227600,248500,948,-3.71,20.0,22.5,5,118280.0,-48.0,False
2022-03-01,Donskoy,YuAO,317900,348000,1325,-7.2,20.0,22.5,5,225300.0,-29.1,False
2022-03-01,Dorogomilovo,ZAO,506700,549000,2111,2.4,20.0,22.5,3,279367.0,-44.9,False
2022-03-01,Fili-Davydkovo,ZAO,375200,419400,1563,-5.3,20.0,22.5,4,284675.0,-24.1,False
2022-03-01,Filimonkovskoye,NAO,167400,175000,698,2.0,20.0,22.5,5,75680.0,-54.8,True
2022-03-01,Filyovsky Park,ZAO,391700,430300,1632,-4.84,20.0,22.5,10,242560.0,-38.1,False
2022-03-01,Gagarinsky,YuZAO,426900,482400,1779,-3.26,20.0,22.5,4,267250.0,-37.4,False
2022-03-01,Golovinsky,SAO,256500,282900,1069,-5.34,20.0,22.5,3,142867.0,-44.3,False
2022-03-01,Golyanovo,VAO,233600,258500,973,1.03,20.0,22.5,7,120857.0,-48.3,False
2022-03-01,Ivanovskoye,VAO,227400,259100,947,-1.44,20.0,22.5,8,138275.0,-39.2,False
2022-03-01,Izmaylovo,VAO,265800,292300,1108,-1.73,20.0,22.5,4,195975.0,-26.3,False
2022-03-01,Khamovniki,CAO,636200,730000,2651,-7.86,20.0,22.5,4,526650.0,-17.2,False
2022-03-01,Khoroshyovo-Mnyovniki,SZAO,339700,377800,1415,-5.02,20.0,22.5,0,,,False
2022-03-01,Khoroshyovsky,SAO,359000,385300,1496,-6.66,20.0,22.5,2,253550.0,-29.4,False
2022-03-01,Khovrino,SAO,235700,267000,982,-8.21,20.0,22.5,7,137257.0,-41.8,False
2022-03-01,Kievsky,TAO,95000,102100,396,-4.52,20.0,22.5,5,64820.0,-31.8,True
2022-03-01,Klyonovskoye,TAO,97800,107000,408,0.78,20.0,22.5,7,47886.0,-51.0,True
2022-03-01,Kokoshkino,NAO,150700,161500,628,-5.31,20.0,22.5,6,74367.0,-50.7,True
2022-03-01,Konkovo,YuZAO,312900,351300,1304,-6.36,20.0,22.5,4,226550.0,-27.6,False
2022-03-01,Koptevo,SAO,250500,268000,1044,-4.88,20.0,22.5,2,141150.0,-43.7,False
2022-03-01,Kosino-Ukhtomsky,VAO,214100,239000,892,-3.04,20.0,22.5,4,110775.0,-48.3,False
2022-03-01,Kotlovka,YuZAO,350200,378800,1459,4.05,20.0,22.5,4,229900.0,-34.4,False
2022-03-01,Krasnopakhorskoye,TAO,118300,129600,493,2.34,20.0,22.5,4,53650.0,-54.6,True
2022-03-01,Krasnoselsky,CAO,464900,521200,1937,0.0,20.0,22.5,4,340575.0,-26.7,False
2022-03-01,Krylatskoye,SZAO,399800,437200,1666,-2.91,20.0,22.5,5,221300.0,-44.6,False
2022-03-01,Kuntsevo,ZAO,368700,396700,1536,0.61,20.0,22.5,6,193200.0,-47.6,False
2022-03-01,Kurkino,SZAO,340000,381100,1417,1.78,20.0,22.5,6,195383.0,-42.5,False
2022-03-01,Levoberezhny,SAO,255400,272600,1064,4.1,20.0,22.5,8,150500.0,-41.1,False
2022-03-01,Lianozovo,SVAO,243500,268300,1015,1.9,20.0,22.5,4,134100.0,-44.9,False
2022-03-01,Lomonosovsky,YuZAO,425700,452200,1774,-3.34,20.0,22.5,5,323400.0,-24.0,False
2022-03-01,Losinoostrovsky,SVAO,249100,267100,1038,-2.11,20.0,22.5,5,157900.0,-36.6,False
2022-03-01,Marfino,SVAO,256200,287200,1068,-2.62,20.0,22.5,5,168620.0,-34.2,False
2022-03-01,Marushkinskoye,NAO,150800,158700,628,-0.5,20.0,22.5,5,72960.0,-51.6,True
2022-03-01,Maryina Roshcha,SVAO,303300,320400,1264,-3.86,20.0,22.5,2,196000.0,-35.4,False
2022-03-01,Meshchansky,CAO,505000,558400,2104,6.48,20.0,22.5,8,386025.0,-23.6,False
2022-03-01,Metrogorodok,VAO,223600,244400,932,-9.0,20.0,22.5,2,129000.0,-42.3,False
2022-03-01,Mikhaylovo-Yartsevskoye,TAO,104000,110400,433,-1.15,20.0,22.5,3,62367.0,-40.0,True
2022-03-01,Mitino,SZAO,286000,309300,1192,-1.32,20.0,22.5,10,200850.0,-29.8,False
2022-03-01,Molzhaninovsky,SAO,204900,227400,854,-6.37,20.0,22.5,7,112214.0,-45.2,False
2022-03-01,Moskovsky,NAO,192600,208100,803,-0.14,20.0,22.5,1,71300.0,-63.0,True
2022-03-01,Moskvorechye-Saburovo,YuAO,238400,259000,993,-1.91,20.0,22.5,8,150063.0,-37.1,False
2022-03-01,Mosrentgen,NAO,190800,211900,795,-9.03,20.0,22.5,4,128550.0,-32.6,True
2022-03-01,Mozhaysky,ZAO,325400,363400,1356,-2.71,20.0,22.5,4,204700.0,-37.1,False
2022-03-01,Nagatino-Sadovniki,YuAO,278500,293100,1160,-4.95,20.0,22.5,5,148700.0,-46.6,False
2022-03-01,Nagatinsky Zaton,YuAO,293700,324700,1224,-2.52,20.0,22.5,4,211675.0,-27.9,False
2022-03-01,Nagorny,YuAO,278200,302900,1159,-1.37,20.0,22.5,4,189375.0,-31.9,False
2022-03-01,Novo-Peredelkino,ZAO,257700,289800,1074,-7.69,20.0,22.5,8,138125.0,-46.4,False
2022-03-01,Novofyodorovskoye,TAO,95100,103200,396,-4.09,20.0,22.5,7,62514.0,-34.3,True
2022-03-01,Novogireyevo,VAO,243700,274800,1015,-4.37,20.0,22.5,8,167788.0,-31.1,False
2022-03-01,Novokosino,VAO,236500,255800,985,-4.53,20.0,22.5,2,153950.0,-34.9,False
2022-03-01,Obruchevsky,YuZAO,341700,384900,1424,-3.87,20.0,22.5,5,238480.0,-30.2,False
2022-03-01,Ochakovo-Matveyevskoye,ZAO,334300,371500,1393,-0.95,20.0,22.5,4,167700.0,-49.8,False
2022-03-01,Orekhovo-Borisovo Severnoye,YuAO,211100,237200,880,-5.83,20.0,22.5,7,116600.0,-44.8,False
2022-03-01,Orekhovo-Borisovo Yuzhnoye,YuAO,232600,248400,969,5.52,20.0,22.5,9,122667.0,-47.3,False
2022-03-01,Ostankinsky,SVAO,312500,331100,1302,3.9,20.0,22.5,11,185600.0,-40.6,False
2022-03-01,Otradnoye,SVAO,249900,280000,1041,-0.66,20.0,22.5,4,159800.0,-36.1,False
2022-03-01,Perovo,VAO,256500,288200,1069,1.18,20.0,22.5,5,210720.0,-17.8,False
2022-03-01,Pervomayskoye,TAO,106100,116000,442,-1.46,20.0,22.5,7,54214.0,-48.9,True
2022-03-01,Pokrovskoye-Streshnevo,SZAO,299600,335100,1248,-4.75,20.0,22.5,8,217088.0,-27.5,False
2022-03-01,Preobrazhenskoye,VAO,267500,300100,1114,-2.71,20.0,22.5,7,196886.0,-26.4,False
2022-03-01,Presnensky,CAO,623100,694100,2596,0.14,20.0,22.5,11,494391.0,-20.7,False
2022-03-01,Prospekt Vernadskogo,ZAO,423100,463000,1763,-5.39,20.0,22.5,12,296117.0,-30.0,False
2022-03-01,Ramenki,ZAO,439200,496600,1830,0.37,20.0,22.5,8,318200.0,-27.6,False
2022-03-01,Rogovskoye,TAO,96600,106800,402,-3.55,20.0,22.5,2,51050.0,-47.2,True
2022-03-01,Rostokino,SVAO,246400,278700,1027,1.66,20.0,22.5,5,143800.0,-41.6,False
2022-03-01,Ryazanovskoye,NAO,154800,173800,645,-3.82,20.0,22.5,7,88871.0,-42.6,True
2022-03-01,Savyolovsky,SAO,325700,350700,1357,-2.45,20.0,22.5,13,225408.0,-30.8,False
2022-03-01,Severnoye Butovo,YuZAO,287200,305600,1197,-3.63,20.0,22.5,5,148960.0,-48.1,False
2022-03-01,Severnoye Izmaylovo,VAO,245100,263400,1021,-9.58,20.0,22.5,3,136700.0,-44.2,False
2022-03-01,Severnoye Medvedkovo,SVAO,253700,278200,1057,1.23,20.0,22.5,3,156333.0,-38.4,False
2022-03-01,Severnoye Tushino,SZAO,288100,308500,1201,-0.12,20.0,22.5,7,178071.0,-38.2,False
2022-03-01,Severny,SVAO,217100,244400,905,2.03,20.0,22.5,5,132800.0,-38.8,False
2022-03-01,Shchapovskoye,TAO,100100,112500,417,-6.13,20.0,22.5,2,62700.0,-37.4,True
2022-03-01,Shcherbinka,NAO,177000,200500,738,-8.86,20.0,22.5,8,95563.0,-46.0,True
2022-03-01,Shchukino,SZAO,343100,378300,1430,-3.99,20.0,22.5,7,267900.0,-21.9,False
2022-03-01,Sokol,SAO,332700,377000,1386,-3.63,20.0,22.5,5,273600.0,-17.8,False
2022-03-01,Sokolinaya Gora,VAO,239700,265100,999,-4.89,20.0,22.5,4,179075.0,-25.3,False
2022-03-01,Sokolniki,VAO,302000,319900,1258,1.91,20.0,22.5,4,244000.0,-19.2,False
2022-03-01,Solntsevo,ZAO,276000,303300,1150,-5.65,20.0,22.5,8,158025.0,-42.7,False
2022-03-01,Sosenskoye,NAO,199000,224000,829,-2.99,20.0,22.5,5,92020.0,-53.8,True
2022-03-01,Strogino,SZAO,343900,364600,1433,-5.61,20.0,22.5,4,263650.0,-23.3,False
2022-03-01,Sviblovo,SVAO,242100,255000,1009,-8.26,20.0,22.5,8,200163.0,-17.3,False
2022-03-01,Tagansky,CAO,469500,520000,1956,-1.36,20.0,22.5,6,381167.0,-18.8,False
2022-03-01,Timiryazevsky,SAO,286300,302600,1193,-9.63,20.0,22.5,7,194400.0,-32.1,False
2022-03-01,Troitsk,TAO,134700,144900,561,-4.13,20.0,22.5,6,65583.0,-51.3,True
2022-03-01,Troparyovo-Nikulino,ZAO,366500,378700,1527,-6.6,20.0,22.5,7,302729.0,-17.4,False
2022-03-01,Tsaritsyno,YuAO,242600,266600,1011,4.37,20.0,22.5,14,137000.0,-43.5,False
2022-03-01,Tverskoy,CAO,606200,658200,2526,-1.11,20.0,22.5,1,439000.0,-27.6,False
2022-03-01,Tyoply Stan,YuZAO,295400,326700,1231,-0.05,20.0,22.5,3,207900.0,-29.6,False
2022-03-01,Veshnyaki,VAO,236800,259900,987,1.81,20.0,22.5,7,141400.0,-40.3,False
2022-03-01,Vnukovo,ZAO,250500,279000,1044,-6.85,20.0,22.5,5,141060.0,-43.7,False
2022-03-01,Vnukovskoye,NAO,203700,224700,849,2.78,20.0,22.5,3,100500.0,-50.7,True
2022-03-01,Voronovskoye,TAO,105100,110600,438,-1.31,20.0,22.5,5,60960.0,-42.0,True
2022-03-01,Voskresenskoye,NAO,176600,190700,736,-5.57,20.0,22.5,4,94625.0,-46.4,True
2022-03-01,Vostochnoye Izmaylovo,VAO,258500,284700,1077,5.1,20.0,22.5,5,170060.0,-34.2,False
2022-03-01,Vostochny,VAO,211700,241200,882,-0.58,20.0,22.5,7,127500.0,-39.8,False
2022-03-01,Voykovsky,SAO,283600,310000,1182,-3.37,20.0,22.5,4,188475.0,-33.5,False
2022-03-01,Yakimanka,CAO,584200,653700,2434,-9.77,20.0,22.5,3,534267.0,-8.5,False
2022-03-01,Yaroslavsky,SVAO,243600,275600,1015,2.01,20.0,22.5,3,113167.0,-53.5,False
2022-03-01,Yasenevo,YuZAO,303900,336300,1266,-4.3,20.0,22.5,6,255233.0,-16.0,False
2022-03-01,Yuzhnoye Butovo,YuZAO,266700,301600,1111,-3.43,20.0,22.5,9,155056.0,-41.9,False
2022-03-01,Yuzhnoye Medvedkovo,SVAO,242800,258300,1012,-5.04,20.0,22.5,5,153160.0,-36.9,False
2022-03-01,Yuzhnoye Tushino,SZAO,297900,333200,1241,4.21,20.0,22.5,4,185300.0,-37.8,False
2022-03-01,Zamoskvorechye,CAO,527900,580100,2200,-4.69,20.0,22.5,3,326867.0,-38.1,False
2022-03-01,Zapadnoye Degunino,SAO,229900,259000,958,-6.93,20.0,22.5,4,129400.0,-43.7,False
2022-03-01,Zelenograd,ZelAO,163300,188000,681,-2.13,20.0,22.5,1,81600.0,-50.0,True
2022-03-01,Zyablikovo,YuAO,222900,240100,929,-3.59,20.0,22.5,2,163250.0,-26.8,False
2022-03-01,Zyuzino,YuZAO,335300,361800,1397,2.29,20.0,22.5,2,177200.0,-47.2,False
2022-04-01,Aeroport,SAO,296100,324100,1234,-2.84,9.5,12.0,5,174200.0,-41.2,False
2022-04-01,Akademichesky,YuZAO,393900,441700,1641,2.38,9.5,12.0,4,270900.0,-31.2,False
2022-04-01,Alekseevsky,SVAO,282600,316000,1177,-4.22,9.5,12.0,7,223057.0,-21.1,False
2022-04-01,Altufyevsky,SVAO,221000,249200,921,-6.23,9.5,12.0,8,146175.0,-33.9,False
2022-04-01,Arbat,CAO,615500,649400,2565,-3.25,9.5,12.0,5,424420.0,-31.0,False
2022-04-01,Babushkinsky,SVAO,261700,297000,1091,1.66,9.5,12.0,9,163611.0,-37.5,False
2022-04-01,Basmanny,CAO,512600,556200,2136,1.47,9.5,12.0,5,415260.0,-19.0,False
2022-04-01,Begovoy,SAO,326500,360100,1360,-4.57,9.5,12.0,9,242100.0,-25.8,False
2022-04-01,Beskudnikovsky,SAO,232500,261900,969,-6.68,9.5,12.0,4,149300.0,-35.8,False
2022-04-01,Bibirevo,SVAO,246800,273600,1028,1.88,9.5,12.0,4,129850.0,-47.4,False
2022-04-01,Biryulyovo Vostochnoye,YuAO,201600,223100,840,-8.37,9.5,12.0,6,124083.0,-38.5,False
2022-04-01,Biryulyovo Zapadnoye,YuAO,222800,241700,928,2.93,9.5,12.0,5,123240.0,-44.7,False
2022-04-01,Bogorodskoye,VAO,244700,273900,1020,1.58,9.5,12.0,5,180620.0,-26.2,False
2022-04-01,Brateyevo,YuAO,208100,225500,867,-4.94,9.5,12.0,4,124475.0,-40.2,False
2022-04-01,Butyrsky,SVAO,272600,306200,1136,-6.49,9.5,12.0,6,176833.0,-35.1,False
2022-04-01,Chertanovo Severnoye,YuAO,244900,269400,1020,1.57,9.5,12.0,3,154467.0,-36.9,False
2022-04-01,Chertanovo Tsentralnoye,YuAO,234100,249100,975,-5.66,9.5,12.0,4,123100.0,-47.4,False
2022-04-01,Chertanovo Yuzhnoye,YuAO,213900,236700,891,0.4,9.5,12.0,3,136100.0,-36.4,False
2022-04-01,Cheryomushki,YuZAO,345400,382600,1439,-3.47,9.5,12.0,5,208880.0,-39.5,False
2022-04-01,Danilovsky,YuAO,309800,325400,1291,-3.07,9.5,12.0,6,211617.0,-31.7,False
2022-04-01,Desyonovskoye,NAO,181600,197900,757,1.0,9.5,12.0,2,82700.0,-54.5,True
2022-04-01,Dmitrovsky,SAO,226500,242800,944,-0.47,9.5,12.0,4,121625.0,-46.3,False
2022-04-01,Donskoy,YuAO,327500,361100,1365,3.02,9.5,12.0,1,196200.0,-40.1,False
2022-04-01,Dorogomilovo,ZAO,468800,516600,1953,-7.48,9.5,12.0,6,372467.0,-20.5,False
2022-04-01,Fili-Davydkovo,ZAO,350200,391800,1459,-6.66,9.5,12.0,8,238388.0,-31.9,False
2022-04-01,Filimonkovskoye,NAO,148700,168600,619,-11.2,9.5,12.0,13,75731.0,-49.1,True
2022-04-01,Filyovsky Park,ZAO,382000,423800,1592,-2.47,9.5,12.0,4,222850.0,-41.7,False
2022-04-01,Gagarinsky,YuZAO,440600,493600,1836,3.19,9.5,12.0,3,359967.0,-18.3,False
2022-04-01,Golovinsky,SAO,250100,266900,1042,-2.49,9.5,12.0,1,268600.0,7.4,False
2022-04-01,Golyanovo,VAO,223600,243200,932,-4.29,9.5,12.0,3,119533.0,-46.5,False
2022-04-01,Ivanovskoye,VAO,220800,241000,920,-2.9,9.5,12.0,8,132225.0,-40.1,False
2022-04-01,Izmaylovo,VAO,255100,282900,1063,-4.02,9.5,12.0,7,173643.0,-31.9,False
2022-04-01,Khamovniki,CAO,663500,745400,2764,4.29,9.5,12.0,5,487360.0,-26.5,False
2022-04-01,Khoroshyovo-Mnyovniki,SZAO,336700,381000,1403,-0.88,9.5,12.0,5,228060.0,-32.3,False
2022-04-01,Khoroshyovsky,SAO,353400,381000,1472,-1.55,9.5,12.0,4,219825.0,-37.8,False
2022-04-01,Khovrino,SAO,227000,251000,946,-3.72,9.5,12.0,8,152638.0,-32.8,False
2022-04-01,Kievsky,TAO,94700,102400,395,-0.37,9.5,12.0,5,46140.0,-51.3,True
2022-04-01,Klyonovskoye,TAO,90900,104100,379,-7.06,9.5,12.0,5,41560.0,-54.3,True
2022-04-01,Kokoshkino,NAO,150300,178300,626,-0.29,9.5,12.0,4,85875.0,-42.9,True
2022-04-01,Konkovo,YuZAO,306700,347300,1278,-1.99,9.5,12.0,4,184275.0,-39.9,False
2022-04-01,Koptevo,SAO,256600,282600,1069,2.44,9.5,12.0,6,162567.0,-36.6,False
2022-04-01,Kosino-Ukhtomsky,VAO,215700,226800,899,0.73,9.5,12.0,2,177750.0,-17.6,False
2022-04-01,Kotlovka,YuZAO,335900,354800,1400,-4.09,9.5,12.0,3,247233.0,-26.4,False
2022-04-01,Krasnopakhorskoye,TAO,112600,128600,469,-4.8,9.5,12.0,3,54367.0,-51.7,True
2022-04-01,Krasnoselsky,CAO,463800,509000,1932,-0.24,9.5,12.0,3,307733.0,-33.6,False
2022-04-01,Krylatskoye,SZAO,388600,428100,1619,-2.79,9.5,12.0,7,244586.0,-37.1,False
2022-04-01,Kuntsevo,ZAO,347000,388400,1446,-5.87,9.5,12.0,2,180200.0,-48.1,False
2022-04-01,Kurkino,SZAO,321300,352000,1339,-5.51,9.5,12.0,3,205133.0,-36.2,False
2022-04-01,Levoberezhny,SAO,262100,286900,1092,2.6,9.5,12.0,6,153333.0,-41.5,False
2022-04-01,Lianozovo,SVAO,221500,238300,923,-9.03,9.5,12.0,6,153367.0,-30.8,False
2022-04-01,Lomonosovsky,YuZAO,418700,462700,1744,-1.65,9.5,12.0,4,291000.0,-30.5,False
2022-04-01,Losinoostrovsky,SVAO,242400,255100,1010,-2.69,9.5,12.0,3,124767.0,-48.5,False
2022-04-01,Marfino,SVAO,239800,268500,999,-6.41,9.5,12.0,3,149200.0,-37.8,False
2022-04-01,Marushkinskoye,NAO,140700,152600,586,-6.68,9.5,12.0,0,,,True
2022-04-01,Maryina Roshcha,SVAO,297800,322200,1241,-1.82,9.5,12.0,5,220940.0,-25.8,False
2022-04-01,Meshchansky,CAO,480900,542000,2004,-4.76,9.5,12.0,7,316386.0,-34.2,False
2022-04-01,Metrogorodok,VAO,214600,240100,894,-4.05,9.5,12.0,5,176560.0,-17.7,False
2022-04-01,Mikhaylovo-Yartsevskoye,TAO,96200,107300,401,-7.55,9.5,12.0,8,55650.0,-42.2,True
2022-04-01,Mitino,SZAO,268900,292300,1121,-5.98,9.5,12.0,5,167740.0,-37.6,False
2022-04-01,Molzhaninovsky,SAO,216800,236900,903,5.83,9.5,12.0,6,104767.0,-51.7,False
2022-04-01,Moskovsky,NAO,196800,217000,820,2.18,9.5,12.0,2,99400.0,-49.5,True
2022-04-01,Moskvorechye-Saburovo,YuAO,240900,264600,1004,1.07,9.5,12.0,3,146367.0,-39.2,False
2022-04-01,Mosrentgen,NAO,199900,211600,833,4.78,9.5,12.0,3,145433.0,-27.2,True
2022-04-01,Mozhaysky,ZAO,316600,348700,1319,-2.69,9.5,12.0,1,141200.0,-55.4,False
2022-04-01,Nagatino-Sadovniki,YuAO,261300,287400,1089,-6.16,9.5,12.0,4,173450.0,-33.6,False
2022-04-01,Nagatinsky Zaton,YuAO,274700,291300,1145,-6.46,9.5,12.0,4,159925.0,-41.8,False
2022-04-01,Nagorny,YuAO,273200,320400,1138,-1.79,9.5,12.0,6,216450.0,-20.8,False
2022-04-01,Novo-Peredelkino,ZAO,272300,299800,1135,5.67,9.5,12.0,6,149117.0,-45.2,False
2022-04-01,Novofyodorovskoye,TAO,94700,101700,394,-0.43,9.5,12.0,7,51500.0,-45.6,True
2022-04-01,Novogireyevo,VAO,245400,258800,1022,0.68,9.5,12.0,7,173057.0,-29.5,False
2022-04-01,Novokosino,VAO,226400,255700,943,-4.25,9.5,12.0,7,135429.0,-40.2,False
2022-04-01,Obruchevsky,YuZAO,327000,374400,1363,-4.28,9.5,12.0,8,232775.0,-28.8,False
2022-04-01,Ochakovo-Matveyevskoye,ZAO,311300,324300,1297,-6.86,9.5,12.0,4,216900.0,-30.3,False
2022-04-01,Orekhovo-Borisovo Severnoye,YuAO,216400,237900,902,2.5,9.5,12.0,7,127614.0,-41.0,False
2022-04-01,Orekhovo-Borisovo Yuzhnoye,YuAO,211900,230100,883,-8.9,9.5,12.0,3,132700.0,-37.4,False
2022-04-01,Ostankinsky,SVAO,300100,344700,1251,-3.95,9.5,12.0,2,192950.0,-35.7,False
2022-04-01,Otradnoye,SVAO,250900,279700,1046,0.43,9.5,12.0,3,146500.0,-41.6,False
2022-04-01,Perovo,VAO,247900,273400,1033,-3.32,9.5,12.0,6,197183.0,-20.5,False
2022-04-01,Pervomayskoye,TAO,99400,108300,414,-6.34,9.5,12.0,2,57900.0,-41.8,True
2022-04-01,Pokrovskoye-Streshnevo,SZAO,313500,354600,1306,4.64,9.5,12.0,6,185017.0,-41.0,False
2022-04-01,Preobrazhenskoye,VAO,262400,282000,1093,-1.88,9.5,12.0,8,209463.0,-20.2,False
2022-04-01,Presnensky,CAO,608400,680800,2535,-2.37,9.5,12.0,2,395600.0,-35.0,False
2022-04-01,Prospekt Vernadskogo,ZAO,430100,471700,1792,1.64,9.5,12.0,5,281220.0,-34.6,False
2022-04-01,Ramenki,ZAO,428600,460000,1786,-2.41,9.5,12.0,4,244950.0,-42.8,False
2022-04-01,Rogovskoye,TAO,98000,109000,409,1.53,9.5,12.0,4,46950.0,-52.1,True
2022-04-01,Rostokino,SVAO,245300,270900,1022,-0.46,9.5,12.0,6,162583.0,-33.7,False
2022-04-01,Ryazanovskoye,NAO,148600,167300,619,-3.95,9.5,12.0,8,77538.0,-47.8,True
2022-04-01,Savyolovsky,SAO,313000,337500,1304,-3.89,9.5,12.0,2,207600.0,-33.7,False
2022-04-01,Severnoye Butovo,YuZAO,272800,302600,1137,-5.03,9.5,12.0,6,158700.0,-41.8,False
2022-04-01,Severnoye Izmaylovo,VAO,247100,267000,1030,0.84,9.5,12.0,6,212733.0,-13.9,False
2022-04-01,Severnoye Medvedkovo,SVAO,243600,271700,1015,-3.97,9.5,12.0,7,135157.0,-44.5,False
2022-04-01,Severnoye Tushino,SZAO,274500,306100,1144,-4.73,9.5,12.0,3,148467.0,-45.9,False
2022-04-01,Severny,SVAO,217300,240400,905,0.09,9.5,12.0,3,127233.0,-41.4,False
2022-04-01,Shchapovskoye,TAO,104700,112600,436,4.59,9.5,12.0,4,51050.0,-51.2,True
2022-04-01,Shcherbinka,NAO,180100,201700,750,1.73,9.5,12.0,7,105371.0,-41.5,True
2022-04-01,Shchukino,SZAO,328600,359600,1369,-4.23,9.5,12.0,1,254300.0,-22.6,False
2022-04-01,Sokol,SAO,336300,367800,1401,1.08,9.5,12.0,6,212650.0,-36.8,False
2022-04-01,Sokolinaya Gora,VAO,239600,273000,998,-0.06,9.5,12.0,9,143367.0,-40.2,False
2022-04-01,Sokolniki,VAO,302200,334900,1259,0.06,9.5,12.0,5,225420.0,-25.4,False
2022-04-01,Solntsevo,ZAO,273600,304700,1140,-0.87,9.5,12.0,5,139660.0,-49.0,False
2022-04-01,Sosenskoye,NAO,191700,206200,799,-3.68,9.5,12.0,6,111450.0,-41.9,True
2022-04-01,Strogino,SZAO,351200,389800,1463,2.11,9.5,12.0,4,257675.0,-26.6,False
2022-04-01,Sviblovo,SVAO,245800,276900,1024,1.52,9.5,12.0,6,144917.0,-41.0,False
2022-04-01,Tagansky,CAO,459200,522300,1914,-2.18,9.5,12.0,5,365920.0,-20.3,False
2022-04-01,Timiryazevsky,SAO,291100,327600,1213,1.66,9.5,12.0,4,224250.0,-23.0,False
2022-04-01,Troitsk,TAO,131000,142800,546,-2.72,9.5,12.0,4,73300.0,-44.0,True
2022-04-01,Troparyovo-Nikulino,ZAO,380900,410300,1587,3.93,9.5,12.0,5,241660.0,-36.6,False
2022-04-01,Tsaritsyno,YuAO,241700,259100,1007,-0.39,9.5,12.0,9,136222.0,-43.6,False
2022-04-01,Tverskoy,CAO,625900,687700,2608,3.26,9.5,12.0,4,513400.0,-18.0,False
2022-04-01,Tyoply Stan,YuZAO,277200,300000,1155,-6.15,9.5,12.0,6,209283.0,-24.5,False
2022-04-01,Veshnyaki,VAO,225700,246000,940,-4.71,9.5,12.0,5,144320.0,-36.1,False
2022-04-01,Vnukovo,ZAO,252100,284000,1051,0.67,9.5,12.0,4,121225.0,-51.9,False
2022-04-01,Vnukovskoye,NAO,195000,215400,813,-4.27,9.5,12.0,5,117020.0,-40.0,True
2022-04-01,Voronovskoye,TAO,101700,114600,424,-3.27,9.5,12.0,8,53088.0,-47.8,True
2022-04-01,Voskresenskoye,NAO,170000,191100,708,-3.75,9.5,12.0,5,88240.0,-48.1,True
2022-04-01,Vostochnoye Izmaylovo,VAO,243700,278500,1015,-5.75,9.5,12.0,3,140800.0,-42.2,False
2022-04-01,Vostochny,VAO,208400,224300,868,-1.6,9.5,12.0,5,135620.0,-34.9,False
2022-04-01,Voykovsky,SAO,278700,297800,1161,-1.73,9.5,12.0,2,230000.0,-17.5,False
2022-04-01,Yakimanka,CAO,609000,655700,2538,4.26,9.5,12.0,4,498275.0,-18.2,False
2022-04-01,Yaroslavsky,SVAO,233500,265300,973,-4.15,9.5,12.0,3,129233.0,-44.7,False
2022-04-01,Yasenevo,YuZAO,301700,341600,1257,-0.7,9.5,12.0,5,251100.0,-16.8,False
2022-04-01,Yuzhnoye Butovo,YuZAO,261600,272900,1090,-1.9,9.5,12.0,6,154383.0,-41.0,False
2022-04-01,Yuzhnoye Medvedkovo,SVAO,236900,265600,987,-2.43,9.5,12.0,5,131760.0,-44.4,False
2022-04-01,Yuzhnoye Tushino,SZAO,291300,336800,1214,-2.21,9.5,12.0,4,173625.0,-40.4,False
2022-04-01,Zamoskvorechye,CAO,520800,602100,2170,-1.34,9.5,12.0,2,374650.0,-28.1,False
2022-04-01,Zapadnoye Degunino,SAO,233900,251100,975,1.76,9.5,12.0,3,127933.0,-45.3,False
2022-04-01,Zelenograd,ZelAO,164100,172000,684,0.47,9.5,12.0,5,75000.0,-54.3,True
2022-04-01,Zyablikovo,YuAO,204100,228600,850,-8.43,9.5,12.0,1,117000.0,-42.7,False
2022-04-01,Zyuzino,YuZAO,331700,375500,1382,-1.09,9.5,12.0,8,195913.0,-40.9,False
2022-05-01,Aeroport,SAO,310100,345000,1292,4.72,9.5,12.0,5,191240.0,-38.3,False
2022-05-01,Akademichesky,YuZAO,362200,399300,1509,-8.06,9.5,12.0,6,244867.0,-32.4,False
2022-05-01,Alekseevsky,SVAO,292100,319400,1217,3.39,9.5,12.0,6,191067.0,-34.6,False
2022-05-01,Altufyevsky,SVAO,233900,254000,975,5.88,9.5,12.0,7,142457.0,-39.1,False
2022-05-01,Arbat,CAO,635600,680600,2648,3.27,9.5,12.0,5,398320.0,-37.3,False
2022-05-01,Babushkinsky,SVAO,242200,261000,1009,-7.45,9.5,12.0,4,144400.0,-40.4,False
2022-05-01,Basmanny,CAO,514700,539900,2145,0.4,9.5,12.0,7,355243.0,-31.0,False
2022-05-01,Begovoy,SAO,331300,361200,1380,1.48,9.5,12.0,10,220710.0,-33.4,False
2022-05-01,Beskudnikovsky,SAO,241300,256100,1005,3.78,9.5,12.0,7,141757.0,-41.3,False
2022-05-01,Bibirevo,SVAO,238500,266300,994,-3.37,9.5,12.0,5,155760.0,-34.7,False
2022-05-01,Biryulyovo Vostochnoye,YuAO,206400,215900,860,2.38,9.5,12.0,4,124150.0,-39.8,False
2022-05-01,Biryulyovo Zapadnoye,YuAO,220800,255700,920,-0.92,9.5,12.0,6,117550.0,-46.8,False
2022-05-01,Bogorodskoye,VAO,242100,273200,1009,-1.08,9.5,12.0,6,164083.0,-32.2,False
2022-05-01,Brateyevo,YuAO,207600,219600,865,-0.24,9.5,12.0,5,131840.0,-36.5,False
2022-05-01,Butyrsky,SVAO,283900,302700,1183,4.16,9.5,12.0,6,175967.0,-38.0,False
2022-05-01,Chertanovo Severnoye,YuAO,237800,255100,991,-2.92,9.5,12.0,7,171957.0,-27.7,False
2022-05-01,Chertanovo Tsentralnoye,YuAO,227800,250200,949,-2.71,9.5,12.0,4,150175.0,-34.1,False
2022-05-01,Chertanovo Yuzhnoye,YuAO,228400,253800,952,6.81,9.5,12.0,6,186767.0,-18.2,False
2022-05-01,Cheryomushki,YuZAO,342000,376300,1425,-0.98,9.5,12.0,4,323675.0,-5.4,False
2022-05-01,Danilovsky,YuAO,310300,329200,1293,0.14,9.5,12.0,2,202250.0,-34.8,False
2022-05-01,Desyonovskoye,NAO,178900,198500,745,-1.48,9.5,12.0,7,89614.0,-49.9,True
2022-05-01,Dmitrovsky,SAO,214200,237600,893,-5.42,9.5,12.0,3,123933.0,-42.1,False
2022-05-01,Donskoy,YuAO,309500,339300,1290,-5.5,9.5,12.0,5,237480.0,-23.3,False
2022-05-01,Dorogomilovo,ZAO,489300,514200,2039,4.37,9.5,12.0,7,346471.0,-29.2,False
2022-05-01,Fili-Davydkovo,ZAO,363900,402000,1516,3.9,9.5,12.0,4,217250.0,-40.3,False
2022-05-01,Filimonkovskoye,NAO,159300,180500,664,7.12,9.5,12.0,6,88800.0,-44.3,True
2022-05-01,Filyovsky Park,ZAO,383500,425400,1598,0.37,9.5,12.0,6,299450.0,-21.9,False
2022-05-01,Gagarinsky,YuZAO,441600,473900,1840,0.24,9.5,12.0,4,256800.0,-41.8,False
2022-05-01,Golovinsky,SAO,257500,282000,1073,2.98,9.5,12.0,3,150900.0,-41.4,False
2022-05-01,Golyanovo,VAO,227100,260200,946,1.55,9.5,12.0,10,147110.0,-35.2,False
2022-05-01,Ivanovskoye,VAO,233400,253300,972,5.71,9.5,12.0,9,149189.0,-36.1,False
2022-05-01,Izmaylovo,VAO,265500,305600,1106,4.08,9.5,12.0,5,168480.0,-36.5,False
2022-05-01,Khamovniki,CAO,685000,742100,2854,3.24,9.5,12.0,5,506460.0,-26.1,False
2022-05-01,Khoroshyovo-Mnyovniki,SZAO,347500,382500,1448,3.22,9.5,12.0,6,247433.0,-28.8,False
2022-05-01,Khoroshyovsky,SAO,332100,371000,1384,-6.02,9.5,12.0,7,236886.0,-28.7,False
2022-05-01,Khovrino,SAO,230300,264800,960,1.48,9.5,12.0,10,144440.0,-37.3,False
2022-05-01,Kievsky,TAO,96000,104900,400,1.37,9.5,12.0,10,50190.0,-47.7,True
2022-05-01,Klyonovskoye,TAO,95300,100500,397,4.82,9.5,12.0,6,48833.0,-48.8,True
2022-05-01,Kokoshkino,NAO,156200,172100,651,3.92,9.5,12.0,4,77275.0,-50.5,True
2022-05-01,Konkovo,YuZAO,312200,348400,1301,1.79,9.5,12.0,11,213155.0,-31.7,False
2022-05-01,Koptevo,SAO,273400,306500,1139,6.57,9.5,12.0,5,164980.0,-39.7,False
2022-05-01,Kosino-Ukhtomsky,VAO,210400,231100,877,-2.45,9.5,12.0,5,139520.0,-33.7,False
2022-05-01,Kotlovka,YuZAO,337200,377700,1405,0.38,9.5,12.0,10,244540.0,-27.5,False
2022-05-01,Krasnopakhorskoye,TAO,115100,128300,480,2.21,9.5,12.0,2,65400.0,-43.2,True
2022-05-01,Krasnoselsky,CAO,478800,502600,1995,3.25,9.5,12.0,4,358950.0,-25.0,False
2022-05-01,Krylatskoye,SZAO,394000,427500,1642,1.39,9.5,12.0,6,251150.0,-36.3,False
2022-05-01,Kuntsevo,ZAO,327400,356600,1364,-5.65,9.5,12.0,1,249300.0,-23.9,False
2022-05-01,Kurkino,SZAO,327900,351000,1366,2.06,9.5,12.0,5,167100.0,-49.0,False
2022-05-01,Levoberezhny,SAO,262500,293000,1094,0.17,9.5,12.0,6,174667.0,-33.5,False
2022-05-01,Lianozovo,SVAO,227800,266500,949,2.82,9.5,12.0,2,126850.0,-44.3,False
2022-05-01,Lomonosovsky,YuZAO,436300,476400,1818,4.22,9.5,12.0,5,277220.0,-36.5,False
2022-05-01,Losinoostrovsky,SVAO,242800,272200,1012,0.18,9.5,12.0,7,129800.0,-46.5,False
2022-05-01,Marfino,SVAO,251000,279900,1046,4.7,9.5,12.0,4,175525.0,-30.1,False
2022-05-01,Marushkinskoye,NAO,148900,167400,621,5.83,9.5,12.0,10,81550.0,-45.2,True
2022-05-01,Maryina Roshcha,SVAO,308100,345900,1284,3.45,9.5,12.0,6,215600.0,-30.0,False
2022-05-01,Meshchansky,CAO,477300,508200,1989,-0.76,9.5,12.0,3,395433.0,-17.2,False
2022-05-01,Metrogorodok,VAO,218500,246600,911,1.86,9.5,12.0,3,144533.0,-33.9,False
2022-05-01,Mikhaylovo-Yartsevskoye,TAO,96300,103800,401,0.1,9.5,12.0,6,51417.0,-46.6,True
2022-05-01,Mitino,SZAO,278100,289100,1159,3.4,9.5,12.0,4,188350.0,-32.3,False
2022-05-01,Molzhaninovsky,SAO,193900,212800,808,-10.59,9.5,12.0,6,117567.0,-39.4,False
2022-05-01,Moskovsky,NAO,204800,228500,853,4.04,9.5,12.0,4,96225.0,-53.0,True
2022-05-01,Moskvorechye-Saburovo,YuAO,245400,272600,1023,1.87,9.5,12.0,6,161700.0,-34.1,False
2022-05-01,Mosrentgen,NAO,199700,214400,832,-0.11,9.5,12.0,4,159750.0,-20.0,True
2022-05-01,Mozhaysky,ZAO,303600,338600,1265,-4.1,9.5,12.0,1,255700.0,-15.8,False
2022-05-01,Nagatino-Sadovniki,YuAO,273200,300700,1138,4.53,9.5,12.0,2,155050.0,-43.2,False
2022-05-01,Nagatinsky Zaton,YuAO,284500,315000,1186,3.57,9.5,12.0,2,198250.0,-30.3,False
2022-05-01,Nagorny,YuAO,264800,281500,1103,-3.07,9.5,12.0,3,218667.0,-17.4,False
2022-05-01,Novo-Peredelkino,ZAO,255300,281000,1064,-6.23,9.5,12.0,3,148800.0,-41.7,False
2022-05-01,Novofyodorovskoye,TAO,96300,104800,401,1.76,9.5,12.0,2,63250.0,-34.3,True
2022-05-01,Novogireyevo,VAO,250100,268200,1042,1.92,9.5,12.0,5,161400.0,-35.5,False
2022-05-01,Novokosino,VAO,227000,247500,946,0.27,9.5,12.0,10,147110.0,-35.2,False
2022-05-01,Obruchevsky,YuZAO,360400,399400,1501,10.19,9.5,12.0,2,233000.0,-35.3,False
2022-05-01,Ochakovo-Matveyevskoye,ZAO,323900,343600,1350,4.05,9.5,12.0,4,194375.0,-40.0,False
2022-05-01,Orekhovo-Borisovo Severnoye,YuAO,219100,248100,913,1.23,9.5,12.0,6,140717.0,-35.8,False
2022-05-01,Orekhovo-Borisovo Yuzhnoye,YuAO,215900,234900,899,1.87,9.5,12.0,3,133967.0,-37.9,False
2022-05-01,Ostankinsky,SVAO,300000,341200,1250,-0.04,9.5,12.0,1,229000.0,-23.7,False
2022-05-01,Otradnoye,SVAO,244100,268400,1017,-2.72,9.5,12.0,5,174200.0,-28.6,False
2022-05-01,Perovo,VAO,249600,272900,1040,0.68,9.5,12.0,5,195260.0,-21.8,False
2022-05-01,Pervomayskoye,TAO,108100,121500,451,8.83,9.5,12.0,8,54125.0,-49.9,True
2022-05-01,Pokrovskoye-Streshnevo,SZAO,305900,330400,1274,-2.42,9.5,12.0,5,185260.0,-39.4,False
2022-05-01,Preobrazhenskoye,VAO,269900,287500,1124,2.84,9.5,12.0,9,215089.0,-20.3,False
2022-05-01,Presnensky,CAO,605500,695000,2523,-0.48,9.5,12.0,3,512033.0,-15.4,False
2022-05-01,Prospekt Vernadskogo,ZAO,413100,444800,1721,-3.94,9.5,12.0,7,258457.0,-37.4,False
2022-05-01,Ramenki,ZAO,423400,497100,1764,-1.21,9.5,12.0,6,287117.0,-32.2,False
2022-05-01,Rogovskoye,TAO,93900,103800,391,-4.26,9.5,12.0,4,44600.0,-52.5,True
2022-05-01,Rostokino,SVAO,266300,303100,1110,8.59,9.5,12.0,3,171833.0,-35.5,False
2022-05-01,Ryazanovskoye,NAO,153600,164300,640,3.3,9.5,12.0,1,93200.0,-39.3,True
2022-05-01,Savyolovsky,SAO,329000,358400,1371,5.09,9.5,12.0,7,238729.0,-27.4,False
2022-05-01,Severnoye Butovo,YuZAO,280100,307200,1167,2.68,9.5,12.0,7,162757.0,-41.9,False
2022-05-01,Severnoye Izmaylovo,VAO,251900,278100,1050,1.94,9.5,12.0,4,203375.0,-19.3,False
2022-05-01,Severnoye Medvedkovo,SVAO,246500,275800,1027,1.19,9.5,12.0,3,144200.0,-41.5,False
2022-05-01,Severnoye Tushino,SZAO,285200,331600,1188,3.9,9.5,12.0,3,187000.0,-34.4,False
2022-05-01,Severny,SVAO,219900,240600,916,1.21,9.5,12.0,3,118967.0,-45.9,False
2022-05-01,Shchapovskoye,TAO,103300,112900,430,-1.35,9.5,12.0,4,50925.0,-50.7,True
2022-05-01,Shcherbinka,NAO,179000,189600,746,-0.6,9.5,12.0,2,88350.0,-50.6,True
2022-05-01,Shchukino,SZAO,335600,358100,1398,2.13,9.5,12.0,5,266780.0,-20.5,False
2022-05-01,Sokol,SAO,343800,372000,1433,2.22,9.5,12.0,6,239583.0,-30.3,False
2022-05-01,Sokolinaya Gora,VAO,254000,293300,1059,6.03,9.5,12.0,6,171400.0,-32.5,False
2022-05-01,Sokolniki,VAO,288400,336100,1202,-4.56,9.5,12.0,4,209150.0,-27.5,False
2022-05-01,Solntsevo,ZAO,283000,314000,1179,3.43,9.5,12.0,6,168717.0,-40.4,False
2022-05-01,Sosenskoye,NAO,192400,216800,802,0.34,9.5,12.0,3,99667.0,-48.2,True
2022-05-01,Strogino,SZAO,352400,399200,1468,0.35,9.5,12.0,3,360200.0,2.2,False
2022-05-01,Sviblovo,SVAO,246400,270200,1027,0.25,9.5,12.0,4,150400.0,-39.0,False
2022-05-01,Tagansky,CAO,486700,539800,2028,5.99,9.5,12.0,2,423300.0,-13.0,False
2022-05-01,Timiryazevsky,SAO,293300,320400,1222,0.76,9.5,12.0,4,202925.0,-30.8,False
2022-05-01,Troitsk,TAO,135200,147900,563,3.16,9.5,12.0,6,68567.0,-49.3,True
2022-05-01,Troparyovo-Nikulino,ZAO,369800,400500,1541,-2.9,9.5,12.0,7,243514.0,-34.1,False
2022-05-01,Tsaritsyno,YuAO,236700,258000,986,-2.05,9.5,12.0,11,141282.0,-40.3,False
2022-05-01,Tverskoy,CAO,636400,701500,2652,1.68,9.5,12.0,9,527956.0,-17.0,False
2022-05-01,Tyoply Stan,YuZAO,284900,311400,1187,2.78,9.5,12.0,3,197067.0,-30.8,False
2022-05-01,Veshnyaki,VAO,234100,256200,975,3.72,9.5,12.0,3,157767.0,-32.6,False
2022-05-01,Vnukovo,ZAO,251000,287300,1046,-0.47,9.5,12.0,7,134000.0,-46.6,False
2022-05-01,Vnukovskoye,NAO,188600,212300,786,-3.31,9.5,12.0,4,118850.0,-37.0,True
2022-05-01,Voronovskoye,TAO,99900,109100,416,-1.72,9.5,12.0,3,48367.0,-51.6,True
2022-05-01,Voskresenskoye,NAO,179500,205100,748,5.6,9.5,12.0,1,85700.0,-52.3,True
2022-05-01,Vostochnoye Izmaylovo,VAO,251900,273600,1049,3.38,9.5,12.0,9,175189.0,-30.5,False
2022-05-01,Vostochny,VAO,208500,224500,869,0.07,9.5,12.0,5,131040.0,-37.2,False
2022-05-01,Voykovsky,SAO,278100,305300,1159,-0.21,9.5,12.0,6,189100.0,-32.0,False
2022-05-01,Yakimanka,CAO,601200,640400,2505,-1.28,9.5,12.0,4,405075.0,-32.6,False
2022-05-01,Yaroslavsky,SVAO,226000,244200,942,-3.19,9.5,12.0,8,134163.0,-40.6,False
2022-05-01,Yasenevo,YuZAO,325000,369700,1354,7.71,9.5,12.0,4,307450.0,-5.4,False
2022-05-01,Yuzhnoye Butovo,YuZAO,255500,286400,1065,-2.31,9.5,12.0,3,124300.0,-51.4,False
2022-05-01,Yuzhnoye Medvedkovo,SVAO,240600,264700,1003,1.58,9.5,12.0,5,163600.0,-32.0,False
2022-05-01,Yuzhnoye Tushino,SZAO,291800,313000,1216,0.15,9.5,12.0,4,190300.0,-34.8,False
2022-05-01,Zamoskvorechye,CAO,544800,596000,2270,4.6,9.5,12.0,5,375400.0,-31.1,False
2022-05-01,Zapadnoye Degunino,SAO,239600,265900,998,2.42,9.5,12.0,5,136900.0,-42.9,False
2022-05-01,Zelenograd,ZelAO,164300,172300,685,0.1,9.5,12.0,4,79200.0,-51.8,True
2022-05-01,Zyablikovo,YuAO,222300,251300,926,8.92,9.5,12.0,6,128250.0,-42.3,False
2022-05-01,Zyuzino,YuZAO,329700,361300,1374,-0.59,9.5,12.0,4,219650.0,-33.4,False
2022-06-01,Aeroport,SAO,312400,344200,1302,0.75,9.5,12.0,3,226867.0,-27.4,False
2022-06-01,Akademichesky,YuZAO,377200,415200,1572,4.16,9.5,12.0,8,238300.0,-36.8,False
2022-06-01,Alekseevsky,SVAO,300000,329000,1250,2.69,9.5,12.0,1,216600.0,-27.8,False
2022-06-01,Altufyevsky,SVAO,221900,236300,925,-5.15,9.5,12.0,1,91700.0,-58.7,False
2022-06-01,Arbat,CAO,625900,692600,2608,-1.53,9.5,12.0,4,590450.0,-5.7,False
2022-06-01,Babushkinsky,SVAO,257000,287800,1071,6.09,9.5,12.0,8,171313.0,-33.3,False
2022-06-01,Basmanny,CAO,504600,533700,2103,-1.96,9.5,12.0,5,345800.0,-31.5,False
2022-06-01,Begovoy,SAO,339700,376800,1416,2.54,9.5,12.0,3,223500.0,-34.2,False
2022-06-01,Beskudnikovsky,SAO,236000,261300,983,-2.21,9.5,12.0,4,161225.0,-31.7,False
2022-06-01,Bibirevo,SVAO,239800,256300,999,0.56,9.5,12.0,3,144867.0,-39.6,False
2022-06-01,Biryulyovo Vostochnoye,YuAO,213600,238300,890,3.5,9.5,12.0,3,137633.0,-35.6,False
2022-06-01,Biryulyovo Zapadnoye,YuAO,206400,222800,860,-6.5,9.5,12.0,10,138150.0,-33.1,False
2022-06-01,Bogorodskoye,VAO,249700,273400,1041,3.18,9.5,12.0,7,144414.0,-42.2,False
2022-06-01,Brateyevo,YuAO,221900,244100,925,6.89,9.5,12.0,7,139571.0,-37.1,False
2022-06-01,Butyrsky,SVAO,287100,322500,1196,1.11,9.5,12.0,3,214600.0,-25.3,False
2022-06-01,Chertanovo Severnoye,YuAO,246700,285300,1028,3.75,9.5,12.0,4,176825.0,-28.3,False
2022-06-01,Chertanovo Tsentralnoye,YuAO,239100,269300,996,4.96,9.5,12.0,2,168400.0,-29.6,False
2022-06-01,Chertanovo Yuzhnoye,YuAO,221500,243500,923,-3.03,9.5,12.0,7,172829.0,-22.0,False
2022-06-01,Cheryomushki,YuZAO,351200,391900,1464,2.69,9.5,12.0,3,236633.0,-32.6,False
2022-06-01,Danilovsky,YuAO,318200,359900,1326,2.55,9.5,12.0,4,217300.0,-31.7,False
2022-06-01,Desyonovskoye,NAO,183800,198800,766,2.73,9.5,12.0,6,96833.0,-47.3,True
2022-06-01,Dmitrovsky,SAO,228300,251200,951,6.55,9.5,12.0,9,126833.0,-44.4,False
2022-06-01,Donskoy,YuAO,332500,370400,1386,7.44,9.5,12.0,5,259240.0,-22.0,False
2022-06-01,Dorogomilovo,ZAO,498300,537000,2076,1.84,9.5,12.0,5,386840.0,-22.4,False
2022-06-01,Fili-Davydkovo,ZAO,370700,408100,1545,1.87,9.5,12.0,3,217467.0,-41.3,False
2022-06-01,Filimonkovskoye,NAO,158500,177700,660,-0.5,9.5,12.0,8,81175.0,-48.8,True
2022-06-01,Filyovsky Park,ZAO,386300,423400,1610,0.74,9.5,12.0,4,267600.0,-30.7,False
2022-06-01,Gagarinsky,YuZAO,440000,479600,1833,-0.37,9.5,12.0,4,269125.0,-38.8,False
2022-06-01,Golovinsky,SAO,271300,299100,1130,5.35,9.5,12.0,8,194375.0,-28.4,False
2022-06-01,Golyanovo,VAO,224700,251800,936,-1.04,9.5,12.0,6,179633.0,-20.1,False
2022-06-01,Ivanovskoye,VAO,227600,247200,948,-2.48,9.5,12.0,4,162650.0,-28.5,False
2022-06-01,Izmaylovo,VAO,269000,297000,1121,1.3,9.5,12.0,7,217514.0,-19.1,False
2022-06-01,Khamovniki,CAO,642500,705800,2677,-6.2,9.5,12.0,6,540100.0,-15.9,False
2022-06-01,Khoroshyovo-Mnyovniki,SZAO,340800,374700,1420,-1.93,9.5,12.0,8,214488.0,-37.1,False
2022-06-01,Khoroshyovsky,SAO,352300,375700,1468,6.06,9.5,12.0,2,180500.0,-48.8,False
2022-06-01,Khovrino,SAO,245400,260600,1023,6.56,9.5,12.0,4,137425.0,-44.0,False
2022-06-01,Kievsky,TAO,93700,99500,390,-2.39,9.5,12.0,7,52343.0,-44.1,True
2022-06-01,Klyonovskoye,TAO,95500,105700,398,0.15,9.5,12.0,7,48543.0,-49.2,True
2022-06-01,Kokoshkino,NAO,152700,163600,636,-2.24,9.5,12.0,12,83917.0,-45.0,True
2022-06-01,Konkovo,YuZAO,310200,341100,1293,-0.63,9.5,12.0,6,182850.0,-41.1,False
2022-06-01,Koptevo,SAO,267000,290900,1112,-2.36,9.5,12.0,4,153350.0,-42.6,False
2022-06-01,Kosino-Ukhtomsky,VAO,215500,233400,898,2.4,9.5,12.0,6,130300.0,-39.5,False
2022-06-01,Kotlovka,YuZAO,348800,375400,1453,3.45,9.5,12.0,10,212380.0,-39.1,False
2022-06-01,Krasnopakhorskoye,TAO,112600,122000,469,-2.24,9.5,12.0,11,59291.0,-47.3,True
2022-06-01,Krasnoselsky,CAO,471700,507300,1965,-1.5,9.5,12.0,3,398133.0,-15.6,False
2022-06-01,Krylatskoye,SZAO,406000,456100,1692,3.05,9.5,12.0,1,183100.0,-54.9,False
2022-06-01,Kuntsevo,ZAO,351700,407000,1465,7.4,9.5,12.0,2,239250.0,-32.0,False
2022-06-01,Kurkino,SZAO,322600,346800,1344,-1.6,9.5,12.0,3,179167.0,-44.5,False
2022-06-01,Levoberezhny,SAO,252900,277100,1054,-3.65,9.5,12.0,6,143867.0,-43.1,False
2022-06-01,Lianozovo,SVAO,225200,256900,938,-1.13,9.5,12.0,2,117250.0,-47.9,False
2022-06-01,Lomonosovsky,YuZAO,437300,484000,1822,0.23,9.5,12.0,7,291500.0,-33.3,False
2022-06-01,Losinoostrovsky,SVAO,257600,279000,1073,6.07,9.5,12.0,3,188133.0,-27.0,False
2022-06-01,Marfino,SVAO,243800,275100,1016,-2.9,9.5,12.0,5,160520.0,-34.2,False
2022-06-01,Marushkinskoye,NAO,148400,166800,618,-0.36,9.5,12.0,5,81560.0,-45.0,True
2022-06-01,Maryina Roshcha,SVAO,290600,319200,1211,-5.67,9.5,12.0,6,211967.0,-27.1,False
2022-06-01,Meshchansky,CAO,488100,538900,2034,2.26,9.5,12.0,6,412500.0,-15.5,False
2022-06-01,Metrogorodok,VAO,224900,240200,937,2.93,9.5,12.0,5,141520.0,-37.1,False
2022-06-01,Mikhaylovo-Yartsevskoye,TAO,99300,108700,414,3.12,9.5,12.0,8,56563.0,-43.0,True
2022-06-01,Mitino,SZAO,284800,312900,1187,2.4,9.5,12.0,4,180350.0,-36.7,False
2022-06-01,Molzhaninovsky,SAO,200700,223300,836,3.52,9.5,12.0,2,87200.0,-56.6,False
2022-06-01,Moskovsky,NAO,190400,212600,794,-7.0,9.5,12.0,2,115250.0,-39.5,True
2022-06-01,Moskvorechye-Saburovo,YuAO,245300,261300,1022,-0.05,9.5,12.0,8,167263.0,-31.8,False
2022-06-01,Mosrentgen,NAO,195300,216300,814,-2.21,9.5,12.0,11,144727.0,-25.9,True
2022-06-01,Mozhaysky,ZAO,314800,360200,1312,3.69,9.5,12.0,3,189900.0,-39.7,False
2022-06-01,Nagatino-Sadovniki,YuAO,274800,310700,1145,0.61,9.5,12.0,5,199540.0,-27.4,False
2022-06-01,Nagatinsky Zaton,YuAO,284300,305400,1184,-0.09,9.5,12.0,4,168050.0,-40.9,False
2022-06-01,Nagorny,YuAO,267700,300900,1116,1.1,9.5,12.0,5,187980.0,-29.8,False
2022-06-01,Novo-Peredelkino,ZAO,270900,302300,1129,6.1,9.5,12.0,6,148350.0,-45.2,False
2022-06-01,Novofyodorovskoye,TAO,94100,100600,392,-2.32,9.5,12.0,4,45125.0,-52.0,True
2022-06-01,Novogireyevo,VAO,250500,262400,1044,0.18,9.5,12.0,8,175075.0,-30.1,False
2022-06-01,Novokosino,VAO,231300,261900,964,1.86,9.5,12.0,4,153750.0,-33.5,False
2022-06-01,Obruchevsky,YuZAO,333700,366900,1391,-7.39,9.5,12.0,5,219060.0,-34.4,False
2022-06-01,Ochakovo-Matveyevskoye,ZAO,323900,361000,1349,-0.02,9.5,12.0,3,233200.0,-28.0,False
2022-06-01,Orekhovo-Borisovo Severnoye,YuAO,223700,256200,932,2.1,9.5,12.0,5,130900.0,-41.5,False
2022-06-01,Orekhovo-Borisovo Yuzhnoye,YuAO,207100,226300,863,-4.06,9.5,12.0,4,124075.0,-40.1,False
2022-06-01,Ostankinsky,SVAO,294100,318700,1226,-1.96,9.5,12.0,2,211050.0,-28.2,False
2022-06-01,Otradnoye,SVAO,261700,286300,1090,7.2,9.5,12.0,5,149640.0,-42.8,False
2022-06-01,Perovo,VAO,244700,268300,1019,-1.98,9.5,12.0,4,215200.0,-12.1,False
2022-06-01,Pervomayskoye,TAO,106500,117200,444,-1.48,9.5,12.0,5,54000.0,-49.3,True
2022-06-01,Pokrovskoye-Streshnevo,SZAO,316100,342500,1317,3.36,9.5,12.0,3,192433.0,-39.1,False
2022-06-01,Preobrazhenskoye,VAO,273700,309200,1140,1.4,9.5,12.0,5,262460.0,-4.1,False
2022-06-01,Presnensky,CAO,602400,679000,2510,-0.5,9.5,12.0,4,445525.0,-26.0,False
2022-06-01,Prospekt Vernadskogo,ZAO,408900,441900,1704,-1.02,9.5,12.0,4,309500.0,-24.3,False
2022-06-01,Ramenki,ZAO,433700,491700,1807,2.42,9.5,12.0,8,236913.0,-45.4,False
2022-06-01,Rogovskoye,TAO,92700,101700,386,-1.2,9.5,12.0,4,55050.0,-40.6,True
2022-06-01,Rostokino,SVAO,256400,267800,1068,-3.72,9.5,12.0,3,154633.0,-39.7,False
2022-06-01,Ryazanovskoye,NAO,152300,176900,634,-0.85,9.5,12.0,5,84660.0,-44.4,True
2022-06-01,Savyolovsky,SAO,329400,367400,1373,0.13,9.5,12.0,7,228271.0,-30.7,False
2022-06-01,Severnoye Butovo,YuZAO,282300,321700,1176,0.8,9.5,12.0,5,184580.0,-34.6,False
2022-06-01,Severnoye Izmaylovo,VAO,248000,271000,1033,-1.57,9.5,12.0,5,165580.0,-33.2,False
2022-06-01,Severnoye Medvedkovo,SVAO,239700,261600,999,-2.74,9.5,12.0,2,177050.0,-26.1,False
2022-06-01,Severnoye Tushino,SZAO,284000,319100,1183,-0.44,9.5,12.0,11,171364.0,-39.7,False
2022-06-01,Severny,SVAO,203800,232000,849,-7.33,9.5,12.0,9,121967.0,-40.2,False
2022-06-01,Shchapovskoye,TAO,103300,112300,430,0.02,9.5,12.0,3,50533.0,-51.1,True
2022-06-01,Shcherbinka,NAO,177600,197200,740,-0.79,9.5,12.0,4,98675.0,-44.4,True
2022-06-01,Shchukino,SZAO,344900,373100,1437,2.77,9.5,12.0,3,211133.0,-38.8,False
2022-06-01,Sokol,SAO,339200,366100,1413,-1.35,9.5,12.0,13,262177.0,-22.7,False
2022-06-01,Sokolinaya Gora,VAO,249700,269500,1041,-1.7,9.5,12.0,3,189367.0,-24.2,False
2022-06-01,Sokolniki,VAO,295700,334900,1232,2.53,9.5,12.0,6,261017.0,-11.7,False
2022-06-01,Solntsevo,ZAO,287600,305300,1198,1.6,9.5,12.0,5,171000.0,-40.5,False
2022-06-01,Sosenskoye,NAO,202400,231800,843,5.23,9.5,12.0,5,98720.0,-51.2,True
2022-06-01,Strogino,SZAO,363300,410900,1514,3.1,9.5,12.0,2,249750.0,-31.3,False
2022-06-01,Sviblovo,SVAO,249500,281600,1040,1.24,9.5,12.0,4,186275.0,-25.3,False
2022-06-01,Tagansky,CAO,478400,531100,1994,-1.7,9.5,12.0,7,323514.0,-32.4,False
2022-06-01,Timiryazevsky,SAO,285800,316800,1191,-2.57,9.5,12.0,6,234300.0,-18.0,False
2022-06-01,Troitsk,TAO,134700,150900,561,-0.38,9.5,12.0,5,74100.0,-45.0,True
2022-06-01,Troparyovo-Nikulino,ZAO,365600,398400,1523,-1.15,9.5,12.0,5,250520.0,-31.5,False
2022-06-01,Tsaritsyno,YuAO,249500,275700,1039,5.39,9.5,12.0,3,163400.0,-34.5,False
2022-06-01,Tverskoy,CAO,616400,640600,2568,-3.15,9.5,12.0,8,508150.0,-17.6,False
2022-06-01,Tyoply Stan,YuZAO,282200,298800,1176,-0.96,9.5,12.0,5,172200.0,-39.0,False
2022-06-01,Veshnyaki,VAO,223800,246200,933,-4.38,9.5,12.0,4,142825.0,-36.2,False
2022-06-01,Vnukovo,ZAO,251600,271000,1048,0.24,9.5,12.0,6,128867.0,-48.8,False
2022-06-01,Vnukovskoye,NAO,193100,199900,805,2.41,9.5,12.0,7,106229.0,-45.0,True
2022-06-01,Voronovskoye,TAO,101800,117100,424,1.89,9.5,12.0,7,47771.0,-53.1,True
2022-06-01,Voskresenskoye,NAO,182800,202800,762,1.85,9.5,12.0,3,118233.0,-35.3,True
2022-06-01,Vostochnoye Izmaylovo,VAO,256600,292400,1069,1.87,9.5,12.0,4,168025.0,-34.5,False
2022-06-01,Vostochny,VAO,203100,221200,846,-2.58,9.5,12.0,6,123633.0,-39.1,False
2022-06-01,Voykovsky,SAO,273500,301500,1140,-1.66,9.5,12.0,8,190650.0,-30.3,False
2022-06-01,Yakimanka,CAO,642900,691600,2679,6.93,9.5,12.0,5,578580.0,-10.0,False
2022-06-01,Yaroslavsky,SVAO,243600,265900,1015,7.76,9.5,12.0,8,140575.0,-42.3,False
2022-06-01,Yasenevo,YuZAO,324800,360700,1353,-0.07,9.5,12.0,11,260264.0,-19.9,False
2022-06-01,Yuzhnoye Butovo,YuZAO,264300,281200,1101,3.44,9.5,12.0,8,116413.0,-56.0,False
2022-06-01,Yuzhnoye Medvedkovo,SVAO,244400,264200,1018,1.58,9.5,12.0,4,154500.0,-36.8,False
2022-06-01,Yuzhnoye Tushino,SZAO,300100,333500,1250,2.85,9.5,12.0,3,160200.0,-46.6,False
2022-06-01,Zamoskvorechye,CAO,527600,589600,2198,-3.16,9.5,12.0,4,514925.0,-2.4,False
2022-06-01,Zapadnoye Degunino,SAO,241100,259600,1005,0.64,9.5,12.0,2,129600.0,-46.2,False
2022-06-01,Zelenograd,ZelAO,158200,172500,659,-3.68,9.5,12.0,5,76180.0,-51.8,True
2022-06-01,Zyablikovo,YuAO,208000,224700,867,-6.42,9.5,12.0,6,120700.0,-42.0,False
2022-06-01,Zyuzino,YuZAO,323400,344000,1347,-1.92,9.5,12.0,9,221767.0,-31.4,False
2022-07-01,Aeroport,SAO,329100,356800,1371,5.36,9.5,12.0,2,221650.0,-32.6,False
2022-07-01,Akademichesky,YuZAO,390100,431300,1625,3.41,9.5,12.0,7,273514.0,-29.9,False
2022-07-01,Alekseevsky,SVAO,301400,340400,1256,0.46,9.5,12.0,9,214089.0,-29.0,False
2022-07-01,Altufyevsky,SVAO,230200,254500,959,3.73,9.5,12.0,5,148480.0,-35.5,False
2022-07-01,Arbat,CAO,643500,704300,2681,2.8,9.5,12.0,5,555100.0,-13.7,False
2022-07-01,Babushkinsky,SVAO,258000,277400,1075,0.4,9.5,12.0,7,159086.0,-38.3,False
2022-07-01,Basmanny,CAO,507800,555000,2116,0.64,9.5,12.0,1,388500.0,-23.5,False
2022-07-01,Begovoy,SAO,334600,369800,1394,-1.52,9.5,12.0,1,243900.0,-27.1,False
2022-07-01,Beskudnikovsky,SAO,254400,282500,1060,7.82,9.5,12.0,6,164817.0,-35.2,False
2022-07-01,Bibirevo,SVAO,247300,268400,1030,3.12,9.5,12.0,5,158020.0,-36.1,False
2022-07-01,Biryulyovo Vostochnoye,YuAO,222400,241100,927,4.11,9.5,12.0,4,123725.0,-44.4,False
2022-07-01,Biryulyovo Zapadnoye,YuAO,212500,229300,885,2.94,9.5,12.0,4,133800.0,-37.0,False
2022-07-01,Bogorodskoye,VAO,260900,299100,1087,4.45,9.5,12.0,5,193560.0,-25.8,False
2022-07-01,Brateyevo,YuAO,217200,229300,905,-2.14,9.5,12.0,6,142550.0,-34.4,False
2022-07-01,Butyrsky,SVAO,286200,310300,1192,-0.31,9.5,12.0,7,180700.0,-36.9,False
2022-07-01,Chertanovo Severnoye,YuAO,253400,272400,1056,2.73,9.5,12.0,5,153540.0,-39.4,False
2022-07-01,Chertanovo Tsentralnoye,YuAO,235900,250600,983,-1.32,9.5,12.0,2,162600.0,-31.1,False
2022-07-01,Chertanovo Yuzhnoye,YuAO,224100,245200,934,1.15,9.5,12.0,3,160467.0,-28.4,False
2022-07-01,Cheryomushki,YuZAO,339800,378200,1416,-3.27,9.5,12.0,6,329233.0,-3.1,False
2022-07-01,Danilovsky,YuAO,312800,349400,1303,-1.7,9.5,12.0,5,230400.0,-26.3,False
2022-07-01,Desyonovskoye,NAO,186400,203500,777,1.41,9.5,12.0,10,94680.0,-49.2,True
2022-07-01,Dmitrovsky,SAO,228400,259300,951,0.05,9.5,12.0,4,124575.0,-45.5,False
2022-07-01,Donskoy,YuAO,322300,356900,1343,-3.07,9.5,12.0,3,213567.0,-33.7,False
2022-07-01,Dorogomilovo,ZAO,484100,547500,2017,-2.84,9.5,12.0,5,352360.0,-27.2,False
2022-07-01,Fili-Davydkovo,ZAO,384700,435000,1603,3.77,9.5,12.0,4,255850.0,-33.5,False
2022-07-01,Filimonkovskoye,NAO,160600,177800,669,1.37,9.5,12.0,6,76383.0,-52.4,True
2022-07-01,Filyovsky Park,ZAO,397500,451900,1656,2.89,9.5,12.0,3,287733.0,-27.6,False
2022-07-01,Gagarinsky,YuZAO,432800,476200,1804,-1.62,9.5,12.0,6,324483.0,-25.0,False
2022-07-01,Golovinsky,SAO,261000,291800,1088,-3.78,9.5,12.0,4,149575.0,-42.7,False
2022-07-01,Golyanovo,VAO,230900,252900,962,2.77,9.5,12.0,4,149575.0,-35.2,False
2022-07-01,Ivanovskoye,VAO,224000,251700,933,-1.6,9.5,12.0,7,148257.0,-33.8,False
2022-07-01,Izmaylovo,VAO,263000,286900,1096,-2.23,9.5,12.0,4,160075.0,-39.1,False
2022-07-01,Khamovniki,CAO,671600,749100,2798,4.54,9.5,12.0,3,528667.0,-21.3,False
2022-07-01,Khoroshyovo-Mnyovniki,SZAO,356900,404300,1487,4.71,9.5,12.0,5,243960.0,-31.6,False
2022-07-01,Khoroshyovsky,SAO,342500,387500,1427,-2.78,9.5,12.0,5,269760.0,-21.2,False
2022-07-01,Khovrino,SAO,233700,248300,974,-4.77,9.5,12.0,4,132900.0,-43.1,False
2022-07-01,Kievsky,TAO,97300,107900,405,3.84,9.5,12.0,3,46800.0,-51.9,True
2022-07-01,Klyonovskoye,TAO,94300,108200,393,-1.24,9.5,12.0,9,49900.0,-47.1,True
2022-07-01,Kokoshkino,NAO,157700,171800,657,3.25,9.5,12.0,3,74167.0,-53.0,True
2022-07-01,Konkovo,YuZAO,321100,345700,1338,3.5,9.5,12.0,5,185920.0,-42.1,False
2022-07-01,Koptevo,SAO,273300,311500,1139,2.39,9.5,12.0,4,128000.0,-53.2,False
2022-07-01,Kosino-Ukhtomsky,VAO,220900,233600,921,2.54,9.5,12.0,6,126733.0,-42.6,False
2022-07-01,Kotlovka,YuZAO,340600,363400,1419,-2.37,9.5,12.0,4,221950.0,-34.8,False
2022-07-01,Krasnopakhorskoye,TAO,111300,120300,464,-1.12,9.5,12.0,3,53367.0,-52.1,True
2022-07-01,Krasnoselsky,CAO,473400,491900,1973,0.37,9.5,12.0,4,319400.0,-32.5,False
2022-07-01,Krylatskoye,SZAO,401500,436900,1673,-1.11,9.5,12.0,7,279114.0,-30.5,False
2022-07-01,Kuntsevo,ZAO,339600,369700,1415,-3.44,9.5,12.0,3,305200.0,-10.1,False
2022-07-01,Kurkino,SZAO,330600,383000,1378,2.48,9.5,12.0,6,186483.0,-43.6,False
2022-07-01,Levoberezhny,SAO,258500,293100,1077,2.19,9.5,12.0,2,194650.0,-24.7,False
2022-07-01,Lianozovo,SVAO,238900,254700,995,6.09,9.5,12.0,2,138650.0,-42.0,False
2022-07-01,Lomonosovsky,YuZAO,417100,436900,1738,-4.62,9.5,12.0,6,262217.0,-37.1,False
2022-07-01,Losinoostrovsky,SVAO,242400,277100,1010,-5.87,9.5,12.0,5,143160.0,-40.9,False
2022-07-01,Marfino,SVAO,257600,278300,1073,5.66,9.5,12.0,5,153880.0,-40.3,False
2022-07-01,Marushkinskoye,NAO,152200,168300,634,2.55,9.5,12.0,8,85550.0,-43.8,True
2022-07-01,Maryina Roshcha,SVAO,295500,310500,1231,1.68,9.5,12.0,4,216275.0,-26.8,False
2022-07-01,Meshchansky,CAO,490200,569700,2043,0.44,9.5,12.0,7,413814.0,-15.6,False
2022-07-01,Metrogorodok,VAO,229900,257900,958,2.18,9.5,12.0,7,141157.0,-38.6,False
2022-07-01,Mikhaylovo-Yartsevskoye,TAO,100100,108800,417,0.85,9.5,12.0,8,49875.0,-50.2,True
2022-07-01,Mitino,SZAO,273300,275200,1139,-4.02,9.5,12.0,4,160375.0,-41.3,False
2022-07-01,Molzhaninovsky,SAO,209400,239800,872,4.34,9.5,12.0,2,108500.0,-48.2,False
2022-07-01,Moskovsky,NAO,200700,208000,836,5.39,9.5,12.0,5,108080.0,-46.1,True
2022-07-01,Moskvorechye-Saburovo,YuAO,254600,290700,1061,3.77,9.5,12.0,6,163200.0,-35.9,False
2022-07-01,Mosrentgen,NAO,199200,227400,830,1.98,9.5,12.0,3,132633.0,-33.4,True
2022-07-01,Mozhaysky,ZAO,340700,349200,1420,8.24,9.5,12.0,9,202244.0,-40.6,False
2022-07-01,Nagatino-Sadovniki,YuAO,276600,308800,1152,0.64,9.5,12.0,4,199150.0,-28.0,False
2022-07-01,Nagatinsky Zaton,YuAO,291400,309900,1214,2.52,9.5,12.0,6,203650.0,-30.1,False
2022-07-01,Nagorny,YuAO,280700,308700,1170,4.85,9.5,12.0,6,189917.0,-32.3,False
2022-07-01,Novo-Peredelkino,ZAO,277500,292600,1156,2.43,9.5,12.0,5,148640.0,-46.4,False
2022-07-01,Novofyodorovskoye,TAO,91300,102300,380,-3.0,9.5,12.0,4,50600.0,-44.6,True
2022-07-01,Novogireyevo,VAO,240300,271200,1001,-4.08,9.5,12.0,8,175338.0,-27.0,False
2022-07-01,Novokosino,VAO,242900,262900,1012,5.01,9.5,12.0,4,177800.0,-26.8,False
2022-07-01,Obruchevsky,YuZAO,332600,367200,1386,-0.33,9.5,12.0,7,253157.0,-23.9,False
2022-07-01,Ochakovo-Matveyevskoye,ZAO,307800,318400,1282,-4.98,9.5,12.0,2,212600.0,-30.9,False
2022-07-01,Orekhovo-Borisovo Severnoye,YuAO,225600,250600,940,0.88,9.5,12.0,12,138658.0,-38.5,False
2022-07-01,Orekhovo-Borisovo Yuzhnoye,YuAO,220500,252900,919,6.45,9.5,12.0,7,139929.0,-36.5,False
2022-07-01,Ostankinsky,SVAO,309200,356100,1288,5.12,9.5,12.0,9,212144.0,-31.4,False
2022-07-01,Otradnoye,SVAO,265200,284800,1105,1.32,9.5,12.0,3,171233.0,-35.4,False
2022-07-01,Perovo,VAO,246600,278300,1028,0.79,9.5,12.0,3,191400.0,-22.4,False
2022-07-01,Pervomayskoye,TAO,111100,118400,463,4.27,9.5,12.0,4,60125.0,-45.9,True
2022-07-01,Pokrovskoye-Streshnevo,SZAO,305600,338200,1273,-3.34,9.5,12.0,3,249100.0,-18.5,False
2022-07-01,Preobrazhenskoye,VAO,270200,292000,1126,-1.26,9.5,12.0,3,231633.0,-14.3,False
2022-07-01,Presnensky,CAO,589700,671000,2457,-2.11,9.5,12.0,7,422929.0,-28.3,False
2022-07-01,Prospekt Vernadskogo,ZAO,418300,457600,1743,2.3,9.5,12.0,4,276275.0,-34.0,False
2022-07-01,Ramenki,ZAO,428600,470700,1786,-1.17,9.5,12.0,5,244640.0,-42.9,False
2022-07-01,Rogovskoye,TAO,92100,107200,384,-0.68,9.5,12.0,7,50686.0,-45.0,True
2022-07-01,Rostokino,SVAO,259000,285700,1079,1.0,9.5,12.0,4,153675.0,-40.7,False
2022-07-01,Ryazanovskoye,NAO,159400,173400,664,4.7,9.5,12.0,4,79575.0,-50.1,True
2022-07-01,Savyolovsky,SAO,327600,349800,1365,-0.55,9.5,12.0,4,251900.0,-23.1,False
2022-07-01,Severnoye Butovo,YuZAO,287900,306900,1200,1.96,9.5,12.0,5,173560.0,-39.7,False
2022-07-01,Severnoye Izmaylovo,VAO,250000,269400,1042,0.83,9.5,12.0,6,202000.0,-19.2,False
2022-07-01,Severnoye Medvedkovo,SVAO,251600,276800,1048,4.93,9.5,12.0,3,122467.0,-51.3,False
2022-07-01,Severnoye Tushino,SZAO,290700,314300,1211,2.36,9.5,12.0,10,166910.0,-42.6,False
2022-07-01,Severny,SVAO,224500,245300,936,10.17,9.5,12.0,3,127800.0,-43.1,False
2022-07-01,Shchapovskoye,TAO,103800,112400,433,0.5,9.5,12.0,3,57300.0,-44.8,True
2022-07-01,Shcherbinka,NAO,184700,206500,770,4.0,9.5,12.0,2,102050.0,-44.7,True
2022-07-01,Shchukino,SZAO,343100,379600,1430,-0.5,9.5,12.0,7,245843.0,-28.3,False
2022-07-01,Sokol,SAO,331500,374000,1381,-2.26,9.5,12.0,5,257620.0,-22.3,False
2022-07-01,Sokolinaya Gora,VAO,251300,270900,1047,0.62,9.5,12.0,3,166367.0,-33.8,False
2022-07-01,Sokolniki,VAO,306800,334100,1278,3.75,9.5,12.0,5,250900.0,-18.2,False
2022-07-01,Solntsevo,ZAO,290300,317000,1210,0.95,9.5,12.0,8,149150.0,-48.6,False
2022-07-01,Sosenskoye,NAO,186900,201600,779,-7.67,9.5,12.0,3,118133.0,-36.8,True
2022-07-01,Strogino,SZAO,371500,415200,1548,2.24,9.5,12.0,3,331867.0,-10.7,False
2022-07-01,Sviblovo,SVAO,253300,284700,1056,1.54,9.5,12.0,3,216300.0,-14.6,False
2022-07-01,Tagansky,CAO,476400,516200,1985,-0.42,9.5,12.0,5,398080.0,-16.4,False
2022-07-01,Timiryazevsky,SAO,294700,329300,1228,3.11,9.5,12.0,8,174775.0,-40.7,False
2022-07-01,Troitsk,TAO,137000,152300,571,1.71,9.5,12.0,4,65875.0,-51.9,True
2022-07-01,Troparyovo-Nikulino,ZAO,373900,414900,1558,2.29,9.5,12.0,5,248480.0,-33.5,False
2022-07-01,Tsaritsyno,YuAO,233700,251100,974,-6.32,9.5,12.0,3,140767.0,-39.8,False
2022-07-01,Tverskoy,CAO,620600,673500,2586,0.68,9.5,12.0,3,461567.0,-25.6,False
2022-07-01,Tyoply Stan,YuZAO,293000,311000,1221,3.85,9.5,12.0,6,161533.0,-44.9,False
2022-07-01,Veshnyaki,VAO,228900,254800,954,2.25,9.5,12.0,6,133583.0,-41.6,False
2022-07-01,Vnukovo,ZAO,251600,271200,1048,0.0,9.5,12.0,6,116067.0,-53.9,False
2022-07-01,Vnukovskoye,NAO,210700,214400,878,9.13,9.5,12.0,8,112288.0,-46.7,True
2022-07-01,Voronovskoye,TAO,103100,111100,430,1.28,9.5,12.0,9,51244.0,-50.3,True
2022-07-01,Voskresenskoye,NAO,191200,214100,797,4.58,9.5,12.0,7,101286.0,-47.0,True
2022-07-01,Vostochnoye Izmaylovo,VAO,264000,297000,1100,2.88,9.5,12.0,7,151200.0,-42.7,False
2022-07-01,Vostochny,VAO,216400,237500,902,6.54,9.5,12.0,3,136000.0,-37.2,False
2022-07-01,Voykovsky,SAO,277000,293800,1154,1.26,9.5,12.0,7,202857.0,-26.8,False
2022-07-01,Yakimanka,CAO,602100,671300,2509,-6.34,9.5,12.0,2,380350.0,-36.8,False
2022-07-01,Yaroslavsky,SVAO,253800,285900,1057,4.19,9.5,12.0,4,126750.0,-50.1,False
2022-07-01,Yasenevo,YuZAO,319200,356500,1330,-1.72,9.5,12.0,6,235017.0,-26.4,False
2022-07-01,Yuzhnoye Butovo,YuZAO,274300,314600,1143,3.76,9.5,12.0,4,130175.0,-52.5,False
2022-07-01,Yuzhnoye Medvedkovo,SVAO,253400,271500,1056,3.67,9.5,12.0,4,153450.0,-39.4,False
2022-07-01,Yuzhnoye Tushino,SZAO,300700,324800,1253,0.19,9.5,12.0,10,183920.0,-38.8,False
2022-07-01,Zamoskvorechye,CAO,574400,657800,2393,8.87,9.5,12.0,6,408933.0,-28.8,False
2022-07-01,Zapadnoye Degunino,SAO,235900,272000,983,-2.16,9.5,12.0,4,153050.0,-35.1,False
2022-07-01,Zelenograd,ZelAO,165800,184500,691,4.76,9.5,12.0,2,80100.0,-51.7,True
2022-07-01,Zyablikovo,YuAO,217900,238200,908,4.73,9.5,12.0,6,123317.0,-43.4,False
2022-07-01,Zyuzino,YuZAO,335700,368700,1399,3.82,9.5,12.0,3,229733.0,-31.6,False
2022-08-01,Aeroport,SAO,328400,354200,1368,-0.22,9.5,12.0,6,186300.0,-43.3,False
2022-08-01,Akademichesky,YuZAO,391800,433100,1633,0.44,9.5,12.0,4,301100.0,-23.1,False
2022-08-01,Alekseevsky,SVAO,301500,329000,1256,0.03,9.5,12.0,9,229844.0,-23.8,False
2022-08-01,Altufyevsky,SVAO,243000,267500,1013,5.59,9.5,12.0,6,141233.0,-41.9,False
2022-08-01,Arbat,CAO,685100,738900,2855,6.48,9.5,12.0,5,601600.0,-12.2,False
2022-08-01,Babushkinsky,SVAO,264800,307500,1104,2.65,9.5,12.0,4,176075.0,-33.5,False
2022-08-01,Basmanny,CAO,529000,603000,2204,4.16,9.5,12.0,8,377913.0,-28.6,False
2022-08-01,Begovoy,SAO,344800,386500,1437,3.06,9.5,12.0,9,267089.0,-22.5,False
2022-08-01,Beskudnikovsky,SAO,240200,268500,1001,-5.6,9.5,12.0,5,153400.0,-36.1,False
2022-08-01,Bibirevo,SVAO,241100,259300,1005,-2.51,9.5,12.0,6,138967.0,-42.4,False
2022-08-01,Biryulyovo Vostochnoye,YuAO,220300,243400,918,-0.96,9.5,12.0,6,123217.0,-44.1,False
2022-08-01,Biryulyovo Zapadnoye,YuAO,220800,247800,920,3.94,9.5,12.0,2,116000.0,-47.5,False
2022-08-01,Bogorodskoye,VAO,251500,276300,1048,-3.6,9.5,12.0,4,201325.0,-20.0,False
2022-08-01,Brateyevo,YuAO,237900,275300,991,9.54,9.5,12.0,6,135783.0,-42.9,False
2022-08-01,Butyrsky,SVAO,294800,323800,1228,3.02,9.5,12.0,6,193117.0,-34.5,False
2022-08-01,Chertanovo Severnoye,YuAO,246300,282300,1026,-2.81,9.5,12.0,7,173943.0,-29.4,False
2022-08-01,Chertanovo Tsentralnoye,YuAO,232900,248100,970,-1.28,9.5,12.0,5,154140.0,-33.8,False
2022-08-01,Chertanovo Yuzhnoye,YuAO,228200,259300,951,1.85,9.5,12.0,8,182163.0,-20.2,False
2022-08-01,Cheryomushki,YuZAO,357600,382300,1490,5.25,9.5,12.0,7,256800.0,-28.2,False
2022-08-01,Danilovsky,YuAO,314900,339500,1312,0.68,9.5,12.0,5,248540.0,-21.1,False
2022-08-01,Desyonovskoye,NAO,182000,198600,758,-2.37,9.5,12.0,3,125333.0,-31.1,True
2022-08-01,Dmitrovsky,SAO,243700,271100,1015,6.72,9.5,12.0,6,128517.0,-47.3,False
2022-08-01,Donskoy,YuAO,328400,360900,1368,1.89,9.5,12.0,5,264220.0,-19.5,False
2022-08-01,Dorogomilovo,ZAO,516500,566600,2152,6.69,9.5,12.0,4,354675.0,-31.3,False
2022-08-01,Fili-Davydkovo,ZAO,386500,429600,1610,0.47,9.5,12.0,5,251780.0,-34.9,False
2022-08-01,Filimonkovskoye,NAO,169200,173300,705,5.31,9.5,12.0,7,94271.0,-44.3,True
2022-08-01,Filyovsky Park,ZAO,401800,431900,1674,1.09,9.5,12.0,4,249000.0,-38.0,False
2022-08-01,Gagarinsky,YuZAO,448300,481000,1868,3.57,9.5,12.0,3,327667.0,-26.9,False
2022-08-01,Golovinsky,SAO,266400,291000,1110,2.07,9.5,12.0,6,166717.0,-37.4,False
2022-08-01,Golyanovo,VAO,240400,259900,1002,4.08,9.5,12.0,3,146967.0,-38.9,False
2022-08-01,Ivanovskoye,VAO,232600,271400,969,3.85,9.5,12.0,5,166460.0,-28.4,False
2022-08-01,Izmaylovo,VAO,285200,312500,1188,8.46,9.5,12.0,6,167967.0,-41.1,False
2022-08-01,Khamovniki,CAO,684500,776400,2852,1.92,9.5,12.0,5,487320.0,-28.8,False
2022-08-01,Khoroshyovo-Mnyovniki,SZAO,345900,385200,1441,-3.07,9.5,12.0,1,201100.0,-41.9,False
2022-08-01,Khoroshyovsky,SAO,352100,379000,1467,2.81,9.5,12.0,5,273200.0,-22.4,False
2022-08-01,Khovrino,SAO,242400,271600,1010,3.71,9.5,12.0,11,130336.0,-46.2,False
2022-08-01,Kievsky,TAO,96300,113800,401,-1.01,9.5,12.0,3,45067.0,-53.2,True
2022-08-01,Klyonovskoye,TAO,94700,108500,395,0.46,9.5,12.0,11,49755.0,-47.5,True
2022-08-01,Kokoshkino,NAO,156700,174300,653,-0.61,9.5,12.0,2,83050.0,-47.0,True
2022-08-01,Konkovo,YuZAO,326200,360700,1359,1.6,9.5,12.0,2,228050.0,-30.1,False
2022-08-01,Koptevo,SAO,261000,291400,1087,-4.53,9.5,12.0,9,163356.0,-37.4,False
2022-08-01,Kosino-Ukhtomsky,VAO,219300,241900,914,-0.74,9.5,12.0,5,139340.0,-36.5,False
2022-08-01,Kotlovka,YuZAO,347100,383000,1446,1.9,9.5,12.0,5,221600.0,-36.2,False
2022-08-01,Krasnopakhorskoye,TAO,111000,122700,462,-0.27,9.5,12.0,7,58571.0,-47.2,True
2022-08-01,Krasnoselsky,CAO,490400,532200,2043,3.59,9.5,12.0,8,308863.0,-37.0,False
2022-08-01,Krylatskoye,SZAO,377800,418800,1574,-5.92,9.5,12.0,6,254867.0,-32.5,False
2022-08-01,Kuntsevo,ZAO,360800,410300,1503,6.24,9.5,12.0,8,220825.0,-38.8,False
2022-08-01,Kurkino,SZAO,334500,374700,1394,1.19,9.5,12.0,3,205700.0,-38.5,False
2022-08-01,Levoberezhny,SAO,258600,287500,1077,0.05,9.5,12.0,6,197067.0,-23.8,False
2022-08-01,Lianozovo,SVAO,240500,273000,1002,0.69,9.5,12.0,9,142089.0,-40.9,False
2022-08-01,Lomonosovsky,YuZAO,404600,428900,1686,-3.0,9.5,12.0,7,271857.0,-32.8,False
2022-08-01,Losinoostrovsky,SVAO,254200,271200,1059,4.85,9.5,12.0,7,154586.0,-39.2,False
2022-08-01,Marfino,SVAO,257300,288200,1072,-0.1,9.5,12.0,7,161529.0,-37.2,False
2022-08-01,Marushkinskoye,NAO,147200,163700,613,-3.26,9.5,12.0,5,81700.0,-44.5,True
2022-08-01,Maryina Roshcha,SVAO,312600,346800,1302,5.78,9.5,12.0,2,241750.0,-22.7,False
2022-08-01,Meshchansky,CAO,495300,540400,2064,1.04,9.5,12.0,6,373750.0,-24.5,False
2022-08-01,Metrogorodok,VAO,240800,275800,1003,4.76,9.5,12.0,7,133729.0,-44.5,False
2022-08-01,Mikhaylovo-Yartsevskoye,TAO,101700,118300,424,1.55,9.5,12.0,4,51350.0,-49.5,True
2022-08-01,Mitino,SZAO,290000,325000,1208,6.1,9.5,12.0,3,203800.0,-29.7,False
2022-08-01,Molzhaninovsky,SAO,200300,217000,835,-4.34,9.5,12.0,11,110827.0,-44.7,False
2022-08-01,Moskovsky,NAO,207100,231100,863,3.18,9.5,12.0,3,89300.0,-56.9,True
2022-08-01,Moskvorechye-Saburovo,YuAO,235100,264600,980,-7.63,9.5,12.0,5,171540.0,-27.0,False
2022-08-01,Mosrentgen,NAO,203500,227800,848,2.17,9.5,12.0,7,128643.0,-36.8,True
2022-08-01,Mozhaysky,ZAO,323400,353700,1347,-5.1,9.5,12.0,11,188445.0,-41.7,False
2022-08-01,Nagatino-Sadovniki,YuAO,278500,307200,1160,0.69,9.5,12.0,5,188780.0,-32.2,False
2022-08-01,Nagatinsky Zaton,YuAO,304700,340400,1270,4.54,9.5,12.0,5,209340.0,-31.3,False
2022-08-01,Nagorny,YuAO,281400,314300,1173,0.25,9.5,12.0,8,247925.0,-11.9,False
2022-08-01,Novo-Peredelkino,ZAO,273100,312100,1138,-1.56,9.5,12.0,2,181850.0,-33.4,False
2022-08-01,Novofyodorovskoye,TAO,103300,116400,430,13.16,9.5,12.0,5,54820.0,-46.9,True
2022-08-01,Novogireyevo,VAO,267800,295900,1116,11.45,9.5,12.0,2,167300.0,-37.5,False
2022-08-01,Novokosino,VAO,240800,258700,1003,-0.85,9.5,12.0,4,144200.0,-40.1,False
2022-08-01,Obruchevsky,YuZAO,354200,394100,1476,6.48,9.5,12.0,5,245020.0,-30.8,False
2022-08-01,Ochakovo-Matveyevskoye,ZAO,319100,377500,1330,3.7,9.5,12.0,6,169933.0,-46.7,False
2022-08-01,Orekhovo-Borisovo Severnoye,YuAO,211500,240500,881,-6.25,9.5,12.0,4,142725.0,-32.5,False
2022-08-01,Orekhovo-Borisovo Yuzhnoye,YuAO,233100,252200,971,5.72,9.5,12.0,8,133675.0,-42.7,False
2022-08-01,Ostankinsky,SVAO,321400,352000,1339,3.94,9.5,12.0,7,215071.0,-33.1,False
2022-08-01,Otradnoye,SVAO,259100,289900,1079,-2.3,9.5,12.0,4,149625.0,-42.3,False
2022-08-01,Perovo,VAO,255200,280600,1063,3.5,9.5,12.0,9,236889.0,-7.2,False
2022-08-01,Pervomayskoye,TAO,106100,115100,442,-4.51,9.5,12.0,6,57583.0,-45.7,True
2022-08-01,Pokrovskoye-Streshnevo,SZAO,324800,367500,1354,6.31,9.5,12.0,8,188150.0,-42.1,False
2022-08-01,Preobrazhenskoye,VAO,281300,305800,1172,4.09,9.5,12.0,4,199675.0,-29.0,False
2022-08-01,Presnensky,CAO,595900,645000,2483,1.05,9.5,12.0,4,490500.0,-17.7,False
2022-08-01,Prospekt Vernadskogo,ZAO,433600,477500,1807,3.66,9.5,12.0,9,322011.0,-25.7,False
2022-08-01,Ramenki,ZAO,437000,462100,1821,1.97,9.5,12.0,5,279160.0,-36.1,False
2022-08-01,Rogovskoye,TAO,100200,106000,418,8.84,9.5,12.0,3,61200.0,-38.9,True
2022-08-01,Rostokino,SVAO,266700,296000,1111,2.97,9.5,12.0,7,167714.0,-37.1,False
2022-08-01,Ryazanovskoye,NAO,156700,176600,653,-1.68,9.5,12.0,4,84150.0,-46.3,True
2022-08-01,Savyolovsky,SAO,336700,370500,1403,2.79,9.5,12.0,3,235667.0,-30.0,False
2022-08-01,Severnoye Butovo,YuZAO,290700,313100,1211,0.99,9.5,12.0,4,174300.0,-40.0,False
2022-08-01,Severnoye Izmaylovo,VAO,254700,270500,1061,1.85,9.5,12.0,5,184040.0,-27.7,False
2022-08-01,Severnoye Medvedkovo,SVAO,253900,277000,1058,0.91,9.5,12.0,4,174675.0,-31.2,False
2022-08-01,Severnoye Tushino,SZAO,297000,327000,1237,2.17,9.5,12.0,2,188400.0,-36.6,False
2022-08-01,Severny,SVAO,215400,236200,897,-4.09,9.5,12.0,6,117583.0,-45.4,False
2022-08-01,Shchapovskoye,TAO,106400,115200,444,2.54,9.5,12.0,9,49267.0,-53.7,True
2022-08-01,Shcherbinka,NAO,192600,213800,803,4.31,9.5,12.0,2,116850.0,-39.3,True
2022-08-01,Shchukino,SZAO,341400,386000,1422,-0.52,9.5,12.0,2,364250.0,6.7,False
2022-08-01,Sokol,SAO,344400,400900,1435,3.88,9.5,12.0,2,272250.0,-20.9,False
2022-08-01,Sokolinaya Gora,VAO,246300,274900,1026,-1.98,9.5,12.0,9,159211.0,-35.4,False
2022-08-01,Sokolniki,VAO,296700,320700,1236,-3.27,9.5,12.0,3,234867.0,-20.8,False
2022-08-01,Solntsevo,ZAO,297100,315500,1238,2.34,9.5,12.0,6,141700.0,-52.3,False
2022-08-01,Sosenskoye,NAO,199200,215500,830,6.58,9.5,12.0,3,111500.0,-44.0,True
2022-08-01,Strogino,SZAO,371800,411100,1549,0.09,9.5,12.0,6,334533.0,-10.0,False
2022-08-01,Sviblovo,SVAO,254800,282100,1062,0.59,9.5,12.0,5,180080.0,-29.3,False
2022-08-01,Tagansky,CAO,476000,532500,1983,-0.09,9.5,12.0,3,396400.0,-16.7,False
2022-08-01,Timiryazevsky,SAO,300300,333700,1251,1.93,9.5,12.0,5,172380.0,-42.6,False
2022-08-01,Troitsk,TAO,131700,145000,549,-3.85,9.5,12.0,7,73986.0,-43.8,True
2022-08-01,Troparyovo-Nikulino,ZAO,366300,406900,1526,-2.05,9.5,12.0,4,317050.0,-13.4,False
2022-08-01,Tsaritsyno,YuAO,236100,257800,984,1.01,9.5,12.0,6,138167.0,-41.5,False
2022-08-01,Tverskoy,CAO,654000,709400,2725,5.39,9.5,12.0,5,447460.0,-31.6,False
2022-08-01,Tyoply Stan,YuZAO,300700,329100,1253,2.62,9.5,12.0,5,155040.0,-48.4,False
2022-08-01,Veshnyaki,VAO,239200,269100,996,4.5,9.5,12.0,3,134733.0,-43.7,False
2022-08-01,Vnukovo,ZAO,257700,288000,1074,2.43,9.5,12.0,5,130720.0,-49.3,False
2022-08-01,Vnukovskoye,NAO,199400,213900,831,-5.4,9.5,12.0,9,109289.0,-45.2,True
2022-08-01,Voronovskoye,TAO,107700,120800,449,4.38,9.5,12.0,4,59300.0,-44.9,True
2022-08-01,Voskresenskoye,NAO,184400,193600,768,-3.59,9.5,12.0,4,95100.0,-48.4,True
2022-08-01,Vostochnoye Izmaylovo,VAO,251000,279100,1046,-4.91,9.5,12.0,3,176900.0,-29.5,False
2022-08-01,Vostochny,VAO,223400,251000,931,3.21,9.5,12.0,2,126200.0,-43.5,False
2022-08-01,Voykovsky,SAO,279300,302700,1164,0.85,9.5,12.0,6,216283.0,-22.6,False
2022-08-01,Yakimanka,CAO,622200,670600,2592,3.33,9.5,12.0,4,480925.0,-22.7,False
2022-08-01,Yaroslavsky,SVAO,246800,280600,1028,-2.76,9.5,12.0,5,130720.0,-47.0,False
2022-08-01,Yasenevo,YuZAO,336300,356000,1401,5.36,9.5,12.0,2,229350.0,-31.8,False
2022-08-01,Yuzhnoye Butovo,YuZAO,270500,296800,1127,-1.39,9.5,12.0,5,131880.0,-51.2,False
2022-08-01,Yuzhnoye Medvedkovo,SVAO,250500,279000,1044,-1.16,9.5,12.0,7,162500.0,-35.1,False
2022-08-01,Yuzhnoye Tushino,SZAO,302200,343900,1259,0.52,9.5,12.0,7,177600.0,-41.2,False
2022-08-01,Zamoskvorechye,CAO,550400,607400,2293,-4.18,9.5,12.0,9,454700.0,-17.4,False
2022-08-01,Zapadnoye Degunino,SAO,241200,269500,1005,2.27,9.5,12.0,5,163340.0,-32.3,False
2022-08-01,Zelenograd,ZelAO,165500,175200,690,-0.16,9.5,12.0,3,98300.0,-40.6,True
2022-08-01,Zyablikovo,YuAO,222800,237800,928,2.27,9.5,12.0,1,127600.0,-42.7,False
2022-08-01,Zyuzino,YuZAO,322800,355400,1345,-3.87,9.5,12.0,4,215425.0,-33.3,False
2022-09-01,Aeroport,SAO,322300,358800,1343,-1.86,9.5,12.0,9,218600.0,-32.2,False
2022-09-01,Akademichesky,YuZAO,380100,421200,1584,-2.99,9.5,12.0,6,240317.0,-36.8,False
2022-09-01,Alekseevsky,SVAO,299400,325600,1248,-0.68,9.5,12.0,6,224133.0,-25.1,False
2022-09-01,Altufyevsky,SVAO,239900,264900,1000,-1.27,9.5,12.0,4,145525.0,-39.3,False
2022-09-01,Arbat,CAO,683100,723600,2846,-0.3,9.5,12.0,4,529625.0,-22.5,False
2022-09-01,Babushkinsky,SVAO,263700,281600,1099,-0.45,9.5,12.0,7,155029.0,-41.2,False
2022-09-01,Basmanny,CAO,502700,540400,2095,-4.96,9.5,12.0,7,370186.0,-26.4,False
2022-09-01,Begovoy,SAO,347500,384100,1448,0.76,9.5,12.0,4,210225.0,-39.5,False
2022-09-01,Beskudnikovsky,SAO,248900,294200,1037,3.61,9.5,12.0,3,145667.0,-41.5,False
2022-09-01,Bibirevo,SVAO,252500,285800,1052,4.75,9.5,12.0,10,127090.0,-49.7,False
2022-09-01,Biryulyovo Vostochnoye,YuAO,223300,246300,930,1.34,9.5,12.0,6,130367.0,-41.6,False
2022-09-01,Biryulyovo Zapadnoye,YuAO,218800,239100,912,-0.92,9.5,12.0,4,135725.0,-38.0,False
2022-09-01,Bogorodskoye,VAO,250100,252400,1042,-0.53,9.5,12.0,4,176750.0,-29.3,False
2022-09-01,Brateyevo,YuAO,222800,237900,929,-6.32,9.5,12.0,6,134817.0,-39.5,False
2022-09-01,Butyrsky,SVAO,301000,338700,1254,2.09,9.5,12.0,6,242617.0,-19.4,False
2022-09-01,Chertanovo Severnoye,YuAO,262900,300900,1095,6.73,9.5,12.0,4,167675.0,-36.2,False
2022-09-01,Chertanovo Tsentralnoye,YuAO,246800,273200,1028,5.99,9.5,12.0,4,173600.0,-29.7,False
2022-09-01,Chertanovo Yuzhnoye,YuAO,229400,237700,956,0.52,9.5,12.0,3,212500.0,-7.4,False
2022-09-01,Cheryomushki,YuZAO,358300,384900,1493,0.19,9.5,12.0,10,280070.0,-21.8,False
2022-09-01,Danilovsky,YuAO,326700,367000,1361,3.75,9.5,12.0,2,178200.0,-45.5,False
2022-09-01,Desyonovskoye,NAO,189600,206400,790,4.21,9.5,12.0,4,87300.0,-54.0,True
2022-09-01,Dmitrovsky,SAO,241800,265300,1008,-0.77,9.5,12.0,5,143140.0,-40.8,False
2022-09-01,Donskoy,YuAO,340500,353500,1419,3.68,9.5,12.0,2,305500.0,-10.3,False
2022-09-01,Dorogomilovo,ZAO,517700,574100,2157,0.24,9.5,12.0,2,369200.0,-28.7,False
2022-09-01,Fili-Davydkovo,ZAO,403400,429600,1681,4.39,9.5,12.0,5,293180.0,-27.3,False
2022-09-01,Filimonkovskoye,NAO,166400,177500,693,-1.63,9.5,12.0,4,97475.0,-41.4,True
2022-09-01,Filyovsky Park,ZAO,400900,449300,1671,-0.21,9.5,12.0,4,327900.0,-18.2,False
2022-09-01,Gagarinsky,YuZAO,444900,468400,1854,-0.77,9.5,12.0,4,297850.0,-33.1,False
2022-09-01,Golovinsky,SAO,254400,279900,1060,-4.5,9.5,12.0,3,164667.0,-35.3,False
2022-09-01,Golyanovo,VAO,237700,255900,990,-1.11,9.5,12.0,3,150700.0,-36.6,False
2022-09-01,Ivanovskoye,VAO,242800,266800,1012,4.4,9.5,12.0,3,157900.0,-35.0,False
2022-09-01,Izmaylovo,VAO,287500,315000,1198,0.82,9.5,12.0,5,208540.0,-27.5,False
2022-09-01,Khamovniki,CAO,699200,748300,2913,2.14,9.5,12.0,4,627275.0,-10.3,False
2022-09-01,Khoroshyovo-Mnyovniki,SZAO,336200,369000,1401,-2.8,9.5,12.0,3,260200.0,-22.6,False
2022-09-01,Khoroshyovsky,SAO,363900,403200,1516,3.33,9.5,12.0,11,306855.0,-15.7,False
2022-09-01,Khovrino,SAO,237800,252500,991,-1.9,9.5,12.0,5,149720.0,-37.0,False
2022-09-01,Kievsky,TAO,97100,106900,405,0.82,9.5,12.0,1,63300.0,-34.8,True
2022-09-01,Klyonovskoye,TAO,96700,106900,403,2.11,9.5,12.0,7,54186.0,-44.0,True
2022-09-01,Kokoshkino,NAO,155000,168800,646,-1.1,9.5,12.0,4,88800.0,-42.7,True
2022-09-01,Konkovo,YuZAO,325000,373000,1354,-0.38,9.5,12.0,3,208667.0,-35.8,False
2022-09-01,Koptevo,SAO,262400,297300,1093,0.54,9.5,12.0,4,169600.0,-35.4,False
2022-09-01,Kosino-Ukhtomsky,VAO,222200,246600,926,1.33,9.5,12.0,6,123217.0,-44.5,False
2022-09-01,Kotlovka,YuZAO,332200,362000,1384,-4.27,9.5,12.0,3,198267.0,-40.3,False
2022-09-01,Krasnopakhorskoye,TAO,112100,122400,467,0.97,9.5,12.0,4,60700.0,-45.9,True
2022-09-01,Krasnoselsky,CAO,494000,541600,2058,0.73,9.5,12.0,6,371567.0,-24.8,False
2022-09-01,Krylatskoye,SZAO,423900,473200,1766,12.22,9.5,12.0,6,266483.0,-37.1,False
2022-09-01,Kuntsevo,ZAO,346500,374700,1444,-3.97,9.5,12.0,3,248033.0,-28.4,False
2022-09-01,Kurkino,SZAO,345100,385400,1438,3.16,9.5,12.0,8,182363.0,-47.2,False
2022-09-01,Levoberezhny,SAO,272600,297200,1136,5.41,9.5,12.0,1,197400.0,-27.6,False
2022-09-01,Lianozovo,SVAO,241000,262600,1004,0.19,9.5,12.0,8,146463.0,-39.2,False
2022-09-01,Lomonosovsky,YuZAO,418300,442900,1743,3.37,9.5,12.0,7,279943.0,-33.1,False
2022-09-01,Losinoostrovsky,SVAO,254200,282900,1059,0.0,9.5,12.0,5,142940.0,-43.8,False
2022-09-01,Marfino,SVAO,265600,293100,1107,3.22,9.5,12.0,7,156400.0,-41.1,False
2022-09-01,Marushkinskoye,NAO,155400,174600,648,5.57,9.5,12.0,4,72750.0,-53.2,True
2022-09-01,Maryina Roshcha,SVAO,321200,347200,1338,2.75,9.5,12.0,4,191950.0,-40.2,False
2022-09-01,Meshchansky,CAO,473700,514600,1974,-4.37,9.5,12.0,3,353033.0,-25.5,False
2022-09-01,Metrogorodok,VAO,234400,267000,977,-2.64,9.5,12.0,4,168225.0,-28.2,False
2022-09-01,Mikhaylovo-Yartsevskoye,TAO,100900,107300,420,-0.77,9.5,12.0,3,56867.0,-43.6,True
2022-09-01,Mitino,SZAO,277900,297300,1158,-4.18,9.5,12.0,6,200550.0,-27.8,False
2022-09-01,Molzhaninovsky,SAO,211300,237300,880,5.49,9.5,12.0,3,133333.0,-36.9,False
2022-09-01,Moskovsky,NAO,196100,218100,817,-5.33,9.5,12.0,4,96925.0,-50.6,True
2022-09-01,Moskvorechye-Saburovo,YuAO,242800,252900,1012,3.27,9.5,12.0,11,164718.0,-32.2,False
2022-09-01,Mosrentgen,NAO,206200,227400,859,1.32,9.5,12.0,4,142950.0,-30.7,True
2022-09-01,Mozhaysky,ZAO,311600,351200,1298,-3.65,9.5,12.0,6,209583.0,-32.7,False
2022-09-01,Nagatino-Sadovniki,YuAO,293100,316000,1221,5.24,9.5,12.0,4,185050.0,-36.9,False
2022-09-01,Nagatinsky Zaton,YuAO,303800,342200,1266,-0.28,9.5,12.0,5,198460.0,-34.7,False
2022-09-01,Nagorny,YuAO,285400,323800,1189,1.42,9.5,12.0,5,206980.0,-27.5,False
2022-09-01,Novo-Peredelkino,ZAO,283700,311300,1182,3.86,9.5,12.0,5,153560.0,-45.9,False
2022-09-01,Novofyodorovskoye,TAO,95200,104200,397,-7.86,9.5,12.0,2,54200.0,-43.1,True
2022-09-01,Novogireyevo,VAO,261000,285300,1088,-2.53,9.5,12.0,4,201825.0,-22.7,False
2022-09-01,Novokosino,VAO,231800,257100,966,-3.73,9.5,12.0,9,147633.0,-36.3,False
2022-09-01,Obruchevsky,YuZAO,344400,365600,1435,-2.76,9.5,12.0,5,212620.0,-38.3,False
2022-09-01,Ochakovo-Matveyevskoye,ZAO,335000,375900,1396,4.96,9.5,12.0,6,188533.0,-43.7,False
2022-09-01,Orekhovo-Borisovo Severnoye,YuAO,235600,262400,982,11.37,9.5,12.0,6,178233.0,-24.3,False
2022-09-01,Orekhovo-Borisovo Yuzhnoye,YuAO,227800,242900,949,-2.28,9.5,12.0,11,128636.0,-43.5,False
2022-09-01,Ostankinsky,SVAO,314700,351500,1311,-2.09,9.5,12.0,6,206367.0,-34.4,False
2022-09-01,Otradnoye,SVAO,274100,303000,1142,5.82,9.5,12.0,4,168175.0,-38.6,False
2022-09-01,Perovo,VAO,256600,292500,1069,0.52,9.5,12.0,4,203475.0,-20.7,False
2022-09-01,Pervomayskoye,TAO,113600,126300,473,7.1,9.5,12.0,10,51220.0,-54.9,True
2022-09-01,Pokrovskoye-Streshnevo,SZAO,321500,340000,1339,-1.04,9.5,12.0,5,201840.0,-37.2,False
2022-09-01,Preobrazhenskoye,VAO,282300,299600,1176,0.37,9.5,12.0,2,197500.0,-30.0,False
2022-09-01,Presnensky,CAO,591500,677500,2464,-0.75,9.5,12.0,4,382700.0,-35.3,False
2022-09-01,Prospekt Vernadskogo,ZAO,436700,469500,1819,0.7,9.5,12.0,4,249800.0,-42.8,False
2022-09-01,Ramenki,ZAO,443300,496800,1847,1.44,9.5,12.0,5,268780.0,-39.4,False
2022-09-01,Rogovskoye,TAO,95100,107000,396,-5.16,9.5,12.0,7,46986.0,-50.6,True
2022-09-01,Rostokino,SVAO,263800,298500,1099,-1.1,9.5,12.0,5,171740.0,-34.9,False
2022-09-01,Ryazanovskoye,NAO,157200,171700,655,0.31,9.5,12.0,2,72100.0,-54.1,True
2022-09-01,Savyolovsky,SAO,344000,381900,1433,2.17,9.5,12.0,9,224233.0,-34.8,False
2022-09-01,Severnoye Butovo,YuZAO,294400,344400,1227,1.27,9.5,12.0,4,153975.0,-47.7,False
2022-09-01,Severnoye Izmaylovo,VAO,261300,278800,1089,2.61,9.5,12.0,7,193100.0,-26.1,False
2022-09-01,Severnoye Medvedkovo,SVAO,254300,279000,1060,0.19,9.5,12.0,1,124500.0,-51.0,False
2022-09-01,Severnoye Tushino,SZAO,303200,341000,1263,2.09,9.5,12.0,10,172790.0,-43.0,False
2022-09-01,Severny,SVAO,214600,230700,894,-0.35,9.5,12.0,6,133267.0,-37.9,False
2022-09-01,Shchapovskoye,TAO,108500,120000,452,1.9,9.5,12.0,7,62457.0,-42.4,True
2022-09-01,Shcherbinka,NAO,186200,211500,776,-3.34,9.5,12.0,6,103017.0,-44.7,True
2022-09-01,Shchukino,SZAO,357400,408000,1489,4.7,9.5,12.0,8,232300.0,-35.0,False
2022-09-01,Sokol,SAO,341500,361800,1423,-0.84,9.5,12.0,8,256425.0,-24.9,False
2022-09-01,Sokolinaya Gora,VAO,246100,266600,1025,-0.09,9.5,12.0,5,179020.0,-27.3,False
2022-09-01,Sokolniki,VAO,292800,326500,1220,-1.32,9.5,12.0,6,253117.0,-13.6,False
2022-09-01,Solntsevo,ZAO,287300,317200,1197,-3.31,9.5,12.0,11,160464.0,-44.1,False
2022-09-01,Sosenskoye,NAO,201800,221600,841,1.29,9.5,12.0,3,111833.0,-44.6,True
2022-09-01,Strogino,SZAO,378500,401900,1577,1.81,9.5,12.0,8,256675.0,-32.2,False
2022-09-01,Sviblovo,SVAO,256200,283900,1068,0.54,9.5,12.0,11,227591.0,-11.2,False
2022-09-01,Tagansky,CAO,478800,521900,1995,0.59,9.5,12.0,3,387600.0,-19.0,False
2022-09-01,Timiryazevsky,SAO,302200,328600,1259,0.61,9.5,12.0,5,214940.0,-28.9,False
2022-09-01,Troitsk,TAO,144100,155800,600,9.42,9.5,12.0,5,76240.0,-47.1,True
2022-09-01,Troparyovo-Nikulino,ZAO,392100,435300,1634,7.05,9.5,12.0,5,273160.0,-30.3,False
2022-09-01,Tsaritsyno,YuAO,240700,263100,1003,1.96,9.5,12.0,9,144778.0,-39.9,False
2022-09-01,Tverskoy,CAO,669500,763200,2790,2.37,9.5,12.0,8,510725.0,-23.7,False
2022-09-01,Tyoply Stan,YuZAO,299500,333800,1248,-0.41,9.5,12.0,8,195538.0,-34.7,False
2022-09-01,Veshnyaki,VAO,230700,251100,961,-3.52,9.5,12.0,5,139420.0,-39.6,False
2022-09-01,Vnukovo,ZAO,251400,267600,1048,-2.44,9.5,12.0,4,138225.0,-45.0,False
2022-09-01,Vnukovskoye,NAO,201500,216800,840,1.07,9.5,12.0,5,120180.0,-40.4,True
2022-09-01,Voronovskoye,TAO,100400,113600,418,-6.73,9.5,12.0,7,53500.0,-46.7,True
2022-09-01,Voskresenskoye,NAO,192200,210500,801,4.25,9.5,12.0,5,93360.0,-51.4,True
2022-09-01,Vostochnoye Izmaylovo,VAO,260100,267700,1084,3.61,9.5,12.0,8,159163.0,-38.8,False
2022-09-01,Vostochny,VAO,221900,243800,925,-0.66,9.5,12.0,6,139100.0,-37.3,False
2022-09-01,Voykovsky,SAO,294300,317700,1226,5.35,9.5,12.0,6,225083.0,-23.5,False
2022-09-01,Yakimanka,CAO,621000,704600,2588,-0.19,9.5,12.0,6,442483.0,-28.7,False
2022-09-01,Yaroslavsky,SVAO,246700,280500,1028,-0.02,9.5,12.0,4,141250.0,-42.7,False
2022-09-01,Yasenevo,YuZAO,319400,342500,1331,-5.02,9.5,12.0,5,264600.0,-17.2,False
2022-09-01,Yuzhnoye Butovo,YuZAO,278100,309200,1159,2.81,9.5,12.0,4,136425.0,-50.9,False
2022-09-01,Yuzhnoye Medvedkovo,SVAO,254500,276100,1061,1.62,9.5,12.0,7,144214.0,-43.3,False
2022-09-01,Yuzhnoye Tushino,SZAO,305100,325700,1271,0.95,9.5,12.0,7,162100.0,-46.9,False
2022-09-01,Zamoskvorechye,CAO,545600,593900,2273,-0.87,9.5,12.0,6,472350.0,-13.4,False
2022-09-01,Zapadnoye Degunino,SAO,245200,279300,1022,1.64,9.5,12.0,9,157811.0,-35.6,False
2022-09-01,Zelenograd,ZelAO,171300,182600,714,3.51,9.5,12.0,6,83283.0,-51.4,True
2022-09-01,Zyablikovo,YuAO,221000,243000,921,-0.81,9.5,12.0,3,143900.0,-34.9,False
2022-09-01,Zyuzino,YuZAO,357000,399700,1487,10.6,9.5,12.0,7,270400.0,-24.3,False
2022-10-01,Aeroport,SAO,325000,352800,1354,0.85,7.5,10.0,6,217683.0,-33.0,False
2022-10-01,Akademichesky,YuZAO,397500,433500,1656,4.58,7.5,10.0,6,251483.0,-36.7,False
2022-10-01,Alekseevsky,SVAO,307100,331000,1279,2.55,7.5,10.0,6,232133.0,-24.4,False
2022-10-01,Altufyevsky,SVAO,243100,278400,1013,1.31,7.5,10.0,6,140117.0,-42.4,False
2022-10-01,Arbat,CAO,654200,719000,2726,-4.23,7.5,10.0,2,453450.0,-30.7,False
2022-10-01,Babushkinsky,SVAO,258200,287000,1076,-2.08,7.5,10.0,9,155100.0,-39.9,False
2022-10-01,Basmanny,CAO,522500,574000,2177,3.95,7.5,10.0,3,367933.0,-29.6,False
2022-10-01,Begovoy,SAO,350700,389900,1461,0.93,7.5,10.0,4,258400.0,-26.3,False
2022-10-01,Beskudnikovsky,SAO,244900,270400,1020,-1.6,7.5,10.0,5,165000.0,-32.6,False
2022-10-01,Bibirevo,SVAO,238100,263600,992,-5.73,7.5,10.0,5,130980.0,-45.0,False
2022-10-01,Biryulyovo Vostochnoye,YuAO,230400,240000,960,3.19,7.5,10.0,5,104500.0,-54.6,False
2022-10-01,Biryulyovo Zapadnoye,YuAO,218500,246000,911,-0.12,7.5,10.0,6,139817.0,-36.0,False
2022-10-01,Bogorodskoye,VAO,263800,299400,1099,5.47,7.5,10.0,4,171500.0,-35.0,False
2022-10-01,Brateyevo,YuAO,231400,251600,964,3.85,7.5,10.0,2,129200.0,-44.2,False
2022-10-01,Butyrsky,SVAO,294600,323200,1227,-2.13,7.5,10.0,7,209843.0,-28.8,False
2022-10-01,Chertanovo Severnoye,YuAO,256100,273500,1067,-2.59,7.5,10.0,3,159100.0,-37.9,False
2022-10-01,Chertanovo Tsentralnoye,YuAO,242700,266000,1011,-1.68,7.5,10.0,4,154025.0,-36.5,False
2022-10-01,Chertanovo Yuzhnoye,YuAO,229900,262700,958,0.24,7.5,10.0,8,171038.0,-25.6,False
2022-10-01,Cheryomushki,YuZAO,366400,390500,1527,2.28,7.5,10.0,4,221525.0,-39.5,False
2022-10-01,Danilovsky,YuAO,314800,335500,1312,-3.65,7.5,10.0,9,195722.0,-37.8,False
2022-10-01,Desyonovskoye,NAO,199100,217000,830,4.99,7.5,10.0,7,100643.0,-49.5,True
2022-10-01,Dmitrovsky,SAO,228900,263900,954,-5.33,7.5,10.0,8,137588.0,-39.9,False
2022-10-01,Donskoy,YuAO,343700,374300,1432,0.95,7.5,10.0,2,282300.0,-17.9,False
2022-10-01,Dorogomilovo,ZAO,514300,557200,2143,-0.66,7.5,10.0,3,353700.0,-31.2,False
2022-10-01,Fili-Davydkovo,ZAO,385400,432300,1606,-4.47,7.5,10.0,6,244550.0,-36.5,False
2022-10-01,Filimonkovskoye,NAO,170900,186400,712,2.68,7.5,10.0,6,100433.0,-41.2,True
2022-10-01,Filyovsky Park,ZAO,410900,440800,1712,2.49,7.5,10.0,7,282914.0,-31.1,False
2022-10-01,Gagarinsky,YuZAO,446600,497100,1861,0.38,7.5,10.0,6,322933.0,-27.7,False
2022-10-01,Golovinsky,SAO,269300,299500,1122,5.85,7.5,10.0,1,182400.0,-32.3,False
2022-10-01,Golyanovo,VAO,235000,248500,979,-1.14,7.5,10.0,3,139400.0,-40.7,False
2022-10-01,Ivanovskoye,VAO,234600,256800,977,-3.39,7.5,10.0,3,153733.0,-34.5,False
2022-10-01,Izmaylovo,VAO,286500,324800,1194,-0.35,7.5,10.0,2,194850.0,-32.0,False
2022-10-01,Khamovniki,CAO,702600,777800,2927,0.48,7.5,10.0,5,569500.0,-18.9,False
2022-10-01,Khoroshyovo-Mnyovniki,SZAO,358600,389800,1494,6.65,7.5,10.0,7,241743.0,-32.6,False
2022-10-01,Khoroshyovsky,SAO,361200,390200,1505,-0.72,7.5,10.0,9,267411.0,-26.0,False
2022-10-01,Khovrino,SAO,245400,268500,1023,3.2,7.5,10.0,5,114740.0,-53.2,False
2022-10-01,Kievsky,TAO,97400,102300,406,0.31,7.5,10.0,2,46150.0,-52.6,True
2022-10-01,Klyonovskoye,TAO,98800,104800,412,2.21,7.5,10.0,6,49333.0,-50.1,True
2022-10-01,Kokoshkino,NAO,160300,183200,668,3.43,7.5,10.0,2,84350.0,-47.4,True
2022-10-01,Konkovo,YuZAO,324400,349800,1352,-0.17,7.5,10.0,8,215638.0,-33.5,False
2022-10-01,Koptevo,SAO,259200,277600,1080,-1.19,7.5,10.0,5,147060.0,-43.3,False
2022-10-01,Kosino-Ukhtomsky,VAO,230300,253400,959,3.63,7.5,10.0,5,123780.0,-46.3,False
2022-10-01,Kotlovka,YuZAO,335500,365500,1398,0.99,7.5,10.0,4,201925.0,-39.8,False
2022-10-01,Krasnopakhorskoye,TAO,116800,128100,487,4.18,7.5,10.0,4,59625.0,-49.0,True
2022-10-01,Krasnoselsky,CAO,490800,522200,2045,-0.64,7.5,10.0,5,423960.0,-13.6,False
2022-10-01,Krylatskoye,SZAO,417300,455500,1739,-1.55,7.5,10.0,3,265033.0,-36.5,False
2022-10-01,Kuntsevo,ZAO,360600,396100,1503,4.1,7.5,10.0,5,197900.0,-45.1,False
2022-10-01,Kurkino,SZAO,340500,368900,1419,-1.34,7.5,10.0,1,195100.0,-42.7,False
2022-10-01,Levoberezhny,SAO,264500,286800,1102,-2.95,7.5,10.0,3,168500.0,-36.3,False
2022-10-01,Lianozovo,SVAO,240200,265800,1001,-0.34,7.5,10.0,8,141838.0,-41.0,False
2022-10-01,Lomonosovsky,YuZAO,454100,507400,1892,8.58,7.5,10.0,8,305863.0,-32.6,False
2022-10-01,Losinoostrovsky,SVAO,248700,256700,1036,-2.18,7.5,10.0,6,150883.0,-39.3,False
2022-10-01,Marfino,SVAO,270300,293100,1126,1.77,7.5,10.0,4,174925.0,-35.3,False
2022-10-01,Marushkinskoye,NAO,152700,166200,636,-1.75,7.5,10.0,6,75083.0,-50.8,True
2022-10-01,Maryina Roshcha,SVAO,315300,349900,1314,-1.83,7.5,10.0,1,255400.0,-19.0,False
2022-10-01,Meshchansky,CAO,508800,550100,2120,7.42,7.5,10.0,5,500220.0,-1.7,False
2022-10-01,Metrogorodok,VAO,236400,259900,985,0.83,7.5,10.0,6,154783.0,-34.5,False
2022-10-01,Mikhaylovo-Yartsevskoye,TAO,104900,120200,437,4.01,7.5,10.0,6,55567.0,-47.0,True
2022-10-01,Mitino,SZAO,282100,301200,1175,1.53,7.5,10.0,5,200380.0,-29.0,False
2022-10-01,Molzhaninovsky,SAO,206700,225000,861,-2.15,7.5,10.0,7,111986.0,-45.8,False
2022-10-01,Moskovsky,NAO,197800,219700,824,0.89,7.5,10.0,8,110063.0,-44.4,True
2022-10-01,Moskvorechye-Saburovo,YuAO,249200,269300,1038,2.61,7.5,10.0,7,181714.0,-27.1,False
2022-10-01,Mosrentgen,NAO,203200,222600,847,-1.43,7.5,10.0,2,159550.0,-21.5,True
2022-10-01,Mozhaysky,ZAO,315600,340800,1315,1.29,7.5,10.0,4,179725.0,-43.1,False
2022-10-01,Nagatino-Sadovniki,YuAO,290000,310900,1208,-1.07,7.5,10.0,1,271800.0,-6.3,False
2022-10-01,Nagatinsky Zaton,YuAO,308600,339100,1286,1.58,7.5,10.0,2,172200.0,-44.2,False
2022-10-01,Nagorny,YuAO,290000,335800,1208,1.6,7.5,10.0,2,218000.0,-24.8,False
2022-10-01,Novo-Peredelkino,ZAO,263200,282000,1097,-7.21,7.5,10.0,2,156600.0,-40.5,False
2022-10-01,Novofyodorovskoye,TAO,98500,104800,411,3.54,7.5,10.0,3,55000.0,-44.2,True
2022-10-01,Novogireyevo,VAO,259600,280500,1081,-0.57,7.5,10.0,3,171667.0,-33.9,False
2022-10-01,Novokosino,VAO,251300,276300,1047,8.43,7.5,10.0,1,147300.0,-41.4,False
2022-10-01,Obruchevsky,YuZAO,357400,402800,1489,3.79,7.5,10.0,8,253538.0,-29.1,False
2022-10-01,Ochakovo-Matveyevskoye,ZAO,327400,357900,1364,-2.27,7.5,10.0,6,208200.0,-36.4,False
2022-10-01,Orekhovo-Borisovo Severnoye,YuAO,226700,242900,945,-3.75,7.5,10.0,6,123183.0,-45.7,False
2022-10-01,Orekhovo-Borisovo Yuzhnoye,YuAO,229100,261900,955,0.59,7.5,10.0,5,134340.0,-41.4,False
2022-10-01,Ostankinsky,SVAO,310900,346600,1295,-1.2,7.5,10.0,7,205914.0,-33.8,False
2022-10-01,Otradnoye,SVAO,261800,295700,1091,-4.5,7.5,10.0,6,150933.0,-42.3,False
2022-10-01,Perovo,VAO,267000,283100,1112,4.05,7.5,10.0,5,210080.0,-21.3,False
2022-10-01,Pervomayskoye,TAO,110400,124200,460,-2.82,7.5,10.0,4,64825.0,-41.3,True
2022-10-01,Pokrovskoye-Streshnevo,SZAO,323000,363800,1346,0.49,7.5,10.0,3,210467.0,-34.8,False
2022-10-01,Preobrazhenskoye,VAO,277800,302200,1158,-1.6,7.5,10.0,3,223633.0,-19.5,False
2022-10-01,Presnensky,CAO,651500,734300,2714,10.14,7.5,10.0,5,453680.0,-30.4,False
2022-10-01,Prospekt Vernadskogo,ZAO,420800,477100,1753,-3.63,7.5,10.0,7,302529.0,-28.1,False
2022-10-01,Ramenki,ZAO,432400,484800,1802,-2.46,7.5,10.0,2,265250.0,-38.7,False
2022-10-01,Rogovskoye,TAO,101700,114500,424,6.93,7.5,10.0,6,49867.0,-51.0,True
2022-10-01,Rostokino,SVAO,265000,292000,1104,0.49,7.5,10.0,1,164000.0,-38.1,False
2022-10-01,Ryazanovskoye,NAO,160700,178500,669,2.2,7.5,10.0,4,85825.0,-46.6,True
2022-10-01,Savyolovsky,SAO,334900,354600,1395,-2.66,7.5,10.0,4,244850.0,-26.9,False
2022-10-01,Severnoye Butovo,YuZAO,284600,302900,1186,-3.34,7.5,10.0,4,188975.0,-33.6,False
2022-10-01,Severnoye Izmaylovo,VAO,265200,308900,1105,1.48,7.5,10.0,4,211075.0,-20.4,False
2022-10-01,Severnoye Medvedkovo,SVAO,254000,273700,1058,-0.13,7.5,10.0,6,148517.0,-41.5,False
2022-10-01,Severnoye Tushino,SZAO,304100,334900,1267,0.31,7.5,10.0,3,173200.0,-43.0,False
2022-10-01,Severny,SVAO,222700,242200,928,3.75,7.5,10.0,10,132100.0,-40.7,False
2022-10-01,Shchapovskoye,TAO,99700,105800,415,-8.07,7.5,10.0,5,57560.0,-42.3,True
2022-10-01,Shcherbinka,NAO,185400,205200,773,-0.41,7.5,10.0,7,99671.0,-46.2,True
2022-10-01,Shchukino,SZAO,374800,417500,1562,4.86,7.5,10.0,5,303180.0,-19.1,False
2022-10-01,Sokol,SAO,357000,381500,1487,4.52,7.5,10.0,5,306200.0,-14.2,False
2022-10-01,Sokolinaya Gora,VAO,254100,288000,1059,3.27,7.5,10.0,3,189533.0,-25.4,False
2022-10-01,Sokolniki,VAO,304900,329000,1271,4.14,7.5,10.0,4,231525.0,-24.1,False
2022-10-01,Solntsevo,ZAO,288900,324900,1204,0.58,7.5,10.0,4,185175.0,-35.9,False
2022-10-01,Sosenskoye,NAO,217700,241700,907,7.9,7.5,10.0,5,103800.0,-52.3,True
2022-10-01,Strogino,SZAO,356900,403200,1487,-5.7,7.5,10.0,8,345663.0,-3.1,False
2022-10-01,Sviblovo,SVAO,252900,281600,1054,-1.28,7.5,10.0,3,197233.0,-22.0,False
2022-10-01,Tagansky,CAO,498900,543400,2079,4.2,7.5,10.0,2,361400.0,-27.6,False
2022-10-01,Timiryazevsky,SAO,313100,347500,1305,3.62,7.5,10.0,9,211944.0,-32.3,False
2022-10-01,Troitsk,TAO,143200,160700,597,-0.65,7.5,10.0,6,68350.0,-52.3,True
2022-10-01,Troparyovo-Nikulino,ZAO,388000,416100,1617,-1.06,7.5,10.0,1,235800.0,-39.2,False
2022-10-01,Tsaritsyno,YuAO,240600,260800,1003,-0.03,7.5,10.0,5,129220.0,-46.3,False
2022-10-01,Tverskoy,CAO,642800,698900,2678,-3.98,7.5,10.0,10,485600.0,-24.5,False
2022-10-01,Tyoply Stan,YuZAO,313200,341300,1305,4.58,7.5,10.0,6,194650.0,-37.9,False
2022-10-01,Veshnyaki,VAO,237100,265300,988,2.75,7.5,10.0,8,134013.0,-43.5,False
2022-10-01,Vnukovo,ZAO,260000,284900,1083,3.4,7.5,10.0,9,150911.0,-42.0,False
2022-10-01,Vnukovskoye,NAO,202800,227200,845,0.64,7.5,10.0,3,127000.0,-37.4,True
2022-10-01,Voronovskoye,TAO,104800,115400,437,4.38,7.5,10.0,7,56800.0,-45.8,True
2022-10-01,Voskresenskoye,NAO,192800,215100,803,0.33,7.5,10.0,2,100850.0,-47.7,True
2022-10-01,Vostochnoye Izmaylovo,VAO,266000,293400,1108,2.29,7.5,10.0,6,155767.0,-41.4,False
2022-10-01,Vostochny,VAO,212300,239700,884,-4.34,7.5,10.0,8,105875.0,-50.1,False
2022-10-01,Voykovsky,SAO,299200,340000,1247,1.68,7.5,10.0,6,240517.0,-19.6,False
2022-10-01,Yakimanka,CAO,642000,723500,2675,3.38,7.5,10.0,4,477450.0,-25.6,False
2022-10-01,Yaroslavsky,SVAO,252100,283200,1050,2.17,7.5,10.0,5,122360.0,-51.5,False
2022-10-01,Yasenevo,YuZAO,339900,354100,1416,6.43,7.5,10.0,4,280725.0,-17.4,False
2022-10-01,Yuzhnoye Butovo,YuZAO,262200,298500,1093,-5.7,7.5,10.0,8,142625.0,-45.6,False
2022-10-01,Yuzhnoye Medvedkovo,SVAO,256300,278100,1068,0.71,7.5,10.0,7,142986.0,-44.2,False
2022-10-01,Yuzhnoye Tushino,SZAO,308300,338900,1285,1.06,7.5,10.0,8,185600.0,-39.8,False
2022-10-01,Zamoskvorechye,CAO,580400,647700,2418,6.38,7.5,10.0,8,387988.0,-33.2,False
2022-10-01,Zapadnoye Degunino,SAO,242100,260400,1009,-1.26,7.5,10.0,6,167383.0,-30.9,False
2022-10-01,Zelenograd,ZelAO,163000,175300,679,-4.85,7.5,10.0,5,80380.0,-50.7,True
2022-10-01,Zyablikovo,YuAO,228400,258800,952,3.32,7.5,10.0,0,,,False
2022-10-01,Zyuzino,YuZAO,353400,376000,1472,-1.01,7.5,10.0,6,217533.0,-38.4,False
2022-11-01,Aeroport,SAO,341700,382000,1424,5.15,7.5,10.0,3,187133.0,-45.2,False
2022-11-01,Akademichesky,YuZAO,401600,448100,1673,1.02,7.5,10.0,7,254043.0,-36.7,False
2022-11-01,Alekseevsky,SVAO,309600,334200,1290,0.83,7.5,10.0,3,218433.0,-29.4,False
2022-11-01,Altufyevsky,SVAO,242800,263400,1012,-0.13,7.5,10.0,8,153250.0,-36.9,False
2022-11-01,Arbat,CAO,696600,766200,2903,6.49,7.5,10.0,9,528644.0,-24.1,False
2022-11-01,Babushkinsky,SVAO,252300,276300,1051,-2.27,7.5,10.0,6,150483.0,-40.4,False
2022-11-01,Basmanny,CAO,542900,568200,2262,3.89,7.5,10.0,4,391925.0,-27.8,False
2022-11-01,Begovoy,SAO,357800,401700,1491,2.03,7.5,10.0,4,252675.0,-29.4,False
2022-11-01,Beskudnikovsky,SAO,236500,264200,986,-3.41,7.5,10.0,6,147633.0,-37.6,False
2022-11-01,Bibirevo,SVAO,264300,291800,1101,11.02,7.5,10.0,6,174683.0,-33.9,False
2022-11-01,Biryulyovo Vostochnoye,YuAO,225200,246500,938,-2.25,7.5,10.0,5,109600.0,-51.3,False
2022-11-01,Biryulyovo Zapadnoye,YuAO,225000,241700,938,2.97,7.5,10.0,6,123767.0,-45.0,False
2022-11-01,Bogorodskoye,VAO,265300,295200,1106,0.57,7.5,10.0,5,153020.0,-42.3,False
2022-11-01,Brateyevo,YuAO,224000,250800,933,-3.2,7.5,10.0,1,106600.0,-52.4,False
2022-11-01,Butyrsky,SVAO,303400,349600,1264,3.01,7.5,10.0,5,209380.0,-31.0,False
2022-11-01,Chertanovo Severnoye,YuAO,256400,282600,1068,0.12,7.5,10.0,5,201800.0,-21.3,False
2022-11-01,Chertanovo Tsentralnoye,YuAO,247200,259300,1030,1.85,7.5,10.0,5,164620.0,-33.4,False
2022-11-01,Chertanovo Yuzhnoye,YuAO,233200,252400,971,1.4,7.5,10.0,6,199817.0,-14.3,False
2022-11-01,Cheryomushki,YuZAO,355500,391100,1481,-2.98,7.5,10.0,10,279970.0,-21.2,False
2022-11-01,Danilovsky,YuAO,318200,348900,1326,1.06,7.5,10.0,1,231500.0,-27.2,False
2022-11-01,Desyonovskoye,NAO,188400,202100,785,-5.36,7.5,10.0,10,103210.0,-45.2,True
2022-11-01,Dmitrovsky,SAO,245700,268400,1024,7.35,7.5,10.0,7,155314.0,-36.8,False
2022-11-01,Donskoy,YuAO,359600,396500,1498,4.62,7.5,10.0,5,217560.0,-39.5,False
2022-11-01,Dorogomilovo,ZAO,511500,570600,2131,-0.56,7.5,10.0,5,376080.0,-26.5,False
2022-11-01,Fili-Davydkovo,ZAO,388700,442500,1619,0.84,7.5,10.0,13,253500.0,-34.8,False
2022-11-01,Filimonkovskoye,NAO,169100,184000,705,-1.03,7.5,10.0,2,87650.0,-48.2,True
2022-11-01,Filyovsky Park,ZAO,402900,431100,1679,-1.96,7.5,10.0,9,254044.0,-36.9,False
2022-11-01,Gagarinsky,YuZAO,447000,471200,1862,0.09,7.5,10.0,4,320425.0,-28.3,False
2022-11-01,Golovinsky,SAO,274200,298900,1142,1.79,7.5,10.0,2,190750.0,-30.4,False
2022-11-01,Golyanovo,VAO,236900,260000,987,0.81,7.5,10.0,2,136650.0,-42.3,False
2022-11-01,Ivanovskoye,VAO,246900,268200,1029,5.26,7.5,10.0,4,170500.0,-30.9,False
2022-11-01,Izmaylovo,VAO,285500,306800,1189,-0.37,7.5,10.0,6,192217.0,-32.7,False
2022-11-01,Khamovniki,CAO,731500,812200,3048,4.12,7.5,10.0,5,492080.0,-32.7,False
2022-11-01,Khoroshyovo-Mnyovniki,SZAO,359000,394000,1496,0.11,7.5,10.0,1,179400.0,-50.0,False
2022-11-01,Khoroshyovsky,SAO,352900,382700,1470,-2.31,7.5,10.0,2,275900.0,-21.8,False
2022-11-01,Khovrino,SAO,242200,275500,1009,-1.29,7.5,10.0,6,153883.0,-36.5,False
2022-11-01,Kievsky,TAO,98300,107100,410,0.93,7.5,10.0,9,53367.0,-45.7,True
2022-11-01,Klyonovskoye,TAO,102900,116200,429,4.13,7.5,10.0,7,52557.0,-48.9,True
2022-11-01,Kokoshkino,NAO,166300,182800,693,3.72,7.5,10.0,9,90956.0,-45.3,True
2022-11-01,Konkovo,YuZAO,331800,360500,1383,2.29,7.5,10.0,10,230820.0,-30.4,False
2022-11-01,Koptevo,SAO,282300,310200,1176,8.88,7.5,10.0,3,159133.0,-43.6,False
2022-11-01,Kosino-Ukhtomsky,VAO,232200,263500,967,0.83,7.5,10.0,3,144667.0,-37.7,False
2022-11-01,Kotlovka,YuZAO,346700,378200,1444,3.32,7.5,10.0,6,260050.0,-25.0,False
2022-11-01,Krasnopakhorskoye,TAO,119500,133100,498,2.35,7.5,10.0,5,61960.0,-48.2,True
2022-11-01,Krasnoselsky,CAO,479200,528300,1997,-2.37,7.5,10.0,8,385800.0,-19.5,False
2022-11-01,Krylatskoye,SZAO,414300,463500,1726,-0.71,7.5,10.0,7,270443.0,-34.7,False
2022-11-01,Kuntsevo,ZAO,364300,409700,1518,1.01,7.5,10.0,4,222050.0,-39.0,False
2022-11-01,Kurkino,SZAO,331900,357500,1383,-2.52,7.5,10.0,5,204580.0,-38.4,False
2022-11-01,Levoberezhny,SAO,272400,297100,1135,2.99,7.5,10.0,6,231033.0,-15.2,False
2022-11-01,Lianozovo,SVAO,246800,274200,1028,2.77,7.5,10.0,9,151578.0,-38.6,False
2022-11-01,Lomonosovsky,YuZAO,447900,466200,1866,-1.38,7.5,10.0,6,367983.0,-17.8,False
2022-11-01,Losinoostrovsky,SVAO,268600,289800,1119,8.0,7.5,10.0,7,166171.0,-38.1,False
2022-11-01,Marfino,SVAO,270700,299400,1128,0.14,7.5,10.0,5,145080.0,-46.4,False
2022-11-01,Marushkinskoye,NAO,155000,171700,646,1.49,7.5,10.0,4,82600.0,-46.7,True
2022-11-01,Maryina Roshcha,SVAO,319300,353200,1330,1.27,7.5,10.0,2,242700.0,-24.0,False
2022-11-01,Meshchansky,CAO,536000,553700,2233,5.35,7.5,10.0,7,368057.0,-31.3,False
2022-11-01,Metrogorodok,VAO,231400,247000,964,-2.12,7.5,10.0,4,173050.0,-25.2,False
2022-11-01,Mikhaylovo-Yartsevskoye,TAO,104900,118300,437,-0.04,7.5,10.0,4,51475.0,-50.9,True
2022-11-01,Mitino,SZAO,287600,323500,1198,1.94,7.5,10.0,1,200500.0,-30.3,False
2022-11-01,Molzhaninovsky,SAO,211900,236100,883,2.5,7.5,10.0,6,100383.0,-52.6,False
2022-11-01,Moskovsky,NAO,203300,217600,847,2.79,7.5,10.0,7,103143.0,-49.3,True
2022-11-01,Moskvorechye-Saburovo,YuAO,260100,290600,1084,4.37,7.5,10.0,4,184950.0,-28.9,False
2022-11-01,Mosrentgen,NAO,210200,230600,876,3.46,7.5,10.0,6,142133.0,-32.4,True
2022-11-01,Mozhaysky,ZAO,325200,359200,1355,3.05,7.5,10.0,1,276600.0,-14.9,False
2022-11-01,Nagatino-Sadovniki,YuAO,288100,309000,1200,-0.63,7.5,10.0,3,189833.0,-34.1,False
2022-11-01,Nagatinsky Zaton,YuAO,295500,313500,1231,-4.27,7.5,10.0,4,225200.0,-23.8,False
2022-11-01,Nagorny,YuAO,293200,335500,1222,1.1,7.5,10.0,6,234450.0,-20.0,False
2022-11-01,Novo-Peredelkino,ZAO,283400,322500,1181,7.67,7.5,10.0,5,137320.0,-51.5,False
2022-11-01,Novofyodorovskoye,TAO,102600,114200,428,4.12,7.5,10.0,4,56700.0,-44.7,True
2022-11-01,Novogireyevo,VAO,258200,286700,1076,-0.51,7.5,10.0,3,195633.0,-24.2,False
2022-11-01,Novokosino,VAO,256900,282400,1071,2.23,7.5,10.0,8,144825.0,-43.6,False
2022-11-01,Obruchevsky,YuZAO,359200,383400,1497,0.5,7.5,10.0,5,242580.0,-32.5,False
2022-11-01,Ochakovo-Matveyevskoye,ZAO,336800,375700,1403,2.88,7.5,10.0,1,318100.0,-5.6,False
2022-11-01,Orekhovo-Borisovo Severnoye,YuAO,226100,245500,942,-0.26,7.5,10.0,6,150883.0,-33.3,False
2022-11-01,Orekhovo-Borisovo Yuzhnoye,YuAO,237900,262700,991,3.85,7.5,10.0,4,119250.0,-49.9,False
2022-11-01,Ostankinsky,SVAO,308300,328300,1284,-0.84,7.5,10.0,5,225820.0,-26.8,False
2022-11-01,Otradnoye,SVAO,281000,316600,1171,7.35,7.5,10.0,6,155667.0,-44.6,False
2022-11-01,Perovo,VAO,269100,299500,1121,0.81,7.5,10.0,7,221257.0,-17.8,False
2022-11-01,Pervomayskoye,TAO,113100,126300,471,2.42,7.5,10.0,2,56050.0,-50.4,True
2022-11-01,Pokrovskoye-Streshnevo,SZAO,328900,353500,1370,1.8,7.5,10.0,13,217846.0,-33.8,False
2022-11-01,Preobrazhenskoye,VAO,285900,319700,1191,2.92,7.5,10.0,0,,,False
2022-11-01,Presnensky,CAO,669800,701300,2791,2.81,7.5,10.0,3,488233.0,-27.1,False
2022-11-01,Prospekt Vernadskogo,ZAO,431100,489600,1796,2.43,7.5,10.0,7,364886.0,-15.4,False
2022-11-01,Ramenki,ZAO,462800,515100,1928,7.03,7.5,10.0,8,313200.0,-32.3,False
2022-11-01,Rogovskoye,TAO,96200,108200,401,-5.41,7.5,10.0,4,60025.0,-37.6,True
2022-11-01,Rostokino,SVAO,274300,303200,1143,3.51,7.5,10.0,5,184840.0,-32.6,False
2022-11-01,Ryazanovskoye,NAO,159600,177300,665,-0.67,7.5,10.0,7,92543.0,-42.0,True
2022-11-01,Savyolovsky,SAO,336800,383600,1403,0.58,7.5,10.0,2,192000.0,-43.0,False
2022-11-01,Severnoye Butovo,YuZAO,295700,323100,1232,3.88,7.5,10.0,3,196500.0,-33.5,False
2022-11-01,Severnoye Izmaylovo,VAO,256000,286300,1067,-3.45,7.5,10.0,5,196100.0,-23.4,False
2022-11-01,Severnoye Medvedkovo,SVAO,252300,272700,1051,-0.66,7.5,10.0,10,158060.0,-37.4,False
2022-11-01,Severnoye Tushino,SZAO,291300,317100,1214,-4.21,7.5,10.0,5,167080.0,-42.6,False
2022-11-01,Severny,SVAO,230300,256500,960,3.44,7.5,10.0,7,123329.0,-46.4,False
2022-11-01,Shchapovskoye,TAO,109500,118500,456,9.86,7.5,10.0,7,57157.0,-47.8,True
2022-11-01,Shcherbinka,NAO,191500,219700,798,3.27,7.5,10.0,2,87200.0,-54.5,True
2022-11-01,Shchukino,SZAO,368600,399000,1536,-1.66,7.5,10.0,2,265800.0,-27.9,False
2022-11-01,Sokol,SAO,357200,395200,1488,0.07,7.5,10.0,5,238300.0,-33.3,False
2022-11-01,Sokolinaya Gora,VAO,260200,283900,1084,2.41,7.5,10.0,4,169025.0,-35.0,False
2022-11-01,Sokolniki,VAO,313600,345300,1307,2.85,7.5,10.0,4,212875.0,-32.1,False
2022-11-01,Solntsevo,ZAO,313400,342000,1306,8.46,7.5,10.0,7,152829.0,-51.2,False
2022-11-01,Sosenskoye,NAO,203500,218900,848,-6.53,7.5,10.0,4,97825.0,-51.9,True
2022-11-01,Strogino,SZAO,356700,388000,1486,-0.07,7.5,10.0,4,322250.0,-9.7,False
2022-11-01,Sviblovo,SVAO,248900,280200,1037,-1.58,7.5,10.0,6,227467.0,-8.6,False
2022-11-01,Tagansky,CAO,484800,520200,2020,-2.84,7.5,10.0,5,336340.0,-30.6,False
2022-11-01,Timiryazevsky,SAO,315800,346800,1316,0.85,7.5,10.0,3,219633.0,-30.5,False
2022-11-01,Troitsk,TAO,146400,159800,610,2.27,7.5,10.0,6,71733.0,-51.0,True
2022-11-01,Troparyovo-Nikulino,ZAO,393400,428800,1639,1.39,7.5,10.0,5,274500.0,-30.2,False
2022-11-01,Tsaritsyno,YuAO,249800,278300,1041,3.81,7.5,10.0,8,152450.0,-39.0,False
2022-11-01,Tverskoy,CAO,649900,724800,2708,1.09,7.5,10.0,2,516250.0,-20.6,False
2022-11-01,Tyoply Stan,YuZAO,297200,331200,1238,-5.11,7.5,10.0,6,210267.0,-29.3,False
2022-11-01,Veshnyaki,VAO,228400,244200,952,-3.68,7.5,10.0,4,141925.0,-37.9,False
2022-11-01,Vnukovo,ZAO,266000,292600,1108,2.32,7.5,10.0,7,149743.0,-43.7,False
2022-11-01,Vnukovskoye,NAO,206000,232800,858,1.59,7.5,10.0,4,107900.0,-47.6,True
2022-11-01,Voronovskoye,TAO,108100,118100,451,3.17,7.5,10.0,7,60271.0,-44.2,True
2022-11-01,Voskresenskoye,NAO,189300,207800,789,-1.83,7.5,10.0,2,90750.0,-52.1,True
2022-11-01,Vostochnoye Izmaylovo,VAO,268100,312100,1117,0.77,7.5,10.0,7,154843.0,-42.2,False
2022-11-01,Vostochny,VAO,215500,244700,898,1.53,7.5,10.0,3,123133.0,-42.9,False
2022-11-01,Voykovsky,SAO,307900,324900,1283,2.91,7.5,10.0,5,233300.0,-24.2,False
2022-11-01,Yakimanka,CAO,631000,717500,2629,-1.71,7.5,10.0,3,481733.0,-23.7,False
2022-11-01,Yaroslavsky,SVAO,251200,274800,1047,-0.36,7.5,10.0,7,136057.0,-45.8,False
2022-11-01,Yasenevo,YuZAO,337200,375000,1405,-0.82,7.5,10.0,4,240250.0,-28.8,False
2022-11-01,Yuzhnoye Butovo,YuZAO,283700,311900,1182,8.21,7.5,10.0,7,161771.0,-43.0,False
2022-11-01,Yuzhnoye Medvedkovo,SVAO,259900,279700,1083,1.39,7.5,10.0,5,137120.0,-47.2,False
2022-11-01,Yuzhnoye Tushino,SZAO,314500,347700,1310,2.0,7.5,10.0,8,192650.0,-38.7,False
2022-11-01,Zamoskvorechye,CAO,566000,612600,2358,-2.48,7.5,10.0,6,418717.0,-26.0,False
2022-11-01,Zapadnoye Degunino,SAO,245100,266100,1021,1.21,7.5,10.0,9,150344.0,-38.7,False
2022-11-01,Zelenograd,ZelAO,163900,177500,683,0.53,7.5,10.0,4,95050.0,-42.0,True
2022-11-01,Zyablikovo,YuAO,223900,242600,933,-1.97,7.5,10.0,7,123671.0,-44.8,False
2022-11-01,Zyuzino,YuZAO,351500,376400,1465,-0.53,7.5,10.0,9,221933.0,-36.9,False
2022-12-01,Aeroport,SAO,321000,357800,1338,-6.07,7.5,10.0,6,230817.0,-28.1,False
2022-12-01,Akademichesky,YuZAO,395100,451500,1646,-1.63,7.5,10.0,9,277056.0,-29.9,False
2022-12-01,Alekseevsky,SVAO,316400,350200,1318,2.19,7.5,10.0,9,205111.0,-35.2,False
2022-12-01,Altufyevsky,SVAO,238900,263800,995,-1.6,7.5,10.0,5,167140.0,-30.0,False
2022-12-01,Arbat,CAO,677900,743300,2825,-2.68,7.5,10.0,3,436067.0,-35.7,False
2022-12-01,Babushkinsky,SVAO,276400,307500,1152,9.55,7.5,10.0,4,168400.0,-39.1,False
2022-12-01,Basmanny,CAO,531300,589600,2214,-2.14,7.5,10.0,5,366860.0,-31.0,False
2022-12-01,Begovoy,SAO,345900,365800,1441,-3.32,7.5,10.0,13,259346.0,-25.0,False
2022-12-01,Beskudnikovsky,SAO,255400,282700,1064,7.99,7.5,10.0,2,126350.0,-50.5,False
2022-12-01,Bibirevo,SVAO,261600,296200,1090,-1.03,7.5,10.0,3,128600.0,-50.8,False
2022-12-01,Biryulyovo Vostochnoye,YuAO,230300,253700,959,2.25,7.5,10.0,3,135033.0,-41.4,False
2022-12-01,Biryulyovo Zapadnoye,YuAO,229300,254200,955,1.9,7.5,10.0,6,136267.0,-40.6,False
2022-12-01,Bogorodskoye,VAO,267600,296500,1115,0.84,7.5,10.0,6,171717.0,-35.8,False
2022-12-01,Brateyevo,YuAO,236400,256300,985,5.52,7.5,10.0,3,136867.0,-42.1,False
2022-12-01,Butyrsky,SVAO,307700,311000,1282,1.42,7.5,10.0,3,199000.0,-35.3,False
2022-12-01,Chertanovo Severnoye,YuAO,258400,283500,1077,0.79,7.5,10.0,8,178850.0,-30.8,False
2022-12-01,Chertanovo Tsentralnoye,YuAO,251800,274400,1049,1.88,7.5,10.0,7,177343.0,-29.6,False
2022-12-01,Chertanovo Yuzhnoye,YuAO,227700,260200,949,-2.34,7.5,10.0,3,183133.0,-19.6,False
2022-12-01,Cheryomushki,YuZAO,359500,395800,1498,1.12,7.5,10.0,1,211700.0,-41.1,False
2022-12-01,Danilovsky,YuAO,334100,368500,1392,5.0,7.5,10.0,2,233800.0,-30.0,False
2022-12-01,Desyonovskoye,NAO,194600,206700,811,3.27,7.5,10.0,5,99320.0,-49.0,True
2022-12-01,Dmitrovsky,SAO,247000,272700,1029,0.5,7.5,10.0,2,125850.0,-49.0,False
2022-12-01,Donskoy,YuAO,344600,377900,1436,-4.18,7.5,10.0,4,234875.0,-31.8,False
2022-12-01,Dorogomilovo,ZAO,518900,568600,2162,1.46,7.5,10.0,5,416080.0,-19.8,False
2022-12-01,Fili-Davydkovo,ZAO,393900,434800,1641,1.33,7.5,10.0,6,266233.0,-32.4,False
2022-12-01,Filimonkovskoye,NAO,168800,180200,703,-0.18,7.5,10.0,4,91950.0,-45.5,True
2022-12-01,Filyovsky Park,ZAO,434500,485200,1810,7.85,7.5,10.0,5,284540.0,-34.5,False
2022-12-01,Gagarinsky,YuZAO,446400,496900,1860,-0.13,7.5,10.0,5,302280.0,-32.3,False
2022-12-01,Golovinsky,SAO,275100,303200,1146,0.34,7.5,10.0,6,170167.0,-38.1,False
2022-12-01,Golyanovo,VAO,237000,266800,987,0.03,7.5,10.0,4,155300.0,-34.5,False
2022-12-01,Ivanovskoye,VAO,251500,272500,1048,1.85,7.5,10.0,4,161700.0,-35.7,False
2022-12-01,Izmaylovo,VAO,289300,314400,1206,1.36,7.5,10.0,2,197100.0,-31.9,False
2022-12-01,Khamovniki,CAO,757900,821300,3158,3.61,7.5,10.0,6,460250.0,-39.3,False
2022-12-01,Khoroshyovo-Mnyovniki,SZAO,361900,395800,1508,0.82,7.5,10.0,6,236550.0,-34.6,False
2022-12-01,Khoroshyovsky,SAO,377300,411400,1572,6.93,7.5,10.0,9,241778.0,-35.9,False
2022-12-01,Khovrino,SAO,254200,290300,1059,4.95,7.5,10.0,6,143433.0,-43.6,False
2022-12-01,Kievsky,TAO,106500,117500,444,8.32,7.5,10.0,5,49220.0,-53.8,True
2022-12-01,Klyonovskoye,TAO,101600,109700,423,-1.28,7.5,10.0,8,53138.0,-47.7,True
2022-12-01,Kokoshkino,NAO,169600,180700,707,2.0,7.5,10.0,6,84067.0,-50.4,True
2022-12-01,Konkovo,YuZAO,321200,324800,1338,-3.2,7.5,10.0,5,176720.0,-45.0,False
2022-12-01,Koptevo,SAO,268600,284800,1119,-4.83,7.5,10.0,5,162860.0,-39.4,False
2022-12-01,Kosino-Ukhtomsky,VAO,229900,253800,958,-0.99,7.5,10.0,4,166550.0,-27.6,False
2022-12-01,Kotlovka,YuZAO,349300,382300,1456,0.77,7.5,10.0,3,221800.0,-36.5,False
2022-12-01,Krasnopakhorskoye,TAO,118000,126000,492,-1.29,7.5,10.0,5,68320.0,-42.1,True
2022-12-01,Krasnoselsky,CAO,485000,516000,2021,1.21,7.5,10.0,4,368700.0,-24.0,False
2022-12-01,Krylatskoye,SZAO,417400,476700,1739,0.73,7.5,10.0,6,268317.0,-35.7,False
2022-12-01,Kuntsevo,ZAO,368400,403700,1535,1.12,7.5,10.0,3,206400.0,-44.0,False
2022-12-01,Kurkino,SZAO,357900,378300,1491,7.84,7.5,10.0,6,187333.0,-47.7,False
2022-12-01,Levoberezhny,SAO,271000,294900,1129,-0.54,7.5,10.0,2,162900.0,-39.9,False
2022-12-01,Lianozovo,SVAO,257200,267300,1072,4.21,7.5,10.0,2,120350.0,-53.2,False
2022-12-01,Lomonosovsky,YuZAO,431900,488700,1799,-3.57,7.5,10.0,8,373125.0,-13.6,False
2022-12-01,Losinoostrovsky,SVAO,258700,288400,1078,-3.66,7.5,10.0,8,174763.0,-32.4,False
2022-12-01,Marfino,SVAO,273200,294900,1138,0.93,7.5,10.0,1,140500.0,-48.6,False
2022-12-01,Marushkinskoye,NAO,149900,166300,624,-3.32,7.5,10.0,5,83980.0,-44.0,True
2022-12-01,Maryina Roshcha,SVAO,304200,329100,1267,-4.73,7.5,10.0,5,231220.0,-24.0,False
2022-12-01,Meshchansky,CAO,520900,573100,2171,-2.81,7.5,10.0,6,380100.0,-27.0,False
2022-12-01,Metrogorodok,VAO,238900,261100,995,3.24,7.5,10.0,6,180217.0,-24.6,False
2022-12-01,Mikhaylovo-Yartsevskoye,TAO,104600,116200,436,-0.21,7.5,10.0,6,53100.0,-49.2,True
2022-12-01,Mitino,SZAO,280100,310700,1167,-2.59,7.5,10.0,7,174171.0,-37.8,False
2022-12-01,Molzhaninovsky,SAO,218900,228500,912,3.29,7.5,10.0,9,119178.0,-45.6,False
2022-12-01,Moskovsky,NAO,207000,232000,862,1.8,7.5,10.0,5,105580.0,-49.0,True
2022-12-01,Moskvorechye-Saburovo,YuAO,265400,302600,1106,2.03,7.5,10.0,3,190967.0,-28.0,False
2022-12-01,Mosrentgen,NAO,215000,235600,896,2.29,7.5,10.0,8,150663.0,-29.9,True
2022-12-01,Mozhaysky,ZAO,338900,371900,1412,4.19,7.5,10.0,5,193140.0,-43.0,False
2022-12-01,Nagatino-Sadovniki,YuAO,288100,315300,1200,-0.01,7.5,10.0,4,194725.0,-32.4,False
2022-12-01,Nagatinsky Zaton,YuAO,306900,346300,1279,3.86,7.5,10.0,9,198533.0,-35.3,False
2022-12-01,Nagorny,YuAO,288700,296900,1203,-1.52,7.5,10.0,5,242220.0,-16.1,False
2022-12-01,Novo-Peredelkino,ZAO,277600,301100,1157,-2.03,7.5,10.0,2,160750.0,-42.1,False
2022-12-01,Novofyodorovskoye,TAO,98900,105500,412,-3.65,7.5,10.0,15,52553.0,-46.9,True
2022-12-01,Novogireyevo,VAO,270500,294300,1127,4.75,7.5,10.0,7,170443.0,-37.0,False
2022-12-01,Novokosino,VAO,248800,264900,1037,-3.18,7.5,10.0,4,177200.0,-28.8,False
2022-12-01,Obruchevsky,YuZAO,378800,414200,1578,5.46,7.5,10.0,7,211743.0,-44.1,False
2022-12-01,Ochakovo-Matveyevskoye,ZAO,328000,349700,1367,-2.61,7.5,10.0,8,216538.0,-34.0,False
2022-12-01,Orekhovo-Borisovo Severnoye,YuAO,222800,245400,928,-1.47,7.5,10.0,9,134022.0,-39.8,False
2022-12-01,Orekhovo-Borisovo Yuzhnoye,YuAO,231000,259200,962,-2.91,7.5,10.0,6,133783.0,-42.1,False
2022-12-01,Ostankinsky,SVAO,317700,333300,1324,3.06,7.5,10.0,10,216180.0,-32.0,False
2022-12-01,Otradnoye,SVAO,267400,289100,1114,-4.85,7.5,10.0,8,166963.0,-37.6,False
2022-12-01,Perovo,VAO,276300,293500,1151,2.66,7.5,10.0,7,243014.0,-12.0,False
2022-12-01,Pervomayskoye,TAO,114200,130100,476,0.95,7.5,10.0,3,66067.0,-42.1,True
2022-12-01,Pokrovskoye-Streshnevo,SZAO,332300,363900,1385,1.06,7.5,10.0,3,205133.0,-38.3,False
2022-12-01,Preobrazhenskoye,VAO,295900,312300,1233,3.51,7.5,10.0,4,240400.0,-18.8,False
2022-12-01,Presnensky,CAO,616700,666200,2569,-7.93,7.5,10.0,7,518014.0,-16.0,False
2022-12-01,Prospekt Vernadskogo,ZAO,456400,517200,1902,5.89,7.5,10.0,5,344820.0,-24.4,False
2022-12-01,Ramenki,ZAO,443100,491800,1846,-4.26,7.5,10.0,2,257150.0,-42.0,False
2022-12-01,Rogovskoye,TAO,97000,108600,404,0.83,7.5,10.0,4,51900.0,-46.5,True
2022-12-01,Rostokino,SVAO,261500,287100,1090,-4.67,7.5,10.0,5,153260.0,-41.4,False
2022-12-01,Ryazanovskoye,NAO,161100,174300,671,0.96,7.5,10.0,2,100150.0,-37.8,True
2022-12-01,Savyolovsky,SAO,350400,382600,1460,4.04,7.5,10.0,5,274520.0,-21.7,False
2022-12-01,Severnoye Butovo,YuZAO,306600,334700,1277,3.69,7.5,10.0,1,150500.0,-50.9,False
2022-12-01,Severnoye Izmaylovo,VAO,257300,294400,1072,0.51,7.5,10.0,5,153420.0,-40.4,False
2022-12-01,Severnoye Medvedkovo,SVAO,265600,293500,1107,5.26,7.5,10.0,4,143725.0,-45.9,False
2022-12-01,Severnoye Tushino,SZAO,297900,335400,1241,2.28,7.5,10.0,7,160086.0,-46.3,False
2022-12-01,Severny,SVAO,241200,263500,1005,4.71,7.5,10.0,9,141544.0,-41.3,False
2022-12-01,Shchapovskoye,TAO,110000,121900,458,0.44,7.5,10.0,12,57708.0,-47.5,True
2022-12-01,Shcherbinka,NAO,193800,214100,808,1.21,7.5,10.0,4,109725.0,-43.4,True
2022-12-01,Shchukino,SZAO,365000,403600,1521,-0.98,7.5,10.0,7,281514.0,-22.9,False
2022-12-01,Sokol,SAO,342600,383000,1428,-4.09,7.5,10.0,8,246688.0,-28.0,False
2022-12-01,Sokolinaya Gora,VAO,254100,260800,1059,-2.37,7.5,10.0,8,169763.0,-33.2,False
2022-12-01,Sokolniki,VAO,312300,350200,1301,-0.43,7.5,10.0,2,223050.0,-28.6,False
2022-12-01,Solntsevo,ZAO,291100,325800,1213,-7.12,7.5,10.0,5,147040.0,-49.5,False
2022-12-01,Sosenskoye,NAO,217200,239300,905,6.71,7.5,10.0,6,102667.0,-52.7,True
2022-12-01,Strogino,SZAO,371500,417200,1548,4.15,7.5,10.0,4,316250.0,-14.9,False
2022-12-01,Sviblovo,SVAO,255000,274700,1062,2.43,7.5,10.0,4,227125.0,-10.9,False
2022-12-01,Tagansky,CAO,526300,573800,2193,8.57,7.5,10.0,7,386643.0,-26.5,False
2022-12-01,Timiryazevsky,SAO,313500,336200,1306,-0.73,7.5,10.0,4,203700.0,-35.0,False
2022-12-01,Troitsk,TAO,144600,154300,603,-1.23,7.5,10.0,3,66600.0,-53.9,True
2022-12-01,Troparyovo-Nikulino,ZAO,409900,460200,1708,4.2,7.5,10.0,6,252917.0,-38.3,False
2022-12-01,Tsaritsyno,YuAO,243400,270400,1014,-2.58,7.5,10.0,5,147940.0,-39.2,False
2022-12-01,Tverskoy,CAO,644500,701200,2685,-0.82,7.5,10.0,9,533522.0,-17.2,False
2022-12-01,Tyoply Stan,YuZAO,306800,337800,1278,3.24,7.5,10.0,9,222611.0,-27.4,False
2022-12-01,Veshnyaki,VAO,237400,259900,989,3.95,7.5,10.0,5,146440.0,-38.3,False
2022-12-01,Vnukovo,ZAO,270900,293900,1129,1.84,7.5,10.0,7,144529.0,-46.6,False
2022-12-01,Vnukovskoye,NAO,218200,239800,909,5.9,7.5,10.0,2,123500.0,-43.4,True
2022-12-01,Voronovskoye,TAO,110900,121200,462,2.6,7.5,10.0,4,53725.0,-51.6,True
2022-12-01,Voskresenskoye,NAO,184600,200500,769,-2.48,7.5,10.0,9,102356.0,-44.6,True
2022-12-01,Vostochnoye Izmaylovo,VAO,270800,284800,1128,1.0,7.5,10.0,4,182625.0,-32.6,False
2022-12-01,Vostochny,VAO,217500,246300,906,0.92,7.5,10.0,4,132175.0,-39.2,False
2022-12-01,Voykovsky,SAO,299800,347400,1249,-2.63,7.5,10.0,7,231071.0,-22.9,False
2022-12-01,Yakimanka,CAO,640900,692400,2670,1.57,7.5,10.0,5,455800.0,-28.9,False
2022-12-01,Yaroslavsky,SVAO,245200,270900,1021,-2.4,7.5,10.0,2,146250.0,-40.4,False
2022-12-01,Yasenevo,YuZAO,318600,342000,1327,-5.51,7.5,10.0,8,245138.0,-23.1,False
2022-12-01,Yuzhnoye Butovo,YuZAO,275000,286100,1146,-3.09,7.5,10.0,2,149950.0,-45.5,False
2022-12-01,Yuzhnoye Medvedkovo,SVAO,254600,282700,1061,-2.04,7.5,10.0,7,172271.0,-32.3,False
2022-12-01,Yuzhnoye Tushino,SZAO,320400,340100,1335,1.87,7.5,10.0,7,204100.0,-36.3,False
2022-12-01,Zamoskvorechye,CAO,596000,643400,2484,5.31,7.5,10.0,7,495700.0,-16.8,False
2022-12-01,Zapadnoye Degunino,SAO,254200,279600,1059,3.73,7.5,10.0,3,149800.0,-41.1,False
2022-12-01,Zelenograd,ZelAO,172500,182100,719,5.24,7.5,10.0,4,87600.0,-49.2,True
2022-12-01,Zyablikovo,YuAO,247100,275800,1029,10.35,7.5,10.0,5,137900.0,-44.2,False
2022-12-01,Zyuzino,YuZAO,353400,378200,1473,0.55,7.5,10.0,8,210038.0,-40.6,False
2023-01-01,Aeroport,SAO,332300,374100,1385,3.51,7.5,10.0,3,219033.0,-34.1,False
2023-01-01,Akademichesky,YuZAO,388600,414900,1619,-1.63,7.5,10.0,4,238300.0,-38.7,False
2023-01-01,Alekseevsky,SVAO,329000,353900,1371,3.99,7.5,10.0,6,204417.0,-37.9,False
2023-01-01,Altufyevsky,SVAO,229000,248700,954,-4.12,7.5,10.0,8,144250.0,-37.0,False
2023-01-01,Arbat,CAO,685900,773300,2858,1.17,7.5,10.0,8,563838.0,-17.8,False
2023-01-01,Babushkinsky,SVAO,265800,287800,1107,-3.86,7.5,10.0,6,167667.0,-36.9,False
2023-01-01,Basmanny,CAO,546100,607500,2275,2.79,7.5,10.0,8,403488.0,-26.1,False
2023-01-01,Begovoy,SAO,350400,391900,1460,1.29,7.5,10.0,6,284117.0,-18.9,False
2023-01-01,Beskudnikovsky,SAO,256100,278500,1067,0.28,7.5,10.0,6,154833.0,-39.5,False
2023-01-01,Bibirevo,SVAO,246500,280900,1027,-5.78,7.5,10.0,6,167433.0,-32.1,False
2023-01-01,Biryulyovo Vostochnoye,YuAO,226400,249400,943,-1.67,7.5,10.0,7,145943.0,-35.5,False
2023-01-01,Biryulyovo Zapadnoye,YuAO,226000,243300,942,-1.44,7.5,10.0,5,131820.0,-41.7,False
2023-01-01,Bogorodskoye,VAO,260800,276300,1087,-2.54,7.5,10.0,5,158980.0,-39.0,False
2023-01-01,Brateyevo,YuAO,227600,251900,949,-3.7,7.5,10.0,5,146320.0,-35.7,False
2023-01-01,Butyrsky,SVAO,308500,341200,1285,0.26,7.5,10.0,5,213180.0,-30.9,False
2023-01-01,Chertanovo Severnoye,YuAO,266600,290600,1111,3.17,7.5,10.0,9,186244.0,-30.1,False
2023-01-01,Chertanovo Tsentralnoye,YuAO,256900,270600,1071,2.03,7.5,10.0,5,177420.0,-30.9,False
2023-01-01,Chertanovo Yuzhnoye,YuAO,244000,277600,1017,7.15,7.5,10.0,4,191625.0,-21.5,False
2023-01-01,Cheryomushki,YuZAO,363200,387300,1513,1.03,7.5,10.0,4,292325.0,-19.5,False
2023-01-01,Danilovsky,YuAO,326500,380000,1360,-2.26,7.5,10.0,2,227950.0,-30.2,False
2023-01-01,Desyonovskoye,NAO,200500,223300,835,3.03,7.5,10.0,5,105120.0,-47.6,True
2023-01-01,Dmitrovsky,SAO,249400,270600,1039,0.98,7.5,10.0,5,128140.0,-48.6,False
2023-01-01,Donskoy,YuAO,338900,363600,1412,-1.65,7.5,10.0,3,301567.0,-11.0,False
2023-01-01,Dorogomilovo,ZAO,523200,547300,2180,0.82,7.5,10.0,10,449280.0,-14.1,False
2023-01-01,Fili-Davydkovo,ZAO,393900,451500,1641,0.01,7.5,10.0,5,219900.0,-44.2,False
2023-01-01,Filimonkovskoye,NAO,172700,191200,720,2.32,7.5,10.0,2,122700.0,-29.0,True
2023-01-01,Filyovsky Park,ZAO,404100,457700,1684,-6.98,7.5,10.0,4,273800.0,-32.2,False
2023-01-01,Gagarinsky,YuZAO,449300,489300,1872,0.65,7.5,10.0,4,281600.0,-37.3,False
2023-01-01,Golovinsky,SAO,270700,297200,1128,-1.6,7.5,10.0,4,164250.0,-39.3,False
2023-01-01,Golyanovo,VAO,242600,263300,1011,2.4,7.5,10.0,4,176900.0,-27.1,False
2023-01-01,Ivanovskoye,VAO,249600,270000,1040,-0.77,7.5,10.0,3,145300.0,-41.8,False
2023-01-01,Izmaylovo,VAO,297200,320300,1238,2.73,7.5,10.0,5,187600.0,-36.9,False
2023-01-01,Khamovniki,CAO,732400,823400,3052,-3.37,7.5,10.0,4,592525.0,-19.1,False
2023-01-01,Khoroshyovo-Mnyovniki,SZAO,377300,396900,1572,4.27,7.5,10.0,5,237340.0,-37.1,False
2023-01-01,Khoroshyovsky,SAO,379100,413700,1580,0.48,7.5,10.0,5,303340.0,-20.0,False
2023-01-01,Khovrino,SAO,257300,279900,1072,1.22,7.5,10.0,4,158200.0,-38.5,False
2023-01-01,Kievsky,TAO,107400,123500,448,0.9,7.5,10.0,4,58925.0,-45.1,True
2023-01-01,Klyonovskoye,TAO,100500,112300,419,-1.07,7.5,10.0,6,57883.0,-42.4,True
2023-01-01,Kokoshkino,NAO,167500,182400,698,-1.22,7.5,10.0,4,86600.0,-48.3,True
2023-01-01,Konkovo,YuZAO,357800,389800,1491,11.38,7.5,10.0,2,221000.0,-38.2,False
2023-01-01,Koptevo,SAO,271200,295900,1130,0.96,7.5,10.0,3,140333.0,-48.3,False
2023-01-01,Kosino-Ukhtomsky,VAO,242500,268100,1011,5.5,7.5,10.0,5,125520.0,-48.2,False
2023-01-01,Kotlovka,YuZAO,371400,396900,1548,6.32,7.5,10.0,13,255069.0,-31.3,False
2023-01-01,Krasnopakhorskoye,TAO,115900,125800,483,-1.73,7.5,10.0,4,65825.0,-43.2,True
2023-01-01,Krasnoselsky,CAO,535400,583100,2231,10.39,7.5,10.0,4,426475.0,-20.3,False
2023-01-01,Krylatskoye,SZAO,423900,465700,1766,1.57,7.5,10.0,2,376950.0,-11.1,False
2023-01-01,Kuntsevo,ZAO,358400,380800,1493,-2.7,7.5,10.0,1,206300.0,-42.4,False
2023-01-01,Kurkino,SZAO,354200,406300,1476,-1.05,7.5,10.0,8,206000.0,-41.8,False
2023-01-01,Levoberezhny,SAO,272900,308200,1137,0.72,7.5,10.0,7,162114.0,-40.6,False
2023-01-01,Lianozovo,SVAO,250400,274900,1043,-2.65,7.5,10.0,4,120175.0,-52.0,False
2023-01-01,Lomonosovsky,YuZAO,440200,468000,1834,1.93,7.5,10.0,5,284520.0,-35.4,False
2023-01-01,Losinoostrovsky,SVAO,271900,291400,1133,5.1,7.5,10.0,5,158160.0,-41.8,False
2023-01-01,Marfino,SVAO,276200,299300,1151,1.08,7.5,10.0,2,177200.0,-35.8,False
2023-01-01,Marushkinskoye,NAO,159300,169000,664,6.3,7.5,10.0,3,93867.0,-41.1,True
2023-01-01,Maryina Roshcha,SVAO,327500,365100,1365,7.66,7.5,10.0,2,211850.0,-35.3,False
2023-01-01,Meshchansky,CAO,515500,555900,2148,-1.04,7.5,10.0,9,499333.0,-3.1,False
2023-01-01,Metrogorodok,VAO,249500,258100,1040,4.48,7.5,10.0,2,137150.0,-45.0,False
2023-01-01,Mikhaylovo-Yartsevskoye,TAO,110300,124400,460,5.45,7.5,10.0,6,56933.0,-48.4,True
2023-01-01,Mitino,SZAO,293500,314300,1223,4.78,7.5,10.0,6,247633.0,-15.6,False
2023-01-01,Molzhaninovsky,SAO,221200,240900,922,1.05,7.5,10.0,3,127167.0,-42.5,False
2023-01-01,Moskovsky,NAO,216000,232000,900,4.37,7.5,10.0,7,121457.0,-43.8,True
2023-01-01,Moskvorechye-Saburovo,YuAO,268700,298300,1120,1.27,7.5,10.0,4,152800.0,-43.1,False
2023-01-01,Mosrentgen,NAO,209300,228400,872,-2.69,7.5,10.0,7,145800.0,-30.3,True
2023-01-01,Mozhaysky,ZAO,338600,351800,1411,-0.07,7.5,10.0,10,206570.0,-39.0,False
2023-01-01,Nagatino-Sadovniki,YuAO,300800,330700,1253,4.4,7.5,10.0,5,189660.0,-36.9,False
2023-01-01,Nagatinsky Zaton,YuAO,297600,326800,1240,-3.04,7.5,10.0,10,193270.0,-35.1,False
2023-01-01,Nagorny,YuAO,292500,322100,1219,1.32,7.5,10.0,3,265633.0,-9.2,False
2023-01-01,Novo-Peredelkino,ZAO,276700,299900,1153,-0.35,7.5,10.0,9,154778.0,-44.1,False
2023-01-01,Novofyodorovskoye,TAO,101000,110700,421,2.18,7.5,10.0,8,51825.0,-48.7,True
2023-01-01,Novogireyevo,VAO,261700,291800,1091,-3.24,7.5,10.0,4,156550.0,-40.2,False
2023-01-01,Novokosino,VAO,247800,276900,1032,-0.41,7.5,10.0,4,147800.0,-40.4,False
2023-01-01,Obruchevsky,YuZAO,363500,411500,1515,-4.04,7.5,10.0,5,227760.0,-37.3,False
2023-01-01,Ochakovo-Matveyevskoye,ZAO,331600,384200,1381,1.08,7.5,10.0,6,216317.0,-34.8,False
2023-01-01,Orekhovo-Borisovo Severnoye,YuAO,230800,253300,962,3.58,7.5,10.0,7,144000.0,-37.6,False
2023-01-01,Orekhovo-Borisovo Yuzhnoye,YuAO,230200,272200,959,-0.36,7.5,10.0,4,149750.0,-34.9,False
2023-01-01,Ostankinsky,SVAO,307100,342400,1280,-3.33,7.5,10.0,3,219367.0,-28.6,False
2023-01-01,Otradnoye,SVAO,267700,292900,1115,0.11,7.5,10.0,4,144975.0,-45.8,False
2023-01-01,Perovo,VAO,262500,278800,1094,-5.0,7.5,10.0,5,197720.0,-24.7,False
2023-01-01,Pervomayskoye,TAO,113200,122400,472,-0.82,7.5,10.0,6,49733.0,-56.1,True
2023-01-01,Pokrovskoye-Streshnevo,SZAO,342800,386800,1428,3.16,7.5,10.0,4,187150.0,-45.4,False
2023-01-01,Preobrazhenskoye,VAO,295400,315100,1231,-0.18,7.5,10.0,4,288775.0,-2.2,False
2023-01-01,Presnensky,CAO,693600,768600,2890,12.48,7.5,10.0,5,485000.0,-30.1,False
2023-01-01,Prospekt Vernadskogo,ZAO,444000,484500,1850,-2.72,7.5,10.0,3,295933.0,-33.3,False
2023-01-01,Ramenki,ZAO,457200,508400,1905,3.19,7.5,10.0,6,256517.0,-43.9,False
2023-01-01,Rogovskoye,TAO,100400,110000,418,3.51,7.5,10.0,5,51780.0,-48.4,True
2023-01-01,Rostokino,SVAO,281000,309600,1171,7.44,7.5,10.0,4,183925.0,-34.5,False
2023-01-01,Ryazanovskoye,NAO,169100,186300,705,4.93,7.5,10.0,5,76480.0,-54.8,True
2023-01-01,Savyolovsky,SAO,341100,382400,1421,-2.67,7.5,10.0,3,235633.0,-30.9,False
2023-01-01,Severnoye Butovo,YuZAO,302300,334500,1259,-1.4,7.5,10.0,4,206200.0,-31.8,False
2023-01-01,Severnoye Izmaylovo,VAO,276300,309400,1151,7.38,7.5,10.0,2,198350.0,-28.2,False
2023-01-01,Severnoye Medvedkovo,SVAO,260000,285000,1083,-2.1,7.5,10.0,6,163933.0,-36.9,False
2023-01-01,Severnoye Tushino,SZAO,298400,332800,1243,0.15,7.5,10.0,8,168125.0,-43.7,False
2023-01-01,Severny,SVAO,228500,241300,952,-5.27,7.5,10.0,9,120189.0,-47.4,False
2023-01-01,Shchapovskoye,TAO,113600,124700,473,3.26,7.5,10.0,6,52033.0,-54.2,True
2023-01-01,Shcherbinka,NAO,197100,225800,821,1.71,7.5,10.0,9,109200.0,-44.6,True
2023-01-01,Shchukino,SZAO,391600,416500,1632,7.29,7.5,10.0,6,320100.0,-18.3,False
2023-01-01,Sokol,SAO,356900,381300,1487,4.18,7.5,10.0,6,283983.0,-20.4,False
2023-01-01,Sokolinaya Gora,VAO,265700,294500,1107,4.58,7.5,10.0,7,188729.0,-29.0,False
2023-01-01,Sokolniki,VAO,318600,364300,1327,2.02,7.5,10.0,3,230433.0,-27.7,False
2023-01-01,Solntsevo,ZAO,309000,349800,1288,6.17,7.5,10.0,6,187017.0,-39.5,False
2023-01-01,Sosenskoye,NAO,207500,215600,865,-4.44,7.5,10.0,2,145300.0,-30.0,True
2023-01-01,Strogino,SZAO,380500,399100,1585,2.42,7.5,10.0,4,282075.0,-25.9,False
2023-01-01,Sviblovo,SVAO,255500,284100,1064,0.2,7.5,10.0,4,171200.0,-33.0,False
2023-01-01,Tagansky,CAO,506900,593800,2112,-3.7,7.5,10.0,4,397200.0,-21.6,False
2023-01-01,Timiryazevsky,SAO,320900,349100,1337,2.38,7.5,10.0,4,196650.0,-38.7,False
2023-01-01,Troitsk,TAO,142900,157100,595,-1.2,7.5,10.0,4,71475.0,-50.0,True
2023-01-01,Troparyovo-Nikulino,ZAO,397400,433900,1656,-3.04,7.5,10.0,3,311167.0,-21.7,False
2023-01-01,Tsaritsyno,YuAO,252300,286800,1051,3.66,7.5,10.0,10,159400.0,-36.8,False
2023-01-01,Tverskoy,CAO,647700,692700,2699,0.49,7.5,10.0,8,521725.0,-19.4,False
2023-01-01,Tyoply Stan,YuZAO,314100,338000,1309,2.38,7.5,10.0,5,197380.0,-37.2,False
2023-01-01,Veshnyaki,VAO,239100,260200,996,0.73,7.5,10.0,7,146300.0,-38.8,False
2023-01-01,Vnukovo,ZAO,278800,306700,1162,2.92,7.5,10.0,5,161320.0,-42.1,False
2023-01-01,Vnukovskoye,NAO,208000,228500,867,-4.65,7.5,10.0,4,124825.0,-40.0,True
2023-01-01,Voronovskoye,TAO,106600,120800,444,-3.92,7.5,10.0,6,58833.0,-44.8,True
2023-01-01,Voskresenskoye,NAO,192600,222300,803,4.34,7.5,10.0,2,96000.0,-50.2,True
2023-01-01,Vostochnoye Izmaylovo,VAO,274500,304000,1144,1.39,7.5,10.0,4,142100.0,-48.2,False
2023-01-01,Vostochny,VAO,218800,237000,912,0.6,7.5,10.0,7,129671.0,-40.7,False
2023-01-01,Voykovsky,SAO,305600,332500,1273,1.93,7.5,10.0,2,188000.0,-38.5,False
2023-01-01,Yakimanka,CAO,649700,739300,2707,1.37,7.5,10.0,5,462820.0,-28.8,False
2023-01-01,Yaroslavsky,SVAO,256400,283200,1068,4.6,7.5,10.0,5,163920.0,-36.1,False
2023-01-01,Yasenevo,YuZAO,340400,366300,1418,6.85,7.5,10.0,5,314840.0,-7.5,False
2023-01-01,Yuzhnoye Butovo,YuZAO,265300,298400,1105,-3.53,7.5,10.0,11,141300.0,-46.7,False
2023-01-01,Yuzhnoye Medvedkovo,SVAO,247400,268600,1031,-2.81,7.5,10.0,1,135700.0,-45.1,False
2023-01-01,Yuzhnoye Tushino,SZAO,309600,339100,1290,-3.35,7.5,10.0,3,199900.0,-35.4,False
2023-01-01,Zamoskvorechye,CAO,590900,668300,2462,-0.86,7.5,10.0,5,411460.0,-30.4,False
2023-01-01,Zapadnoye Degunino,SAO,260200,279900,1084,2.38,7.5,10.0,2,127750.0,-50.9,False
2023-01-01,Zelenograd,ZelAO,179300,195600,747,3.94,7.5,10.0,3,96233.0,-46.3,True
2023-01-01,Zyablikovo,YuAO,236800,265700,987,-4.14,7.5,10.0,8,140563.0,-40.6,False
2023-01-01,Zyuzino,YuZAO,346700,388600,1445,-1.9,7.5,10.0,7,242343.0,-30.1,False
2023-02-01,Aeroport,SAO,341700,371500,1424,2.84,7.5,10.0,2,217900.0,-36.2,False
2023-02-01,Akademichesky,YuZAO,404800,435800,1687,4.16,7.5,10.0,6,240683.0,-40.5,False
2023-02-01,Alekseevsky,SVAO,321400,356300,1339,-2.31,7.5,10.0,8,219988.0,-31.6,False
2023-02-01,Altufyevsky,SVAO,242900,270800,1012,6.06,7.5,10.0,5,154320.0,-36.5,False
2023-02-01,Arbat,CAO,684200,771800,2851,-0.25,7.5,10.0,4,553375.0,-19.1,False
2023-02-01,Babushkinsky,SVAO,287000,313200,1196,7.98,7.5,10.0,3,174367.0,-39.2,False
2023-02-01,Basmanny,CAO,526900,586100,2195,-3.52,7.5,10.0,2,361950.0,-31.3,False
2023-02-01,Begovoy,SAO,356500,380200,1485,1.73,7.5,10.0,5,251880.0,-29.3,False
2023-02-01,Beskudnikovsky,SAO,251500,289300,1048,-1.81,7.5,10.0,4,149775.0,-40.4,False
2023-02-01,Bibirevo,SVAO,258900,288200,1079,5.02,7.5,10.0,5,139140.0,-46.3,False
2023-02-01,Biryulyovo Vostochnoye,YuAO,231100,256700,963,2.07,7.5,10.0,14,130507.0,-43.5,False
2023-02-01,Biryulyovo Zapadnoye,YuAO,227700,244200,949,0.77,7.5,10.0,13,138392.0,-39.2,False
2023-02-01,Bogorodskoye,VAO,261100,290900,1088,0.11,7.5,10.0,2,117450.0,-55.0,False
2023-02-01,Brateyevo,YuAO,240700,263300,1003,5.74,7.5,10.0,9,136767.0,-43.2,False
2023-02-01,Butyrsky,SVAO,313300,351400,1305,1.55,7.5,10.0,7,203443.0,-35.1,False
2023-02-01,Chertanovo Severnoye,YuAO,263300,277300,1097,-1.23,7.5,10.0,2,204750.0,-22.2,False
2023-02-01,Chertanovo Tsentralnoye,YuAO,262700,288200,1095,2.25,7.5,10.0,3,142467.0,-45.8,False
2023-02-01,Chertanovo Yuzhnoye,YuAO,243100,262900,1013,-0.34,7.5,10.0,4,173250.0,-28.7,False
2023-02-01,Cheryomushki,YuZAO,385400,392900,1606,6.12,7.5,10.0,3,311967.0,-19.1,False
2023-02-01,Danilovsky,YuAO,330800,363300,1378,1.31,7.5,10.0,5,251620.0,-23.9,False
2023-02-01,Desyonovskoye,NAO,191300,210800,797,-4.59,7.5,10.0,5,115860.0,-39.4,True
2023-02-01,Dmitrovsky,SAO,249300,273000,1039,-0.05,7.5,10.0,7,136143.0,-45.4,False
2023-02-01,Donskoy,YuAO,350500,370900,1461,3.44,7.5,10.0,3,229100.0,-34.6,False
2023-02-01,Dorogomilovo,ZAO,505700,543200,2107,-3.35,7.5,10.0,1,348000.0,-31.2,False
2023-02-01,Fili-Davydkovo,ZAO,397900,443800,1658,1.02,7.5,10.0,7,262243.0,-34.1,False
2023-02-01,Filimonkovskoye,NAO,181400,197700,756,5.03,7.5,10.0,4,92175.0,-49.2,True
2023-02-01,Filyovsky Park,ZAO,415300,466700,1731,2.77,7.5,10.0,9,280456.0,-32.5,False
2023-02-01,Gagarinsky,YuZAO,458200,520200,1909,1.99,7.5,10.0,5,348180.0,-24.0,False
2023-02-01,Golovinsky,SAO,277600,312500,1157,2.55,7.5,10.0,3,176433.0,-36.4,False
2023-02-01,Golyanovo,VAO,249300,274200,1039,2.74,7.5,10.0,8,191925.0,-23.0,False
2023-02-01,Ivanovskoye,VAO,248200,281600,1034,-0.53,7.5,10.0,5,157360.0,-36.6,False
2023-02-01,Izmaylovo,VAO,282100,310500,1176,-5.08,7.5,10.0,5,211580.0,-25.0,False
2023-02-01,Khamovniki,CAO,723400,803400,3014,-1.22,7.5,10.0,10,533290.0,-26.3,False
2023-02-01,Khoroshyovo-Mnyovniki,SZAO,372300,413500,1551,-1.34,7.5,10.0,8,267450.0,-28.2,False
2023-02-01,Khoroshyovsky,SAO,380000,415200,1584,0.24,7.5,10.0,4,238725.0,-37.2,False
2023-02-01,Khovrino,SAO,260100,281800,1084,1.09,7.5,10.0,6,145317.0,-44.1,False
2023-02-01,Kievsky,TAO,103400,118700,431,-3.76,7.5,10.0,2,53900.0,-47.9,True
2023-02-01,Klyonovskoye,TAO,102200,109100,426,1.73,7.5,10.0,8,51050.0,-50.0,True
2023-02-01,Kokoshkino,NAO,168100,182200,701,0.37,7.5,10.0,8,85888.0,-48.9,True
2023-02-01,Konkovo,YuZAO,346600,395400,1444,-3.12,7.5,10.0,7,231529.0,-33.2,False
2023-02-01,Koptevo,SAO,283900,312900,1183,4.68,7.5,10.0,3,185200.0,-34.8,False
2023-02-01,Kosino-Ukhtomsky,VAO,238400,263700,994,-1.69,7.5,10.0,4,122925.0,-48.4,False
2023-02-01,Kotlovka,YuZAO,359300,403800,1497,-3.27,7.5,10.0,1,185000.0,-48.5,False
2023-02-01,Krasnopakhorskoye,TAO,118300,131200,493,2.08,7.5,10.0,3,54100.0,-54.3,True
2023-02-01,Krasnoselsky,CAO,509800,570100,2124,-4.78,7.5,10.0,3,351800.0,-31.0,False
2023-02-01,Krylatskoye,SZAO,427900,459200,1783,0.95,7.5,10.0,2,304100.0,-28.9,False
2023-02-01,Kuntsevo,ZAO,386600,437900,1611,7.86,7.5,10.0,5,215940.0,-44.1,False
2023-02-01,Kurkino,SZAO,360800,381400,1503,1.86,7.5,10.0,4,186450.0,-48.3,False
2023-02-01,Levoberezhny,SAO,272300,303200,1135,-0.22,7.5,10.0,7,170014.0,-37.6,False
2023-02-01,Lianozovo,SVAO,249000,276100,1038,-0.55,7.5,10.0,5,135300.0,-45.7,False
2023-02-01,Lomonosovsky,YuZAO,466200,514300,1943,5.91,7.5,10.0,2,241250.0,-48.3,False
2023-02-01,Losinoostrovsky,SVAO,266400,299900,1110,-2.02,7.5,10.0,6,151533.0,-43.1,False
2023-02-01,Marfino,SVAO,281400,308200,1173,1.91,7.5,10.0,3,192000.0,-31.8,False
2023-02-01,Marushkinskoye,NAO,157400,174700,656,-1.2,7.5,10.0,5,82240.0,-47.8,True
2023-02-01,Maryina Roshcha,SVAO,332700,369300,1386,1.59,7.5,10.0,3,231000.0,-30.6,False
2023-02-01,Meshchansky,CAO,527100,571300,2196,2.25,7.5,10.0,5,436840.0,-17.1,False
2023-02-01,Metrogorodok,VAO,244200,267800,1018,-2.13,7.5,10.0,6,152833.0,-37.4,False
2023-02-01,Mikhaylovo-Yartsevskoye,TAO,112200,125600,468,1.72,7.5,10.0,5,62560.0,-44.2,True
2023-02-01,Mitino,SZAO,290500,322600,1210,-1.03,7.5,10.0,4,219050.0,-24.6,False
2023-02-01,Molzhaninovsky,SAO,219000,240500,912,-1.0,7.5,10.0,3,127833.0,-41.6,False
2023-02-01,Moskovsky,NAO,215400,238100,898,-0.28,7.5,10.0,4,112675.0,-47.7,True
2023-02-01,Moskvorechye-Saburovo,YuAO,262100,292800,1092,-2.47,7.5,10.0,6,151800.0,-42.1,False
2023-02-01,Mosrentgen,NAO,207600,218400,865,-0.79,7.5,10.0,2,144450.0,-30.4,True
2023-02-01,Mozhaysky,ZAO,349200,390900,1455,3.14,7.5,10.0,5,193240.0,-44.7,False
2023-02-01,Nagatino-Sadovniki,YuAO,301600,329800,1257,0.28,7.5,10.0,6,166300.0,-44.9,False
2023-02-01,Nagatinsky Zaton,YuAO,301000,332700,1254,1.15,7.5,10.0,5,183340.0,-39.1,False
2023-02-01,Nagorny,YuAO,285500,307500,1190,-2.4,7.5,10.0,6,236800.0,-17.1,False
2023-02-01,Novo-Peredelkino,ZAO,277600,296800,1157,0.33,7.5,10.0,1,192500.0,-30.7,False
2023-02-01,Novofyodorovskoye,TAO,103900,110200,433,2.85,7.5,10.0,5,56640.0,-45.5,True
2023-02-01,Novogireyevo,VAO,281600,313600,1173,7.6,7.5,10.0,2,151900.0,-46.1,False
2023-02-01,Novokosino,VAO,248800,264900,1037,0.43,7.5,10.0,6,169667.0,-31.8,False
2023-02-01,Obruchevsky,YuZAO,363500,404500,1515,0.0,7.5,10.0,5,213180.0,-41.4,False
2023-02-01,Ochakovo-Matveyevskoye,ZAO,349600,381000,1457,5.44,7.5,10.0,7,216571.0,-38.1,False
2023-02-01,Orekhovo-Borisovo Severnoye,YuAO,241500,263200,1006,4.62,7.5,10.0,2,153300.0,-36.5,False
2023-02-01,Orekhovo-Borisovo Yuzhnoye,YuAO,235900,264000,983,2.52,7.5,10.0,4,134950.0,-42.8,False
2023-02-01,Ostankinsky,SVAO,339500,367200,1414,10.53,7.5,10.0,6,193617.0,-43.0,False
2023-02-01,Otradnoye,SVAO,270000,296400,1125,0.86,7.5,10.0,4,169325.0,-37.3,False
2023-02-01,Perovo,VAO,261900,292500,1091,-0.23,7.5,10.0,2,230650.0,-11.9,False
2023-02-01,Pervomayskoye,TAO,111600,118400,465,-1.42,7.5,10.0,3,59033.0,-47.1,True
2023-02-01,Pokrovskoye-Streshnevo,SZAO,340000,374600,1417,-0.81,7.5,10.0,1,229200.0,-32.6,False
2023-02-01,Preobrazhenskoye,VAO,297300,322500,1239,0.65,7.5,10.0,5,253000.0,-14.9,False
2023-02-01,Presnensky,CAO,656400,741800,2735,-5.37,7.5,10.0,3,493833.0,-24.8,False
2023-02-01,Prospekt Vernadskogo,ZAO,470300,503300,1959,5.91,7.5,10.0,2,283400.0,-39.7,False
2023-02-01,Ramenki,ZAO,461800,507700,1924,1.0,7.5,10.0,6,305317.0,-33.9,False
2023-02-01,Rogovskoye,TAO,106500,114600,444,6.13,7.5,10.0,4,53600.0,-49.7,True
2023-02-01,Rostokino,SVAO,274900,311600,1145,-2.17,7.5,10.0,3,156967.0,-42.9,False
2023-02-01,Ryazanovskoye,NAO,164700,174800,686,-2.61,7.5,10.0,1,92400.0,-43.9,True
2023-02-01,Savyolovsky,SAO,353700,396800,1474,3.71,7.5,10.0,6,238533.0,-32.6,False
2023-02-01,Severnoye Butovo,YuZAO,304600,324500,1269,0.78,7.5,10.0,7,153086.0,-49.7,False
2023-02-01,Severnoye Izmaylovo,VAO,274200,309200,1142,-0.77,7.5,10.0,3,223933.0,-18.3,False
2023-02-01,Severnoye Medvedkovo,SVAO,267100,291400,1113,2.71,7.5,10.0,6,190400.0,-28.7,False
2023-02-01,Severnoye Tushino,SZAO,297700,343800,1240,-0.23,7.5,10.0,4,161525.0,-45.7,False
2023-02-01,Severny,SVAO,228200,255500,951,-0.09,7.5,10.0,5,115540.0,-49.4,False
2023-02-01,Shchapovskoye,TAO,109300,124800,456,-3.76,7.5,10.0,5,52920.0,-51.6,True
2023-02-01,Shcherbinka,NAO,199400,218900,831,1.17,7.5,10.0,4,119025.0,-40.3,True
2023-02-01,Shchukino,SZAO,367900,402600,1533,-6.05,7.5,10.0,5,243720.0,-33.8,False
2023-02-01,Sokol,SAO,371000,382000,1546,3.93,7.5,10.0,2,289100.0,-22.1,False
2023-02-01,Sokolinaya Gora,VAO,262600,294200,1094,-1.17,7.5,10.0,2,128400.0,-51.1,False
2023-02-01,Sokolniki,VAO,325000,343300,1354,2.03,7.5,10.0,5,211720.0,-34.9,False
2023-02-01,Solntsevo,ZAO,291800,311300,1216,-5.57,7.5,10.0,5,166020.0,-43.1,False
2023-02-01,Sosenskoye,NAO,216500,232400,902,4.35,7.5,10.0,2,125500.0,-42.0,True
2023-02-01,Strogino,SZAO,377400,428600,1573,-0.81,7.5,10.0,1,364700.0,-3.4,False
2023-02-01,Sviblovo,SVAO,261200,286200,1088,2.24,7.5,10.0,5,183540.0,-29.7,False
2023-02-01,Tagansky,CAO,498900,523900,2079,-1.58,7.5,10.0,4,364250.0,-27.0,False
2023-02-01,Timiryazevsky,SAO,310100,342600,1292,-3.38,7.5,10.0,5,218500.0,-29.5,False
2023-02-01,Troitsk,TAO,145000,153000,604,1.52,7.5,10.0,2,83550.0,-42.4,True
2023-02-01,Troparyovo-Nikulino,ZAO,380700,414200,1586,-4.21,7.5,10.0,3,261000.0,-31.4,False
2023-02-01,Tsaritsyno,YuAO,253900,273700,1058,0.63,7.5,10.0,8,138850.0,-45.3,False
2023-02-01,Tverskoy,CAO,683000,743300,2846,5.46,7.5,10.0,6,501517.0,-26.6,False
2023-02-01,Tyoply Stan,YuZAO,312000,351800,1300,-0.66,7.5,10.0,8,186013.0,-40.4,False
2023-02-01,Veshnyaki,VAO,236600,256700,986,-1.07,7.5,10.0,6,131050.0,-44.6,False
2023-02-01,Vnukovo,ZAO,287100,313800,1196,2.99,7.5,10.0,7,154357.0,-46.2,False
2023-02-01,Vnukovskoye,NAO,220200,242700,918,5.85,7.5,10.0,1,126500.0,-42.6,True
2023-02-01,Voronovskoye,TAO,106400,121500,443,-0.14,7.5,10.0,4,55400.0,-47.9,True
2023-02-01,Voskresenskoye,NAO,201500,217600,840,4.63,7.5,10.0,4,110300.0,-45.3,True
2023-02-01,Vostochnoye Izmaylovo,VAO,258300,290400,1076,-5.91,7.5,10.0,3,188933.0,-26.9,False
2023-02-01,Vostochny,VAO,229200,252600,955,4.76,7.5,10.0,2,154150.0,-32.7,False
2023-02-01,Voykovsky,SAO,301500,339200,1256,-1.33,7.5,10.0,6,224150.0,-25.7,False
2023-02-01,Yakimanka,CAO,638400,693100,2660,-1.74,7.5,10.0,4,485450.0,-24.0,False
2023-02-01,Yaroslavsky,SVAO,260300,274800,1085,1.53,7.5,10.0,5,148540.0,-42.9,False
2023-02-01,Yasenevo,YuZAO,330100,361400,1376,-3.03,7.5,10.0,8,245913.0,-25.5,False
2023-02-01,Yuzhnoye Butovo,YuZAO,285300,310300,1189,7.55,7.5,10.0,9,140244.0,-50.8,False
2023-02-01,Yuzhnoye Medvedkovo,SVAO,264800,287500,1103,7.01,7.5,10.0,3,155567.0,-41.3,False
2023-02-01,Yuzhnoye Tushino,SZAO,312900,352100,1304,1.05,7.5,10.0,4,187700.0,-40.0,False
2023-02-01,Zamoskvorechye,CAO,560000,632900,2333,-5.23,7.5,10.0,3,519800.0,-7.2,False
2023-02-01,Zapadnoye Degunino,SAO,257700,283300,1074,-0.96,7.5,10.0,3,143467.0,-44.3,False
2023-02-01,Zelenograd,ZelAO,173400,182700,722,-3.27,7.5,10.0,10,94140.0,-45.7,True
2023-02-01,Zyablikovo,YuAO,242100,279000,1009,2.22,7.5,10.0,6,161233.0,-33.4,False
2023-02-01,Zyuzino,YuZAO,350600,393600,1461,1.11,7.5,10.0,2,266200.0,-24.1,False
2023-03-01,Aeroport,SAO,330400,364400,1376,-3.32,7.5,10.0,6,263883.0,-20.1,False
2023-03-01,Akademichesky,YuZAO,416000,464400,1733,2.77,7.5,10.0,2,350700.0,-15.7,False
2023-03-01,Alekseevsky,SVAO,334100,366500,1392,3.94,7.5,10.0,10,218390.0,-34.6,False
2023-03-01,Altufyevsky,SVAO,239600,259700,998,-1.36,7.5,10.0,7,155100.0,-35.3,False
2023-03-01,Arbat,CAO,680500,738700,2835,-0.54,7.5,10.0,9,534667.0,-21.4,False
2023-03-01,Babushkinsky,SVAO,275600,295400,1148,-3.97,7.5,10.0,5,153780.0,-44.2,False
2023-03-01,Basmanny,CAO,526800,582000,2195,-0.01,7.5,10.0,3,350133.0,-33.5,False
2023-03-01,Begovoy,SAO,368000,417600,1533,3.25,7.5,10.0,6,289733.0,-21.3,False
2023-03-01,Beskudnikovsky,SAO,257200,283700,1071,2.24,7.5,10.0,6,162950.0,-36.6,False
2023-03-01,Bibirevo,SVAO,254500,279400,1060,-1.69,7.5,10.0,2,139450.0,-45.2,False
2023-03-01,Biryulyovo Vostochnoye,YuAO,240800,256200,1003,4.18,7.5,10.0,8,122300.0,-49.2,False
2023-03-01,Biryulyovo Zapadnoye,YuAO,238200,266800,992,4.57,7.5,10.0,6,144667.0,-39.3,False
2023-03-01,Bogorodskoye,VAO,276900,309500,1154,6.05,7.5,10.0,6,181200.0,-34.6,False
2023-03-01,Brateyevo,YuAO,243000,258800,1012,0.95,7.5,10.0,4,123075.0,-49.4,False
2023-03-01,Butyrsky,SVAO,316800,333700,1320,1.12,7.5,10.0,2,205400.0,-35.2,False
2023-03-01,Chertanovo Severnoye,YuAO,271300,296900,1130,3.03,7.5,10.0,10,188590.0,-30.5,False
2023-03-01,Chertanovo Tsentralnoye,YuAO,266600,297100,1111,1.46,7.5,10.0,2,142600.0,-46.5,False
2023-03-01,Chertanovo Yuzhnoye,YuAO,238200,262900,992,-2.05,7.5,10.0,3,180033.0,-24.4,False
2023-03-01,Cheryomushki,YuZAO,383400,423800,1598,-0.52,7.5,10.0,8,320900.0,-16.3,False
2023-03-01,Danilovsky,YuAO,330600,364300,1378,-0.05,7.5,10.0,9,279300.0,-15.5,False
2023-03-01,Desyonovskoye,NAO,196400,218600,818,2.66,7.5,10.0,2,86650.0,-55.9,True
2023-03-01,Dmitrovsky,SAO,258900,293600,1079,3.87,7.5,10.0,5,158920.0,-38.6,False
2023-03-01,Donskoy,YuAO,370400,419600,1543,5.67,7.5,10.0,7,234943.0,-36.6,False
2023-03-01,Dorogomilovo,ZAO,539800,639800,2249,6.75,7.5,10.0,2,369450.0,-31.6,False
2023-03-01,Fili-Davydkovo,ZAO,399000,448800,1662,0.26,7.5,10.0,8,266450.0,-33.2,False
2023-03-01,Filimonkovskoye,NAO,173900,181700,725,-4.14,7.5,10.0,7,95714.0,-45.0,True
2023-03-01,Filyovsky Park,ZAO,408700,456600,1703,-1.59,7.5,10.0,2,303650.0,-25.7,False
2023-03-01,Gagarinsky,YuZAO,481100,530600,2005,4.99,7.5,10.0,5,302520.0,-37.1,False
2023-03-01,Golovinsky,SAO,274300,309400,1143,-1.19,7.5,10.0,7,179543.0,-34.5,False
2023-03-01,Golyanovo,VAO,257600,290600,1073,3.34,7.5,10.0,3,176967.0,-31.3,False
2023-03-01,Ivanovskoye,VAO,266200,305000,1109,7.24,7.5,10.0,4,164950.0,-38.0,False
2023-03-01,Izmaylovo,VAO,297100,321500,1238,5.3,7.5,10.0,7,199471.0,-32.9,False
2023-03-01,Khamovniki,CAO,741900,824200,3091,2.56,7.5,10.0,7,502657.0,-32.2,False
2023-03-01,Khoroshyovo-Mnyovniki,SZAO,377800,418700,1574,1.48,7.5,10.0,3,279533.0,-26.0,False
2023-03-01,Khoroshyovsky,SAO,392300,414400,1634,3.22,7.5,10.0,7,276943.0,-29.4,False
2023-03-01,Khovrino,SAO,260800,305500,1087,0.25,7.5,10.0,5,139300.0,-46.6,False
2023-03-01,Kievsky,TAO,102400,113500,427,-0.93,7.5,10.0,2,42750.0,-58.3,True
2023-03-01,Klyonovskoye,TAO,103800,117300,433,1.57,7.5,10.0,3,48400.0,-53.4,True
2023-03-01,Kokoshkino,NAO,166900,183100,695,-0.73,7.5,10.0,6,78367.0,-53.0,True
2023-03-01,Konkovo,YuZAO,353400,394500,1472,1.96,7.5,10.0,4,231500.0,-34.5,False
2023-03-01,Koptevo,SAO,278700,318800,1161,-1.81,7.5,10.0,2,192000.0,-31.1,False
2023-03-01,Kosino-Ukhtomsky,VAO,235000,253100,979,-1.45,7.5,10.0,3,149200.0,-36.5,False
2023-03-01,Kotlovka,YuZAO,387800,407300,1616,7.94,7.5,10.0,7,250629.0,-35.4,False
2023-03-01,Krasnopakhorskoye,TAO,121800,130500,508,2.95,7.5,10.0,4,73250.0,-39.9,True
2023-03-01,Krasnoselsky,CAO,498400,542900,2077,-2.23,7.5,10.0,6,389167.0,-21.9,False
2023-03-01,Krylatskoye,SZAO,447000,513000,1863,4.47,7.5,10.0,5,264660.0,-40.8,False
2023-03-01,Kuntsevo,ZAO,372200,400500,1551,-3.73,7.5,10.0,4,211675.0,-43.1,False
2023-03-01,Kurkino,SZAO,361200,400800,1505,0.12,7.5,10.0,7,177929.0,-50.7,False
2023-03-01,Levoberezhny,SAO,279900,305600,1166,2.78,7.5,10.0,4,175575.0,-37.3,False
2023-03-01,Lianozovo,SVAO,255300,282500,1064,2.51,7.5,10.0,5,131620.0,-48.4,False
2023-03-01,Lomonosovsky,YuZAO,440500,468600,1835,-5.52,7.5,10.0,8,283613.0,-35.6,False
2023-03-01,Losinoostrovsky,SVAO,270200,284500,1126,1.4,7.5,10.0,2,170200.0,-37.0,False
2023-03-01,Marfino,SVAO,267800,294700,1116,-4.86,7.5,10.0,10,162720.0,-39.2,False
2023-03-01,Marushkinskoye,NAO,163200,179700,680,3.68,7.5,10.0,4,81525.0,-50.0,True
2023-03-01,Maryina Roshcha,SVAO,335700,368400,1399,0.89,7.5,10.0,6,225333.0,-32.9,False
2023-03-01,Meshchansky,CAO,545500,575200,2273,3.49,7.5,10.0,2,403700.0,-26.0,False
2023-03-01,Metrogorodok,VAO,250800,281600,1045,2.69,7.5,10.0,8,154250.0,-38.5,False
2023-03-01,Mikhaylovo-Yartsevskoye,TAO,109900,127700,458,-2.06,7.5,10.0,8,58450.0,-46.8,True
2023-03-01,Mitino,SZAO,300600,327200,1252,3.47,7.5,10.0,8,209325.0,-30.4,False
2023-03-01,Molzhaninovsky,SAO,209300,229800,872,-4.42,7.5,10.0,4,124400.0,-40.6,False
2023-03-01,Moskovsky,NAO,217700,237100,907,1.04,7.5,10.0,8,107725.0,-50.5,True
2023-03-01,Moskvorechye-Saburovo,YuAO,271000,303200,1129,3.4,7.5,10.0,5,171380.0,-36.8,False
2023-03-01,Mosrentgen,NAO,212500,226600,885,2.35,7.5,10.0,9,170589.0,-19.7,True
2023-03-01,Mozhaysky,ZAO,364500,393300,1519,4.37,7.5,10.0,5,207960.0,-42.9,False
2023-03-01,Nagatino-Sadovniki,YuAO,299000,334300,1246,-0.85,7.5,10.0,4,203875.0,-31.8,False
2023-03-01,Nagatinsky Zaton,YuAO,315200,352400,1313,4.72,7.5,10.0,3,194700.0,-38.2,False
2023-03-01,Nagorny,YuAO,290600,313700,1211,1.8,7.5,10.0,4,258125.0,-11.2,False
2023-03-01,Novo-Peredelkino,ZAO,288900,311100,1204,4.07,7.5,10.0,2,194500.0,-32.7,False
2023-03-01,Novofyodorovskoye,TAO,100200,111900,417,-3.58,7.5,10.0,4,53625.0,-46.5,True
2023-03-01,Novogireyevo,VAO,287300,307000,1197,2.0,7.5,10.0,5,215300.0,-25.1,False
2023-03-01,Novokosino,VAO,248700,285400,1036,-0.05,7.5,10.0,6,151467.0,-39.1,False
2023-03-01,Obruchevsky,YuZAO,372400,411400,1552,2.45,7.5,10.0,5,218640.0,-41.3,False
2023-03-01,Ochakovo-Matveyevskoye,ZAO,358500,402200,1494,2.56,7.5,10.0,5,196520.0,-45.2,False
2023-03-01,Orekhovo-Borisovo Severnoye,YuAO,238500,263000,994,-1.25,7.5,10.0,8,141513.0,-40.7,False
2023-03-01,Orekhovo-Borisovo Yuzhnoye,YuAO,235800,254400,982,-0.07,7.5,10.0,5,152520.0,-35.3,False
2023-03-01,Ostankinsky,SVAO,329000,357700,1371,-3.08,7.5,10.0,6,216767.0,-34.1,False
2023-03-01,Otradnoye,SVAO,260100,289600,1084,-3.66,7.5,10.0,7,162743.0,-37.4,False
2023-03-01,Perovo,VAO,271700,291100,1132,3.75,7.5,10.0,5,282480.0,4.0,False
2023-03-01,Pervomayskoye,TAO,113500,124200,473,1.65,7.5,10.0,2,65650.0,-42.2,True
2023-03-01,Pokrovskoye-Streshnevo,SZAO,346000,376200,1442,1.76,7.5,10.0,3,221800.0,-35.9,False
2023-03-01,Preobrazhenskoye,VAO,283800,307100,1182,-4.56,7.5,10.0,5,243280.0,-14.3,False
2023-03-01,Presnensky,CAO,673700,708800,2807,2.64,7.5,10.0,6,455900.0,-32.3,False
2023-03-01,Prospekt Vernadskogo,ZAO,468200,497000,1951,-0.44,7.5,10.0,9,314700.0,-32.8,False
2023-03-01,Ramenki,ZAO,456400,506300,1902,-1.16,7.5,10.0,4,270150.0,-40.8,False
2023-03-01,Rogovskoye,TAO,104500,117800,435,-1.91,7.5,10.0,3,54433.0,-47.9,True
2023-03-01,Rostokino,SVAO,270900,285300,1129,-1.43,7.5,10.0,4,183450.0,-32.3,False
2023-03-01,Ryazanovskoye,NAO,174000,189200,725,5.65,7.5,10.0,4,92325.0,-46.9,True
2023-03-01,Savyolovsky,SAO,349700,369400,1457,-1.15,7.5,10.0,4,220575.0,-36.9,False
2023-03-01,Severnoye Butovo,YuZAO,311200,342400,1296,2.14,7.5,10.0,9,198667.0,-36.2,False
2023-03-01,Severnoye Izmaylovo,VAO,262400,296000,1093,-4.31,7.5,10.0,4,162075.0,-38.2,False
2023-03-01,Severnoye Medvedkovo,SVAO,271900,322700,1133,1.82,7.5,10.0,6,163633.0,-39.8,False
2023-03-01,Severnoye Tushino,SZAO,314200,342800,1309,5.53,7.5,10.0,5,176420.0,-43.9,False
2023-03-01,Severny,SVAO,229000,248700,954,0.34,7.5,10.0,3,129733.0,-43.3,False
2023-03-01,Shchapovskoye,TAO,104000,116300,433,-4.91,7.5,10.0,3,56333.0,-45.8,True
2023-03-01,Shcherbinka,NAO,204000,232600,850,2.28,7.5,10.0,2,90950.0,-55.4,True
2023-03-01,Shchukino,SZAO,370000,382100,1542,0.57,7.5,10.0,3,252300.0,-31.8,False
2023-03-01,Sokol,SAO,362800,377100,1512,-2.21,7.5,10.0,2,362250.0,-0.2,False
2023-03-01,Sokolinaya Gora,VAO,271500,292900,1131,3.39,7.5,10.0,2,163350.0,-39.8,False
2023-03-01,Sokolniki,VAO,323800,353600,1349,-0.4,7.5,10.0,3,270433.0,-16.5,False
2023-03-01,Solntsevo,ZAO,305900,335500,1275,4.83,7.5,10.0,7,186314.0,-39.1,False
2023-03-01,Sosenskoye,NAO,217300,249100,905,0.33,7.5,10.0,3,91167.0,-58.0,True
2023-03-01,Strogino,SZAO,379600,410000,1582,0.59,7.5,10.0,7,312457.0,-17.7,False
2023-03-01,Sviblovo,SVAO,266500,297800,1110,2.03,7.5,10.0,6,179450.0,-32.7,False
2023-03-01,Tagansky,CAO,527700,599900,2199,5.78,7.5,10.0,7,329286.0,-37.6,False
2023-03-01,Timiryazevsky,SAO,313900,341200,1308,1.22,7.5,10.0,11,244091.0,-22.2,False
2023-03-01,Troitsk,TAO,139300,149700,580,-3.97,7.5,10.0,5,73500.0,-47.2,True
2023-03-01,Troparyovo-Nikulino,ZAO,412300,450100,1718,8.3,7.5,10.0,3,325767.0,-21.0,False
2023-03-01,Tsaritsyno,YuAO,241400,264400,1006,-4.9,7.5,10.0,7,157686.0,-34.7,False
2023-03-01,Tverskoy,CAO,677500,747200,2823,-0.81,7.5,10.0,3,468833.0,-30.8,False
2023-03-01,Tyoply Stan,YuZAO,306900,332800,1279,-1.66,7.5,10.0,7,198414.0,-35.3,False
2023-03-01,Veshnyaki,VAO,249200,276000,1038,5.36,7.5,10.0,6,148050.0,-40.6,False
2023-03-01,Vnukovo,ZAO,274500,290600,1144,-4.4,7.5,10.0,3,148833.0,-45.8,False
2023-03-01,Vnukovskoye,NAO,217100,242500,904,-1.43,7.5,10.0,4,109275.0,-49.7,True
2023-03-01,Voronovskoye,TAO,107600,120000,448,1.08,7.5,10.0,11,61200.0,-43.1,True
2023-03-01,Voskresenskoye,NAO,203100,236200,846,0.77,7.5,10.0,4,109025.0,-46.3,True
2023-03-01,Vostochnoye Izmaylovo,VAO,272300,296100,1135,5.43,7.5,10.0,7,170657.0,-37.3,False
2023-03-01,Vostochny,VAO,234200,259400,976,2.15,7.5,10.0,2,87650.0,-62.6,False
2023-03-01,Voykovsky,SAO,293600,310300,1223,-2.65,7.5,10.0,6,241517.0,-17.7,False
2023-03-01,Yakimanka,CAO,649600,682700,2707,1.76,7.5,10.0,6,443983.0,-31.7,False
2023-03-01,Yaroslavsky,SVAO,265100,305300,1104,1.82,7.5,10.0,2,181900.0,-31.4,False
2023-03-01,Yasenevo,YuZAO,350600,388100,1461,6.19,7.5,10.0,4,262000.0,-25.3,False
2023-03-01,Yuzhnoye Butovo,YuZAO,284900,325700,1187,-0.13,7.5,10.0,1,126400.0,-55.6,False
2023-03-01,Yuzhnoye Medvedkovo,SVAO,268300,293400,1118,1.35,7.5,10.0,6,175900.0,-34.4,False
2023-03-01,Yuzhnoye Tushino,SZAO,321200,351500,1338,2.66,7.5,10.0,4,174450.0,-45.7,False
2023-03-01,Zamoskvorechye,CAO,602500,674100,2510,7.58,7.5,10.0,5,381900.0,-36.6,False
2023-03-01,Zapadnoye Degunino,SAO,262500,292800,1094,1.85,7.5,10.0,2,165550.0,-36.9,False
2023-03-01,Zelenograd,ZelAO,175700,201300,732,1.33,7.5,10.0,2,76650.0,-56.4,True
2023-03-01,Zyablikovo,YuAO,247100,288500,1030,2.07,7.5,10.0,11,138555.0,-43.9,False
2023-03-01,Zyuzino,YuZAO,359900,398900,1500,2.67,7.5,10.0,4,205075.0,-43.0,False
2023-04-01,Aeroport,SAO,350800,397900,1462,6.19,7.5,10.0,6,264250.0,-24.7,False
2023-04-01,Akademichesky,YuZAO,410000,448800,1708,-1.46,7.5,10.0,4,229675.0,-44.0,False
2023-04-01,Alekseevsky,SVAO,333800,367600,1391,-0.1,7.5,10.0,7,232843.0,-30.2,False
2023-04-01,Altufyevsky,SVAO,262400,292700,1093,9.51,7.5,10.0,5,149620.0,-43.0,False
2023-04-01,Arbat,CAO,730200,828900,3042,7.3,7.5,10.0,3,508167.0,-30.4,False
2023-04-01,Babushkinsky,SVAO,289300,338700,1205,4.98,7.5,10.0,5,170620.0,-41.0,False
2023-04-01,Basmanny,CAO,563500,584500,2348,6.96,7.5,10.0,1,316500.0,-43.8,False
2023-04-01,Begovoy,SAO,359700,403500,1499,-2.25,7.5,10.0,3,304100.0,-15.5,False
2023-04-01,Beskudnikovsky,SAO,265500,298700,1106,3.23,7.5,10.0,5,159520.0,-39.9,False
2023-04-01,Bibirevo,SVAO,261600,285100,1090,2.81,7.5,10.0,8,176550.0,-32.5,False
2023-04-01,Biryulyovo Vostochnoye,YuAO,228600,254400,952,-5.07,7.5,10.0,7,143957.0,-37.0,False
2023-04-01,Biryulyovo Zapadnoye,YuAO,239800,257800,999,0.68,7.5,10.0,5,142420.0,-40.6,False
2023-04-01,Bogorodskoye,VAO,269800,295400,1124,-2.54,7.5,10.0,5,172400.0,-36.1,False
2023-04-01,Brateyevo,YuAO,249300,265400,1039,2.6,7.5,10.0,4,145225.0,-41.7,False
2023-04-01,Butyrsky,SVAO,320300,350100,1335,1.11,7.5,10.0,4,201050.0,-37.2,False
2023-04-01,Chertanovo Severnoye,YuAO,264800,279100,1103,-2.39,7.5,10.0,2,175350.0,-33.8,False
2023-04-01,Chertanovo Tsentralnoye,YuAO,267700,290000,1115,0.43,7.5,10.0,6,136550.0,-49.0,False
2023-04-01,Chertanovo Yuzhnoye,YuAO,249200,284500,1038,4.62,7.5,10.0,6,182417.0,-26.8,False
2023-04-01,Cheryomushki,YuZAO,373300,431200,1555,-2.64,7.5,10.0,8,269375.0,-27.8,False
2023-04-01,Danilovsky,YuAO,352100,388500,1467,6.5,7.5,10.0,7,274443.0,-22.1,False
2023-04-01,Desyonovskoye,NAO,212100,242400,884,7.99,7.5,10.0,6,93900.0,-55.7,True
2023-04-01,Dmitrovsky,SAO,257900,280700,1075,-0.38,7.5,10.0,4,165825.0,-35.7,False
2023-04-01,Donskoy,YuAO,359700,379300,1499,-2.9,7.5,10.0,5,288240.0,-19.9,False
2023-04-01,Dorogomilovo,ZAO,563600,594500,2348,4.4,7.5,10.0,4,357350.0,-36.6,False
2023-04-01,Fili-Davydkovo,ZAO,405800,447100,1691,1.71,7.5,10.0,6,268283.0,-33.9,False
2023-04-01,Filimonkovskoye,NAO,175600,195900,732,0.95,7.5,10.0,5,103900.0,-40.8,True
2023-04-01,Filyovsky Park,ZAO,449600,508400,1873,10.01,7.5,10.0,7,311743.0,-30.7,False
2023-04-01,Gagarinsky,YuZAO,473200,497200,1972,-1.64,7.5,10.0,3,319867.0,-32.4,False
2023-04-01,Golovinsky,SAO,275400,305700,1147,0.39,7.5,10.0,4,158900.0,-42.3,False
2023-04-01,Golyanovo,VAO,251500,268900,1048,-2.38,7.5,10.0,4,162650.0,-35.3,False
2023-04-01,Ivanovskoye,VAO,252400,270000,1052,-5.19,7.5,10.0,6,145017.0,-42.5,False
2023-04-01,Izmaylovo,VAO,295400,327300,1231,-0.56,7.5,10.0,4,188175.0,-36.3,False
2023-04-01,Khamovniki,CAO,741900,811500,3091,0.0,7.5,10.0,5,509140.0,-31.4,False
2023-04-01,Khoroshyovo-Mnyovniki,SZAO,379900,407100,1583,0.54,7.5,10.0,2,251150.0,-33.9,False
2023-04-01,Khoroshyovsky,SAO,388200,434600,1618,-1.03,7.5,10.0,5,278520.0,-28.3,False
2023-04-01,Khovrino,SAO,258600,287000,1078,-0.83,7.5,10.0,5,145720.0,-43.7,False
2023-04-01,Kievsky,TAO,101100,112400,421,-1.3,7.5,10.0,8,61225.0,-39.4,True
2023-04-01,Klyonovskoye,TAO,101600,109000,423,-2.21,7.5,10.0,6,54300.0,-46.6,True
2023-04-01,Kokoshkino,NAO,163800,178000,682,-1.87,7.5,10.0,3,93833.0,-42.7,True
2023-04-01,Konkovo,YuZAO,343700,395900,1432,-2.75,7.5,10.0,4,203150.0,-40.9,False
2023-04-01,Koptevo,SAO,295900,324500,1233,6.16,7.5,10.0,6,164383.0,-44.4,False
2023-04-01,Kosino-Ukhtomsky,VAO,240200,261600,1001,2.2,7.5,10.0,9,140189.0,-41.6,False
2023-04-01,Kotlovka,YuZAO,375100,415000,1563,-3.27,7.5,10.0,4,325700.0,-13.2,False
2023-04-01,Krasnopakhorskoye,TAO,122100,131600,509,0.2,7.5,10.0,6,59733.0,-51.1,True
2023-04-01,Krasnoselsky,CAO,494500,540200,2060,-0.79,7.5,10.0,6,397267.0,-19.7,False
2023-04-01,Krylatskoye,SZAO,432200,482200,1801,-3.31,7.5,10.0,5,279700.0,-35.3,False
2023-04-01,Kuntsevo,ZAO,378200,433100,1576,1.61,7.5,10.0,4,224225.0,-40.7,False
2023-04-01,Kurkino,SZAO,351000,371700,1463,-2.82,7.5,10.0,4,197475.0,-43.7,False
2023-04-01,Levoberezhny,SAO,282600,327300,1177,0.96,7.5,10.0,2,172450.0,-39.0,False
2023-04-01,Lianozovo,SVAO,264500,296100,1102,3.62,7.5,10.0,4,122225.0,-53.8,False
2023-04-01,Lomonosovsky,YuZAO,454400,515000,1894,3.17,7.5,10.0,5,339800.0,-25.2,False
2023-04-01,Losinoostrovsky,SVAO,263300,289900,1097,-2.54,7.5,10.0,6,153283.0,-41.8,False
2023-04-01,Marfino,SVAO,276200,319400,1151,3.17,7.5,10.0,5,158260.0,-42.7,False
2023-04-01,Marushkinskoye,NAO,156300,171900,651,-4.22,7.5,10.0,8,87838.0,-43.8,True
2023-04-01,Maryina Roshcha,SVAO,324600,357900,1352,-3.3,7.5,10.0,5,221600.0,-31.7,False
2023-04-01,Meshchansky,CAO,521400,577300,2172,-4.42,7.5,10.0,5,407700.0,-21.8,False
2023-04-01,Metrogorodok,VAO,253200,282700,1055,0.95,7.5,10.0,2,128900.0,-49.1,False
2023-04-01,Mikhaylovo-Yartsevskoye,TAO,113700,125900,474,3.41,7.5,10.0,8,55275.0,-51.4,True
2023-04-01,Mitino,SZAO,310000,351500,1292,3.14,7.5,10.0,6,211183.0,-31.9,False
2023-04-01,Molzhaninovsky,SAO,220000,253300,917,5.12,7.5,10.0,4,113475.0,-48.4,False
2023-04-01,Moskovsky,NAO,218000,235700,908,0.14,7.5,10.0,6,110600.0,-49.3,True
2023-04-01,Moskvorechye-Saburovo,YuAO,256800,281500,1070,-5.24,7.5,10.0,5,162140.0,-36.9,False
2023-04-01,Mosrentgen,NAO,218400,256300,910,2.79,7.5,10.0,3,152867.0,-30.0,True
2023-04-01,Mozhaysky,ZAO,339700,385400,1415,-6.81,7.5,10.0,7,215171.0,-36.7,False
2023-04-01,Nagatino-Sadovniki,YuAO,308500,338200,1285,3.16,7.5,10.0,7,203257.0,-34.1,False
2023-04-01,Nagatinsky Zaton,YuAO,321300,358800,1339,1.93,7.5,10.0,8,193150.0,-39.9,False
2023-04-01,Nagorny,YuAO,297600,328600,1240,2.4,7.5,10.0,2,184450.0,-38.0,False
2023-04-01,Novo-Peredelkino,ZAO,293200,328700,1222,1.49,7.5,10.0,8,160188.0,-45.4,False
2023-04-01,Novofyodorovskoye,TAO,106600,114500,444,6.4,7.5,10.0,5,55460.0,-48.0,True
2023-04-01,Novogireyevo,VAO,276600,295900,1152,-3.71,7.5,10.0,5,162420.0,-41.3,False
2023-04-01,Novokosino,VAO,249000,278700,1038,0.13,7.5,10.0,6,147583.0,-40.7,False
2023-04-01,Obruchevsky,YuZAO,388800,438400,1620,4.39,7.5,10.0,8,250063.0,-35.7,False
2023-04-01,Ochakovo-Matveyevskoye,ZAO,344200,387500,1434,-3.99,7.5,10.0,4,194425.0,-43.5,False
2023-04-01,Orekhovo-Borisovo Severnoye,YuAO,243000,273300,1012,1.91,7.5,10.0,7,140800.0,-42.1,False
2023-04-01,Orekhovo-Borisovo Yuzhnoye,YuAO,246800,268700,1028,4.67,7.5,10.0,2,132750.0,-46.2,False
2023-04-01,Ostankinsky,SVAO,337300,378400,1406,2.54,7.5,10.0,2,255050.0,-24.4,False
2023-04-01,Otradnoye,SVAO,279900,297800,1166,7.6,7.5,10.0,5,168640.0,-39.7,False
2023-04-01,Perovo,VAO,270400,298100,1126,-0.49,7.5,10.0,3,252267.0,-6.7,False
2023-04-01,Pervomayskoye,TAO,117200,126800,488,3.33,7.5,10.0,2,72700.0,-38.0,True
2023-04-01,Pokrovskoye-Streshnevo,SZAO,337100,377800,1405,-2.57,7.5,10.0,6,206450.0,-38.8,False
2023-04-01,Preobrazhenskoye,VAO,314600,344300,1311,10.87,7.5,10.0,7,243086.0,-22.7,False
2023-04-01,Presnensky,CAO,667600,779700,2782,-0.91,7.5,10.0,10,519210.0,-22.2,False
2023-04-01,Prospekt Vernadskogo,ZAO,444900,495100,1854,-4.98,7.5,10.0,4,358325.0,-19.5,False
2023-04-01,Ramenki,ZAO,464000,529700,1933,1.65,7.5,10.0,4,317250.0,-31.6,False
2023-04-01,Rogovskoye,TAO,112100,127000,467,7.3,7.5,10.0,8,45325.0,-59.6,True
2023-04-01,Rostokino,SVAO,272200,300500,1134,0.47,7.5,10.0,8,172475.0,-36.6,False
2023-04-01,Ryazanovskoye,NAO,175400,192500,731,0.8,7.5,10.0,7,87957.0,-49.9,True
2023-04-01,Savyolovsky,SAO,345500,369200,1440,-1.19,7.5,10.0,7,257714.0,-25.4,False
2023-04-01,Severnoye Butovo,YuZAO,304500,335400,1269,-2.13,7.5,10.0,3,161100.0,-47.1,False
2023-04-01,Severnoye Izmaylovo,VAO,272200,297900,1134,3.75,7.5,10.0,5,225420.0,-17.2,False
2023-04-01,Severnoye Medvedkovo,SVAO,270100,298000,1125,-0.67,7.5,10.0,6,166833.0,-38.2,False
2023-04-01,Severnoye Tushino,SZAO,307700,337500,1282,-2.06,7.5,10.0,6,182267.0,-40.8,False
2023-04-01,Severny,SVAO,235900,272200,983,3.02,7.5,10.0,8,148200.0,-37.2,False
2023-04-01,Shchapovskoye,TAO,113100,126700,471,8.74,7.5,10.0,5,57880.0,-48.8,True
2023-04-01,Shcherbinka,NAO,203800,216100,849,-0.09,7.5,10.0,6,118750.0,-41.7,True
2023-04-01,Shchukino,SZAO,374700,427000,1561,1.27,7.5,10.0,3,272600.0,-27.2,False
2023-04-01,Sokol,SAO,366800,399900,1528,1.1,7.5,10.0,5,261740.0,-28.6,False
2023-04-01,Sokolinaya Gora,VAO,277700,301400,1157,2.25,7.5,10.0,4,198325.0,-28.6,False
2023-04-01,Sokolniki,VAO,329100,370100,1371,1.66,7.5,10.0,4,281450.0,-14.5,False
2023-04-01,Solntsevo,ZAO,304300,343000,1268,-0.52,7.5,10.0,6,167933.0,-44.8,False
2023-04-01,Sosenskoye,NAO,214800,238500,895,-1.15,7.5,10.0,4,110325.0,-48.6,True
2023-04-01,Strogino,SZAO,392600,434800,1636,3.41,7.5,10.0,5,345720.0,-11.9,False
2023-04-01,Sviblovo,SVAO,278800,293100,1161,4.59,7.5,10.0,5,227000.0,-18.6,False
2023-04-01,Tagansky,CAO,522000,557300,2175,-1.09,7.5,10.0,7,401214.0,-23.1,False
2023-04-01,Timiryazevsky,SAO,322700,369800,1345,2.82,7.5,10.0,11,242473.0,-24.9,False
2023-04-01,Troitsk,TAO,141700,153900,591,1.75,7.5,10.0,9,74689.0,-47.3,True
2023-04-01,Troparyovo-Nikulino,ZAO,415300,450800,1731,0.74,7.5,10.0,4,281200.0,-32.3,False
2023-04-01,Tsaritsyno,YuAO,263200,292900,1097,9.04,7.5,10.0,5,138560.0,-47.4,False
2023-04-01,Tverskoy,CAO,691500,747600,2881,2.07,7.5,10.0,7,523443.0,-24.3,False
2023-04-01,Tyoply Stan,YuZAO,322800,369400,1345,5.21,7.5,10.0,1,164400.0,-49.1,False
2023-04-01,Veshnyaki,VAO,235400,260200,981,-5.55,7.5,10.0,6,132767.0,-43.6,False
2023-04-01,Vnukovo,ZAO,278900,314700,1162,1.63,7.5,10.0,5,152080.0,-45.5,False
2023-04-01,Vnukovskoye,NAO,214600,231000,894,-1.12,7.5,10.0,3,112733.0,-47.5,True
2023-04-01,Voronovskoye,TAO,112000,127100,467,4.09,7.5,10.0,6,68100.0,-39.2,True
2023-04-01,Voskresenskoye,NAO,197100,223700,821,-2.95,7.5,10.0,9,114467.0,-41.9,True
2023-04-01,Vostochnoye Izmaylovo,VAO,264900,283400,1104,-2.72,7.5,10.0,6,178633.0,-32.6,False
2023-04-01,Vostochny,VAO,238500,256900,994,1.86,7.5,10.0,3,114700.0,-51.9,False
2023-04-01,Voykovsky,SAO,304300,326500,1268,3.65,7.5,10.0,5,189960.0,-37.6,False
2023-04-01,Yakimanka,CAO,655000,697800,2729,0.84,7.5,10.0,4,560125.0,-14.5,False
2023-04-01,Yaroslavsky,SVAO,266000,281100,1108,0.35,7.5,10.0,5,152140.0,-42.8,False
2023-04-01,Yasenevo,YuZAO,345300,397100,1439,-1.51,7.5,10.0,3,212333.0,-38.5,False
2023-04-01,Yuzhnoye Butovo,YuZAO,284600,325300,1186,-0.12,7.5,10.0,8,160850.0,-43.5,False
2023-04-01,Yuzhnoye Medvedkovo,SVAO,271400,283700,1131,1.13,7.5,10.0,10,164180.0,-39.5,False
2023-04-01,Yuzhnoye Tushino,SZAO,325300,351800,1355,1.28,7.5,10.0,6,189900.0,-41.6,False
2023-04-01,Zamoskvorechye,CAO,625200,669000,2605,3.77,7.5,10.0,5,439280.0,-29.7,False
2023-04-01,Zapadnoye Degunino,SAO,254600,277100,1061,-3.0,7.5,10.0,3,147333.0,-42.1,False
2023-04-01,Zelenograd,ZelAO,181600,208300,757,3.36,7.5,10.0,7,95014.0,-47.7,True
2023-04-01,Zyablikovo,YuAO,235100,270200,980,-4.84,7.5,10.0,5,141520.0,-39.8,False
2023-04-01,Zyuzino,YuZAO,362300,391600,1509,0.65,7.5,10.0,6,220083.0,-39.3,False
2023-05-01,Aeroport,SAO,352500,379400,1469,0.48,7.5,10.0,5,227920.0,-35.3,False
2023-05-01,Akademichesky,YuZAO,412400,450800,1718,0.6,7.5,10.0,7,282429.0,-31.5,False
2023-05-01,Alekseevsky,SVAO,331500,373200,1381,-0.68,7.5,10.0,5,248800.0,-24.9,False
2023-05-01,Altufyevsky,SVAO,269300,303100,1122,2.63,7.5,10.0,5,125500.0,-53.4,False
2023-05-01,Arbat,CAO,727700,829900,3032,-0.34,7.5,10.0,2,647850.0,-11.0,False
2023-05-01,Babushkinsky,SVAO,284500,312300,1185,-1.68,7.5,10.0,6,173500.0,-39.0,False
2023-05-01,Basmanny,CAO,556900,617200,2321,-1.16,7.5,10.0,4,423975.0,-23.9,False
2023-05-01,Begovoy,SAO,378600,417600,1577,5.24,7.5,10.0,6,336017.0,-11.2,False
2023-05-01,Beskudnikovsky,SAO,261800,301400,1091,-1.39,7.5,10.0,4,175700.0,-32.9,False
2023-05-01,Bibirevo,SVAO,265600,293100,1107,1.53,7.5,10.0,10,164220.0,-38.2,False
2023-05-01,Biryulyovo Vostochnoye,YuAO,234600,254500,977,2.61,7.5,10.0,5,126580.0,-46.0,False
2023-05-01,Biryulyovo Zapadnoye,YuAO,236900,254400,987,-1.2,7.5,10.0,5,134780.0,-43.1,False
2023-05-01,Bogorodskoye,VAO,278300,314200,1160,3.15,7.5,10.0,3,250200.0,-10.1,False
2023-05-01,Brateyevo,YuAO,239400,264100,998,-3.97,7.5,10.0,2,138100.0,-42.3,False
2023-05-01,Butyrsky,SVAO,326600,360200,1361,1.95,7.5,10.0,3,269100.0,-17.6,False
2023-05-01,Chertanovo Severnoye,YuAO,264100,279000,1101,-0.27,7.5,10.0,5,216800.0,-17.9,False
2023-05-01,Chertanovo Tsentralnoye,YuAO,250200,273200,1043,-6.53,7.5,10.0,5,155480.0,-37.9,False
2023-05-01,Chertanovo Yuzhnoye,YuAO,243300,273400,1014,-2.37,7.5,10.0,8,223425.0,-8.2,False
2023-05-01,Cheryomushki,YuZAO,377100,402200,1571,1.01,7.5,10.0,3,272333.0,-27.8,False
2023-05-01,Danilovsky,YuAO,340000,392800,1417,-3.44,7.5,10.0,6,304300.0,-10.5,False
2023-05-01,Desyonovskoye,NAO,195700,213600,815,-7.74,7.5,10.0,9,110022.0,-43.8,True
2023-05-01,Dmitrovsky,SAO,255100,270500,1063,-1.11,7.5,10.0,4,136475.0,-46.5,False
2023-05-01,Donskoy,YuAO,361300,397800,1505,0.44,7.5,10.0,6,295617.0,-18.2,False
2023-05-01,Dorogomilovo,ZAO,534600,607300,2227,-5.15,7.5,10.0,0,,,False
2023-05-01,Fili-Davydkovo,ZAO,421600,446200,1757,3.9,7.5,10.0,4,259325.0,-38.5,False
2023-05-01,Filimonkovskoye,NAO,182500,201700,761,3.98,7.5,10.0,7,104300.0,-42.8,True
2023-05-01,Filyovsky Park,ZAO,433600,485400,1807,-3.57,7.5,10.0,14,280536.0,-35.3,False
2023-05-01,Gagarinsky,YuZAO,471600,523700,1965,-0.33,7.5,10.0,8,313225.0,-33.6,False
2023-05-01,Golovinsky,SAO,277400,312700,1156,0.76,7.5,10.0,2,244000.0,-12.0,False
2023-05-01,Golyanovo,VAO,252900,270700,1054,0.59,7.5,10.0,9,196511.0,-22.3,False
2023-05-01,Ivanovskoye,VAO,259500,286000,1081,2.82,7.5,10.0,7,191343.0,-26.3,False
2023-05-01,Izmaylovo,VAO,308900,344600,1287,4.58,7.5,10.0,3,221500.0,-28.3,False
2023-05-01,Khamovniki,CAO,737100,802600,3071,-0.66,7.5,10.0,4,518275.0,-29.7,False
2023-05-01,Khoroshyovo-Mnyovniki,SZAO,371600,398300,1548,-2.19,7.5,10.0,8,280313.0,-24.6,False
2023-05-01,Khoroshyovsky,SAO,375100,426900,1563,-3.4,7.5,10.0,4,308550.0,-17.7,False
2023-05-01,Khovrino,SAO,263600,295600,1098,1.93,7.5,10.0,3,135067.0,-48.8,False
2023-05-01,Kievsky,TAO,110200,119400,459,8.98,7.5,10.0,6,65017.0,-41.0,True
2023-05-01,Klyonovskoye,TAO,109700,117100,457,8.01,7.5,10.0,4,58475.0,-46.7,True
2023-05-01,Kokoshkino,NAO,169600,187700,707,3.52,7.5,10.0,8,90250.0,-46.8,True
2023-05-01,Konkovo,YuZAO,344900,387500,1437,0.37,7.5,10.0,4,215200.0,-37.6,False
2023-05-01,Koptevo,SAO,291300,320100,1214,-1.56,7.5,10.0,8,185913.0,-36.2,False
2023-05-01,Kosino-Ukhtomsky,VAO,246200,269400,1026,2.51,7.5,10.0,5,140760.0,-42.8,False
2023-05-01,Kotlovka,YuZAO,365000,423000,1521,-2.7,7.5,10.0,5,250140.0,-31.5,False
2023-05-01,Krasnopakhorskoye,TAO,125000,141900,521,2.41,7.5,10.0,10,65250.0,-47.8,True
2023-05-01,Krasnoselsky,CAO,525900,595300,2191,6.36,7.5,10.0,4,451075.0,-14.2,False
2023-05-01,Krylatskoye,SZAO,447600,482800,1865,3.55,7.5,10.0,6,289550.0,-35.3,False
2023-05-01,Kuntsevo,ZAO,377300,415600,1572,-0.23,7.5,10.0,6,241583.0,-36.0,False
2023-05-01,Kurkino,SZAO,358800,396700,1495,2.22,7.5,10.0,3,250700.0,-30.1,False
2023-05-01,Levoberezhny,SAO,291400,321900,1214,3.13,7.5,10.0,7,205400.0,-29.5,False
2023-05-01,Lianozovo,SVAO,255500,289200,1065,-3.41,7.5,10.0,7,147629.0,-42.2,False
2023-05-01,Lomonosovsky,YuZAO,480000,518100,2000,5.62,7.5,10.0,6,345017.0,-28.1,False
2023-05-01,Losinoostrovsky,SVAO,283200,299200,1180,7.57,7.5,10.0,3,165467.0,-41.6,False
2023-05-01,Marfino,SVAO,280800,320700,1170,1.63,7.5,10.0,4,187025.0,-33.4,False
2023-05-01,Marushkinskoye,NAO,162900,186200,679,4.24,7.5,10.0,8,86113.0,-47.1,True
2023-05-01,Maryina Roshcha,SVAO,332800,367400,1386,2.52,7.5,10.0,3,227567.0,-31.6,False
2023-05-01,Meshchansky,CAO,534700,612800,2228,2.55,7.5,10.0,7,398814.0,-25.4,False
2023-05-01,Metrogorodok,VAO,261700,291100,1090,3.38,7.5,10.0,4,155075.0,-40.7,False
2023-05-01,Mikhaylovo-Yartsevskoye,TAO,109700,122700,457,-3.55,7.5,10.0,8,56150.0,-48.8,True
2023-05-01,Mitino,SZAO,309300,339700,1289,-0.24,7.5,10.0,2,221850.0,-28.3,False
2023-05-01,Molzhaninovsky,SAO,222800,237600,928,1.28,7.5,10.0,7,134457.0,-39.7,False
2023-05-01,Moskovsky,NAO,210300,226900,876,-3.54,7.5,10.0,7,126986.0,-39.6,True
2023-05-01,Moskvorechye-Saburovo,YuAO,277900,304700,1158,8.23,7.5,10.0,6,161650.0,-41.8,False
2023-05-01,Mosrentgen,NAO,207300,225300,864,-5.08,7.5,10.0,5,160960.0,-22.4,True
2023-05-01,Mozhaysky,ZAO,350300,384000,1459,3.12,7.5,10.0,8,197150.0,-43.7,False
2023-05-01,Nagatino-Sadovniki,YuAO,297800,330200,1241,-3.47,7.5,10.0,5,208220.0,-30.1,False
2023-05-01,Nagatinsky Zaton,YuAO,327500,359300,1365,1.94,7.5,10.0,3,227533.0,-30.5,False
2023-05-01,Nagorny,YuAO,298000,324400,1241,0.11,7.5,10.0,12,220725.0,-25.9,False
2023-05-01,Novo-Peredelkino,ZAO,291400,335000,1214,-0.63,7.5,10.0,4,176925.0,-39.3,False
2023-05-01,Novofyodorovskoye,TAO,104000,108800,433,-2.4,7.5,10.0,7,55829.0,-46.3,True
2023-05-01,Novogireyevo,VAO,276800,301700,1153,0.07,7.5,10.0,6,238750.0,-13.7,False
2023-05-01,Novokosino,VAO,265700,288600,1107,6.71,7.5,10.0,3,179000.0,-32.6,False
2023-05-01,Obruchevsky,YuZAO,388500,418600,1619,-0.07,7.5,10.0,5,284360.0,-26.8,False
2023-05-01,Ochakovo-Matveyevskoye,ZAO,354500,396500,1477,2.98,7.5,10.0,7,233843.0,-34.0,False
2023-05-01,Orekhovo-Borisovo Severnoye,YuAO,249800,286000,1041,2.82,7.5,10.0,3,168233.0,-32.7,False
2023-05-01,Orekhovo-Borisovo Yuzhnoye,YuAO,247000,275800,1029,0.08,7.5,10.0,4,134075.0,-45.7,False
2023-05-01,Ostankinsky,SVAO,340000,360000,1417,0.8,7.5,10.0,1,228300.0,-32.9,False
2023-05-01,Otradnoye,SVAO,300000,332800,1250,7.18,7.5,10.0,6,160300.0,-46.6,False
2023-05-01,Perovo,VAO,271500,293000,1131,0.41,7.5,10.0,2,258750.0,-4.7,False
2023-05-01,Pervomayskoye,TAO,119000,130200,496,1.53,7.5,10.0,3,60633.0,-49.0,True
2023-05-01,Pokrovskoye-Streshnevo,SZAO,349100,401600,1455,3.56,7.5,10.0,3,204167.0,-41.5,False
2023-05-01,Preobrazhenskoye,VAO,296600,333600,1236,-5.72,7.5,10.0,7,231186.0,-22.1,False
2023-05-01,Presnensky,CAO,653800,708500,2724,-2.07,7.5,10.0,9,532989.0,-18.5,False
2023-05-01,Prospekt Vernadskogo,ZAO,459500,503700,1914,3.28,7.5,10.0,7,286729.0,-37.6,False
2023-05-01,Ramenki,ZAO,470700,492700,1961,1.44,7.5,10.0,5,307380.0,-34.7,False
2023-05-01,Rogovskoye,TAO,105800,116000,441,-5.6,7.5,10.0,5,67700.0,-36.0,True
2023-05-01,Rostokino,SVAO,279100,309100,1163,2.52,7.5,10.0,7,191129.0,-31.5,False
2023-05-01,Ryazanovskoye,NAO,172000,180700,717,-1.92,7.5,10.0,8,91950.0,-46.5,True
2023-05-01,Savyolovsky,SAO,371500,397200,1548,7.53,7.5,10.0,7,252514.0,-32.0,False
2023-05-01,Severnoye Butovo,YuZAO,318500,364600,1327,4.6,7.5,10.0,3,170700.0,-46.4,False
2023-05-01,Severnoye Izmaylovo,VAO,278800,297600,1162,2.44,7.5,10.0,3,199367.0,-28.5,False
2023-05-01,Severnoye Medvedkovo,SVAO,282200,313400,1176,4.48,7.5,10.0,5,138820.0,-50.8,False
2023-05-01,Severnoye Tushino,SZAO,309900,349100,1291,0.72,7.5,10.0,4,196800.0,-36.5,False
2023-05-01,Severny,SVAO,228300,248500,951,-3.24,7.5,10.0,6,127650.0,-44.1,False
2023-05-01,Shchapovskoye,TAO,111400,117200,464,-1.51,7.5,10.0,5,59100.0,-46.9,True
2023-05-01,Shcherbinka,NAO,200000,216100,833,-1.84,7.5,10.0,5,102780.0,-48.6,True
2023-05-01,Shchukino,SZAO,376000,416800,1567,0.36,7.5,10.0,8,265300.0,-29.4,False
2023-05-01,Sokol,SAO,380900,432600,1587,3.85,7.5,10.0,5,290640.0,-23.7,False
2023-05-01,Sokolinaya Gora,VAO,283100,315700,1180,1.96,7.5,10.0,6,191350.0,-32.4,False
2023-05-01,Sokolniki,VAO,331900,371600,1383,0.86,7.5,10.0,8,248575.0,-25.1,False
2023-05-01,Solntsevo,ZAO,313600,352400,1306,3.04,7.5,10.0,6,154867.0,-50.6,False
2023-05-01,Sosenskoye,NAO,219800,247700,916,2.36,7.5,10.0,5,107620.0,-51.0,True
2023-05-01,Strogino,SZAO,410800,447500,1712,4.65,7.5,10.0,6,347583.0,-15.4,False
2023-05-01,Sviblovo,SVAO,278400,302200,1160,-0.14,7.5,10.0,7,201014.0,-27.8,False
2023-05-01,Tagansky,CAO,523300,595000,2180,0.24,7.5,10.0,3,368033.0,-29.7,False
2023-05-01,Timiryazevsky,SAO,318800,354100,1328,-1.23,7.5,10.0,2,274650.0,-13.8,False
2023-05-01,Troitsk,TAO,148400,162500,618,4.71,7.5,10.0,3,91733.0,-38.2,True
2023-05-01,Troparyovo-Nikulino,ZAO,416100,438800,1734,0.18,7.5,10.0,9,288022.0,-30.8,False
2023-05-01,Tsaritsyno,YuAO,256600,279500,1069,-2.51,7.5,10.0,5,166340.0,-35.2,False
2023-05-01,Tverskoy,CAO,691400,754900,2881,-0.02,7.5,10.0,8,609938.0,-11.8,False
2023-05-01,Tyoply Stan,YuZAO,315500,348900,1315,-2.27,7.5,10.0,6,206317.0,-34.6,False
2023-05-01,Veshnyaki,VAO,244800,265000,1020,3.98,7.5,10.0,4,138850.0,-43.3,False
2023-05-01,Vnukovo,ZAO,279100,302400,1163,0.08,7.5,10.0,6,156400.0,-44.0,False
2023-05-01,Vnukovskoye,NAO,220400,254700,918,2.67,7.5,10.0,7,122300.0,-44.5,True
2023-05-01,Voronovskoye,TAO,116300,128700,485,3.89,7.5,10.0,4,63475.0,-45.4,True
2023-05-01,Voskresenskoye,NAO,204800,228100,853,3.91,7.5,10.0,8,104038.0,-49.2,True
2023-05-01,Vostochnoye Izmaylovo,VAO,286900,317800,1196,8.3,7.5,10.0,6,150167.0,-47.7,False
2023-05-01,Vostochny,VAO,233400,253400,972,-2.17,7.5,10.0,5,144540.0,-38.1,False
2023-05-01,Voykovsky,SAO,313200,358300,1305,2.93,7.5,10.0,6,270650.0,-13.6,False
2023-05-01,Yakimanka,CAO,674100,737800,2809,2.91,7.5,10.0,4,459025.0,-31.9,False
2023-05-01,Yaroslavsky,SVAO,265300,295600,1105,-0.26,7.5,10.0,5,137400.0,-48.2,False
2023-05-01,Yasenevo,YuZAO,353800,388600,1474,2.46,7.5,10.0,6,241783.0,-31.7,False
2023-05-01,Yuzhnoye Butovo,YuZAO,285900,310200,1191,0.46,7.5,10.0,7,140071.0,-51.0,False
2023-05-01,Yuzhnoye Medvedkovo,SVAO,278600,301900,1161,2.67,7.5,10.0,4,154325.0,-44.6,False
2023-05-01,Yuzhnoye Tushino,SZAO,310500,345800,1294,-4.55,7.5,10.0,3,150167.0,-51.6,False
2023-05-01,Zamoskvorechye,CAO,618800,690400,2578,-1.03,7.5,10.0,7,513543.0,-17.0,False
2023-05-01,Zapadnoye Degunino,SAO,264900,289700,1104,4.05,7.5,10.0,4,160350.0,-39.5,False
2023-05-01,Zelenograd,ZelAO,182600,198800,761,0.53,7.5,10.0,6,94350.0,-48.3,True
2023-05-01,Zyablikovo,YuAO,238200,259900,992,1.29,7.5,10.0,8,124238.0,-47.8,False
2023-05-01,Zyuzino,YuZAO,373700,420800,1557,3.16,7.5,10.0,3,243500.0,-34.8,False
2023-06-01,Aeroport,SAO,343200,359700,1430,-2.64,7.5,10.0,6,250400.0,-27.0,False
2023-06-01,Akademichesky,YuZAO,420300,458100,1751,1.9,7.5,10.0,6,258250.0,-38.6,False
2023-06-01,Alekseevsky,SVAO,338600,373900,1411,2.13,7.5,10.0,4,221325.0,-34.6,False
2023-06-01,Altufyevsky,SVAO,252900,281100,1054,-6.1,7.5,10.0,3,158400.0,-37.4,False
2023-06-01,Arbat,CAO,750100,808400,3125,3.07,7.5,10.0,5,564960.0,-24.7,False
2023-06-01,Babushkinsky,SVAO,291500,317100,1215,2.5,7.5,10.0,4,176175.0,-39.6,False
2023-06-01,Basmanny,CAO,557900,603300,2324,0.17,7.5,10.0,3,398700.0,-28.5,False
2023-06-01,Begovoy,SAO,363900,398000,1516,-3.87,7.5,10.0,5,313140.0,-13.9,False
2023-06-01,Beskudnikovsky,SAO,269400,298700,1122,2.92,7.5,10.0,4,156425.0,-41.9,False
2023-06-01,Bibirevo,SVAO,265900,287000,1108,0.11,7.5,10.0,5,147160.0,-44.7,False
2023-06-01,Biryulyovo Vostochnoye,YuAO,236800,251300,987,0.97,7.5,10.0,7,134486.0,-43.2,False
2023-06-01,Biryulyovo Zapadnoye,YuAO,247600,271000,1032,4.52,7.5,10.0,1,161800.0,-34.7,False
2023-06-01,Bogorodskoye,VAO,285800,304500,1191,2.7,7.5,10.0,4,215925.0,-24.4,False
2023-06-01,Brateyevo,YuAO,246400,267200,1027,2.93,7.5,10.0,5,128700.0,-47.8,False
2023-06-01,Butyrsky,SVAO,321200,349100,1338,-1.65,7.5,10.0,5,243200.0,-24.3,False
2023-06-01,Chertanovo Severnoye,YuAO,278100,311400,1159,5.28,7.5,10.0,6,202783.0,-27.1,False
2023-06-01,Chertanovo Tsentralnoye,YuAO,258000,286300,1075,3.1,7.5,10.0,5,152400.0,-40.9,False
2023-06-01,Chertanovo Yuzhnoye,YuAO,244900,271200,1020,0.66,7.5,10.0,8,174713.0,-28.7,False
2023-06-01,Cheryomushki,YuZAO,372800,399200,1553,-1.12,7.5,10.0,4,360150.0,-3.4,False
2023-06-01,Danilovsky,YuAO,346400,376800,1443,1.88,7.5,10.0,6,231483.0,-33.2,False
2023-06-01,Desyonovskoye,NAO,208800,234400,870,6.68,7.5,10.0,5,100280.0,-52.0,True
2023-06-01,Dmitrovsky,SAO,259000,268700,1079,1.53,7.5,10.0,2,155250.0,-40.1,False
2023-06-01,Donskoy,YuAO,352300,397900,1468,-2.47,7.5,10.0,7,235357.0,-33.2,False
2023-06-01,Dorogomilovo,ZAO,552000,621900,2300,3.26,7.5,10.0,7,383029.0,-30.6,False
2023-06-01,Fili-Davydkovo,ZAO,425900,483000,1774,1.01,7.5,10.0,3,305300.0,-28.3,False
2023-06-01,Filimonkovskoye,NAO,176500,198500,736,-3.29,7.5,10.0,4,109850.0,-37.8,True
2023-06-01,Filyovsky Park,ZAO,431400,478100,1798,-0.5,7.5,10.0,5,341420.0,-20.9,False
2023-06-01,Gagarinsky,YuZAO,468200,523900,1951,-0.72,7.5,10.0,6,275633.0,-41.1,False
2023-06-01,Golovinsky,SAO,289800,321200,1208,4.47,7.5,10.0,3,169967.0,-41.4,False
2023-06-01,Golyanovo,VAO,258500,293400,1077,2.21,7.5,10.0,6,165017.0,-36.2,False
2023-06-01,Ivanovskoye,VAO,259300,288500,1080,-0.08,7.5,10.0,3,169667.0,-34.6,False
2023-06-01,Izmaylovo,VAO,298000,332000,1242,-3.56,7.5,10.0,6,194200.0,-34.8,False
2023-06-01,Khamovniki,CAO,741500,808100,3090,0.6,7.5,10.0,6,618250.0,-16.6,False
2023-06-01,Khoroshyovo-Mnyovniki,SZAO,381300,426200,1589,2.62,7.5,10.0,7,224843.0,-41.0,False
2023-06-01,Khoroshyovsky,SAO,406700,448100,1694,8.43,7.5,10.0,9,308278.0,-24.2,False
2023-06-01,Khovrino,SAO,274000,297700,1142,3.94,7.5,10.0,4,150775.0,-45.0,False
2023-06-01,Kievsky,TAO,101700,110900,424,-7.67,7.5,10.0,11,56764.0,-44.2,True
2023-06-01,Klyonovskoye,TAO,105600,121300,440,-3.69,7.5,10.0,7,61214.0,-42.0,True
2023-06-01,Kokoshkino,NAO,170800,183600,712,0.74,7.5,10.0,7,87086.0,-49.0,True
2023-06-01,Konkovo,YuZAO,349600,385800,1456,1.34,7.5,10.0,5,250880.0,-28.2,False
2023-06-01,Koptevo,SAO,289400,313200,1206,-0.65,7.5,10.0,5,157960.0,-45.4,False
2023-06-01,Kosino-Ukhtomsky,VAO,243800,274800,1016,-0.99,7.5,10.0,6,139450.0,-42.8,False
2023-06-01,Kotlovka,YuZAO,380300,421800,1585,4.19,7.5,10.0,2,220300.0,-42.1,False
2023-06-01,Krasnopakhorskoye,TAO,123600,136500,515,-1.09,7.5,10.0,6,62850.0,-49.2,True
2023-06-01,Krasnoselsky,CAO,513500,575000,2140,-2.35,7.5,10.0,4,428550.0,-16.5,False
2023-06-01,Krylatskoye,SZAO,423900,453400,1766,-5.29,7.5,10.0,5,297520.0,-29.8,False
2023-06-01,Kuntsevo,ZAO,396700,467100,1653,5.14,7.5,10.0,7,219543.0,-44.7,False
2023-06-01,Kurkino,SZAO,383400,422600,1597,6.84,7.5,10.0,4,212450.0,-44.6,False
2023-06-01,Levoberezhny,SAO,278500,308200,1160,-4.44,7.5,10.0,6,181800.0,-34.7,False
2023-06-01,Lianozovo,SVAO,254100,289200,1059,-0.53,7.5,10.0,5,136980.0,-46.1,False
2023-06-01,Lomonosovsky,YuZAO,469400,503100,1956,-2.2,7.5,10.0,6,309617.0,-34.0,False
2023-06-01,Losinoostrovsky,SVAO,282100,313300,1176,-0.39,7.5,10.0,8,151938.0,-46.1,False
2023-06-01,Marfino,SVAO,278600,310400,1161,-0.77,7.5,10.0,5,184420.0,-33.8,False
2023-06-01,Marushkinskoye,NAO,161900,183900,674,-0.63,7.5,10.0,6,92667.0,-42.8,True
2023-06-01,Maryina Roshcha,SVAO,323200,353200,1347,-2.87,7.5,10.0,5,266940.0,-17.4,False
2023-06-01,Meshchansky,CAO,536100,582700,2234,0.26,7.5,10.0,1,350800.0,-34.6,False
2023-06-01,Metrogorodok,VAO,249500,264100,1040,-4.67,7.5,10.0,2,155000.0,-37.9,False
2023-06-01,Mikhaylovo-Yartsevskoye,TAO,116300,132400,485,6.08,7.5,10.0,6,54200.0,-53.4,True
2023-06-01,Mitino,SZAO,303000,335400,1263,-2.02,7.5,10.0,3,204733.0,-32.4,False
2023-06-01,Molzhaninovsky,SAO,224300,250100,935,0.66,7.5,10.0,3,123267.0,-45.0,False
2023-06-01,Moskovsky,NAO,212700,250900,886,1.18,7.5,10.0,4,120175.0,-43.5,True
2023-06-01,Moskvorechye-Saburovo,YuAO,277300,289700,1155,-0.23,7.5,10.0,6,185017.0,-33.3,False
2023-06-01,Mosrentgen,NAO,227900,244000,950,9.92,7.5,10.0,8,155375.0,-31.8,True
2023-06-01,Mozhaysky,ZAO,359000,383500,1496,2.51,7.5,10.0,8,226675.0,-36.9,False
2023-06-01,Nagatino-Sadovniki,YuAO,310100,336700,1292,4.13,7.5,10.0,6,200950.0,-35.2,False
2023-06-01,Nagatinsky Zaton,YuAO,314300,349000,1309,-4.04,7.5,10.0,7,210543.0,-33.0,False
2023-06-01,Nagorny,YuAO,299900,345300,1250,0.66,7.5,10.0,5,243220.0,-18.9,False
2023-06-01,Novo-Peredelkino,ZAO,299700,314200,1249,2.87,7.5,10.0,4,162200.0,-45.9,False
2023-06-01,Novofyodorovskoye,TAO,107600,120000,448,3.4,7.5,10.0,2,57950.0,-46.1,True
2023-06-01,Novogireyevo,VAO,278000,293200,1158,0.43,7.5,10.0,1,291500.0,4.9,False
2023-06-01,Novokosino,VAO,271300,287500,1130,2.09,7.5,10.0,7,150257.0,-44.6,False
2023-06-01,Obruchevsky,YuZAO,368400,426200,1535,-5.17,7.5,10.0,7,244400.0,-33.7,False
2023-06-01,Ochakovo-Matveyevskoye,ZAO,352300,391600,1468,-0.61,7.5,10.0,5,234620.0,-33.4,False
2023-06-01,Orekhovo-Borisovo Severnoye,YuAO,245600,277300,1023,-1.7,7.5,10.0,4,161350.0,-34.3,False
2023-06-01,Orekhovo-Borisovo Yuzhnoye,YuAO,247400,284000,1031,0.17,7.5,10.0,6,165233.0,-33.2,False
2023-06-01,Ostankinsky,SVAO,345600,378900,1440,1.64,7.5,10.0,2,222750.0,-35.5,False
2023-06-01,Otradnoye,SVAO,280900,306400,1171,-6.36,7.5,10.0,8,175188.0,-37.6,False
2023-06-01,Perovo,VAO,277100,305700,1155,2.07,7.5,10.0,1,232400.0,-16.1,False
2023-06-01,Pervomayskoye,TAO,118800,129600,495,-0.17,7.5,10.0,6,62233.0,-47.6,True
2023-06-01,Pokrovskoye-Streshnevo,SZAO,356200,382400,1484,2.02,7.5,10.0,7,195086.0,-45.2,False
2023-06-01,Preobrazhenskoye,VAO,307600,316800,1281,3.68,7.5,10.0,6,252500.0,-17.9,False
2023-06-01,Presnensky,CAO,681300,740100,2839,4.22,7.5,10.0,9,530678.0,-22.1,False
2023-06-01,Prospekt Vernadskogo,ZAO,476500,535800,1985,3.71,7.5,10.0,2,309200.0,-35.1,False
2023-06-01,Ramenki,ZAO,475400,523900,1981,1.01,7.5,10.0,4,339650.0,-28.6,False
2023-06-01,Rogovskoye,TAO,101800,115300,424,-3.84,7.5,10.0,2,59600.0,-41.5,True
2023-06-01,Rostokino,SVAO,292200,327800,1218,4.71,7.5,10.0,5,203380.0,-30.4,False
2023-06-01,Ryazanovskoye,NAO,172600,192300,719,0.36,7.5,10.0,5,86400.0,-49.9,True
2023-06-01,Savyolovsky,SAO,358400,380000,1494,-3.53,7.5,10.0,7,272043.0,-24.1,False
2023-06-01,Severnoye Butovo,YuZAO,322600,364700,1344,1.28,7.5,10.0,4,205475.0,-36.3,False
2023-06-01,Severnoye Izmaylovo,VAO,290900,321300,1212,4.32,7.5,10.0,5,226260.0,-22.2,False
2023-06-01,Severnoye Medvedkovo,SVAO,274300,299400,1143,-2.79,7.5,10.0,5,189120.0,-31.1,False
2023-06-01,Severnoye Tushino,SZAO,313600,350500,1306,1.17,7.5,10.0,1,238500.0,-23.9,False
2023-06-01,Severny,SVAO,237400,257400,989,4.0,7.5,10.0,4,119350.0,-49.7,False
2023-06-01,Shchapovskoye,TAO,116800,127800,487,4.88,7.5,10.0,5,59660.0,-48.9,True
2023-06-01,Shcherbinka,NAO,205200,232700,855,2.58,7.5,10.0,4,108350.0,-47.2,True
2023-06-01,Shchukino,SZAO,380500,419100,1585,1.18,7.5,10.0,5,294780.0,-22.5,False
2023-06-01,Sokol,SAO,381500,429300,1590,0.15,7.5,10.0,7,277171.0,-27.3,False
2023-06-01,Sokolinaya Gora,VAO,277200,306000,1155,-2.08,7.5,10.0,3,226033.0,-18.5,False
2023-06-01,Sokolniki,VAO,322400,358600,1343,-2.87,7.5,10.0,8,213913.0,-33.6,False
2023-06-01,Solntsevo,ZAO,312400,347500,1301,-0.38,7.5,10.0,6,170733.0,-45.3,False
2023-06-01,Sosenskoye,NAO,216700,244200,903,-1.41,7.5,10.0,3,123933.0,-42.8,True
2023-06-01,Strogino,SZAO,398500,435300,1660,-3.01,7.5,10.0,3,357500.0,-10.3,False
2023-06-01,Sviblovo,SVAO,281500,299300,1173,1.14,7.5,10.0,9,202967.0,-27.9,False
2023-06-01,Tagansky,CAO,524100,572900,2184,0.15,7.5,10.0,3,341033.0,-34.9,False
2023-06-01,Timiryazevsky,SAO,330300,361300,1376,3.61,7.5,10.0,6,225250.0,-31.8,False
2023-06-01,Troitsk,TAO,150200,162300,626,1.22,7.5,10.0,6,85800.0,-42.9,True
2023-06-01,Troparyovo-Nikulino,ZAO,409100,450500,1705,-1.67,7.5,10.0,8,312138.0,-23.7,False
2023-06-01,Tsaritsyno,YuAO,271000,306400,1129,5.58,7.5,10.0,3,184100.0,-32.1,False
2023-06-01,Tverskoy,CAO,689000,751400,2871,-0.33,7.5,10.0,6,536417.0,-22.1,False
2023-06-01,Tyoply Stan,YuZAO,328400,354400,1368,4.08,7.5,10.0,8,208938.0,-36.4,False
2023-06-01,Veshnyaki,VAO,254300,289900,1060,3.89,7.5,10.0,2,150950.0,-40.6,False
2023-06-01,Vnukovo,ZAO,280000,293700,1167,0.31,7.5,10.0,6,124100.0,-55.7,False
2023-06-01,Vnukovskoye,NAO,218700,240200,911,-0.77,7.5,10.0,4,93975.0,-57.0,True
2023-06-01,Voronovskoye,TAO,115000,127100,479,-1.11,7.5,10.0,10,58500.0,-49.1,True
2023-06-01,Voskresenskoye,NAO,213200,239600,888,4.12,7.5,10.0,7,116371.0,-45.4,True
2023-06-01,Vostochnoye Izmaylovo,VAO,272600,312800,1136,-4.99,7.5,10.0,5,182240.0,-33.1,False
2023-06-01,Vostochny,VAO,241600,254800,1007,3.54,7.5,10.0,3,132400.0,-45.2,False
2023-06-01,Voykovsky,SAO,319500,360400,1331,2.02,7.5,10.0,5,200980.0,-37.1,False
2023-06-01,Yakimanka,CAO,667700,792600,2782,-0.95,7.5,10.0,6,530233.0,-20.6,False
2023-06-01,Yaroslavsky,SVAO,264500,290500,1102,-0.29,7.5,10.0,4,182100.0,-31.2,False
2023-06-01,Yasenevo,YuZAO,351300,389100,1464,-0.71,7.5,10.0,6,305667.0,-13.0,False
2023-06-01,Yuzhnoye Butovo,YuZAO,301700,326500,1257,5.51,7.5,10.0,4,152375.0,-49.5,False
2023-06-01,Yuzhnoye Medvedkovo,SVAO,271500,295600,1131,-2.56,7.5,10.0,1,163900.0,-39.6,False
2023-06-01,Yuzhnoye Tushino,SZAO,328300,371900,1368,5.72,7.5,10.0,6,204800.0,-37.6,False
2023-06-01,Zamoskvorechye,CAO,592300,672900,2468,-4.28,7.5,10.0,6,374633.0,-36.7,False
2023-06-01,Zapadnoye Degunino,SAO,269300,291400,1122,1.63,7.5,10.0,5,137440.0,-49.0,False
2023-06-01,Zelenograd,ZelAO,179300,193400,747,-1.77,7.5,10.0,3,100500.0,-43.9,True
2023-06-01,Zyablikovo,YuAO,242900,262100,1012,1.97,7.5,10.0,3,148367.0,-38.9,False
2023-06-01,Zyuzino,YuZAO,347900,382700,1450,-6.9,7.5,10.0,5,270300.0,-22.3,False
2023-07-01,Aeroport,SAO,348900,368800,1454,1.68,13.0,15.5,3,248333.0,-28.8,False
2023-07-01,Akademichesky,YuZAO,428300,483100,1784,1.91,13.0,15.5,7,275500.0,-35.7,False
2023-07-01,Alekseevsky,SVAO,333800,351100,1391,-1.41,13.0,15.5,5,260960.0,-21.8,False
2023-07-01,Altufyevsky,SVAO,260800,282800,1087,3.13,13.0,15.5,7,154214.0,-40.9,False
2023-07-01,Arbat,CAO,730000,786100,3042,-2.68,13.0,15.5,9,540533.0,-26.0,False
2023-07-01,Babushkinsky,SVAO,286500,320300,1194,-1.73,13.0,15.5,6,176817.0,-38.3,False
2023-07-01,Basmanny,CAO,547800,607300,2283,-1.8,13.0,15.5,4,377100.0,-31.2,False
2023-07-01,Begovoy,SAO,367300,433200,1531,0.94,13.0,15.5,8,337475.0,-8.1,False
2023-07-01,Beskudnikovsky,SAO,273200,299200,1138,1.42,13.0,15.5,6,159317.0,-41.7,False
2023-07-01,Bibirevo,SVAO,278000,311700,1158,4.52,13.0,15.5,6,162883.0,-41.4,False
2023-07-01,Biryulyovo Vostochnoye,YuAO,242600,265200,1011,2.42,13.0,15.5,8,139675.0,-42.4,False
2023-07-01,Biryulyovo Zapadnoye,YuAO,249000,280400,1038,0.58,13.0,15.5,4,130100.0,-47.8,False
2023-07-01,Bogorodskoye,VAO,280000,310800,1167,-2.05,13.0,15.5,7,165986.0,-40.7,False
2023-07-01,Brateyevo,YuAO,237700,256800,990,-3.55,13.0,15.5,6,124200.0,-47.7,False
2023-07-01,Butyrsky,SVAO,316000,337200,1317,-1.62,13.0,15.5,3,238200.0,-24.6,False
2023-07-01,Chertanovo Severnoye,YuAO,279500,307200,1165,0.51,13.0,15.5,4,177100.0,-36.6,False
2023-07-01,Chertanovo Tsentralnoye,YuAO,261100,300500,1088,1.21,13.0,15.5,3,192833.0,-26.1,False
2023-07-01,Chertanovo Yuzhnoye,YuAO,247000,260900,1029,0.89,13.0,15.5,4,216350.0,-12.4,False
2023-07-01,Cheryomushki,YuZAO,395200,448500,1647,6.0,13.0,15.5,3,205467.0,-48.0,False
2023-07-01,Danilovsky,YuAO,353800,396500,1474,2.14,13.0,15.5,5,218340.0,-38.3,False
2023-07-01,Desyonovskoye,NAO,203000,220200,846,-2.75,13.0,15.5,7,122043.0,-39.9,True
2023-07-01,Dmitrovsky,SAO,248300,274000,1035,-4.12,13.0,15.5,5,148420.0,-40.2,False
2023-07-01,Donskoy,YuAO,375100,422100,1563,6.45,13.0,15.5,3,264367.0,-29.5,False
2023-07-01,Dorogomilovo,ZAO,561600,617300,2340,1.74,13.0,15.5,8,449613.0,-19.9,False
2023-07-01,Fili-Davydkovo,ZAO,425700,443000,1774,-0.03,13.0,15.5,5,262920.0,-38.2,False
2023-07-01,Filimonkovskoye,NAO,180000,201400,750,1.98,13.0,15.5,5,109680.0,-39.1,True
2023-07-01,Filyovsky Park,ZAO,442000,499900,1842,2.46,13.0,15.5,5,326420.0,-26.1,False
2023-07-01,Gagarinsky,YuZAO,477000,523800,1987,1.87,13.0,15.5,4,323950.0,-32.1,False
2023-07-01,Golovinsky,SAO,289000,314800,1204,-0.3,13.0,15.5,4,189575.0,-34.4,False
2023-07-01,Golyanovo,VAO,254200,284900,1059,-1.69,13.0,15.5,4,156475.0,-38.4,False
2023-07-01,Ivanovskoye,VAO,257000,286700,1071,-0.87,13.0,15.5,6,157817.0,-38.6,False
2023-07-01,Izmaylovo,VAO,300000,334500,1250,0.68,13.0,15.5,2,206850.0,-31.1,False
2023-07-01,Khamovniki,CAO,754500,884100,3144,1.75,13.0,15.5,9,588733.0,-22.0,False
2023-07-01,Khoroshyovo-Mnyovniki,SZAO,375600,415500,1565,-1.48,13.0,15.5,2,265150.0,-29.4,False
2023-07-01,Khoroshyovsky,SAO,400600,446500,1669,-1.5,13.0,15.5,1,316100.0,-21.1,False
2023-07-01,Khovrino,SAO,266600,300200,1111,-2.71,13.0,15.5,4,157175.0,-41.0,False
2023-07-01,Kievsky,TAO,102300,113100,426,0.54,13.0,15.5,2,54200.0,-47.0,True
2023-07-01,Klyonovskoye,TAO,111100,126000,463,5.19,13.0,15.5,7,57714.0,-48.1,True
2023-07-01,Kokoshkino,NAO,173900,184400,725,1.81,13.0,15.5,3,86867.0,-50.0,True
2023-07-01,Konkovo,YuZAO,347900,389200,1450,-0.46,13.0,15.5,4,168425.0,-51.6,False
2023-07-01,Koptevo,SAO,297500,329500,1240,2.79,13.0,15.5,6,184267.0,-38.1,False
2023-07-01,Kosino-Ukhtomsky,VAO,236200,261800,984,-3.12,13.0,15.5,7,164843.0,-30.2,False
2023-07-01,Kotlovka,YuZAO,381000,420800,1588,0.19,13.0,15.5,5,264380.0,-30.6,False
2023-07-01,Krasnopakhorskoye,TAO,125400,138300,522,1.38,13.0,15.5,10,68760.0,-45.2,True
2023-07-01,Krasnoselsky,CAO,519400,584000,2164,1.14,13.0,15.5,2,392650.0,-24.4,False
2023-07-01,Krylatskoye,SZAO,437000,482100,1821,3.1,13.0,15.5,5,254000.0,-41.9,False
2023-07-01,Kuntsevo,ZAO,396300,440700,1651,-0.11,13.0,15.5,3,261167.0,-34.1,False
2023-07-01,Kurkino,SZAO,373800,409800,1557,-2.51,13.0,15.5,8,189700.0,-49.3,False
2023-07-01,Levoberezhny,SAO,282800,304100,1178,1.54,13.0,15.5,7,175300.0,-38.0,False
2023-07-01,Lianozovo,SVAO,251900,276100,1050,-0.88,13.0,15.5,2,183800.0,-27.0,False
2023-07-01,Lomonosovsky,YuZAO,481500,518300,2006,2.57,13.0,15.5,8,336113.0,-30.2,False
2023-07-01,Losinoostrovsky,SVAO,259900,290000,1083,-7.87,13.0,15.5,3,162700.0,-37.4,False
2023-07-01,Marfino,SVAO,281100,311900,1171,0.91,13.0,15.5,4,161925.0,-42.4,False
2023-07-01,Marushkinskoye,NAO,176400,186400,735,8.95,13.0,15.5,5,84580.0,-52.1,True
2023-07-01,Maryina Roshcha,SVAO,346800,390500,1445,7.3,13.0,15.5,5,207540.0,-40.2,False
2023-07-01,Meshchansky,CAO,537300,592100,2239,0.22,13.0,15.5,5,467220.0,-13.0,False
2023-07-01,Metrogorodok,VAO,249300,277200,1039,-0.08,13.0,15.5,4,178400.0,-28.4,False
2023-07-01,Mikhaylovo-Yartsevskoye,TAO,107300,115200,447,-7.76,13.0,15.5,6,60000.0,-44.1,True
2023-07-01,Mitino,SZAO,318400,342300,1327,5.09,13.0,15.5,4,180925.0,-43.2,False
2023-07-01,Molzhaninovsky,SAO,228200,249200,951,1.74,13.0,15.5,5,120740.0,-47.1,False
2023-07-01,Moskovsky,NAO,212300,244600,884,-0.22,13.0,15.5,4,113775.0,-46.4,True
2023-07-01,Moskvorechye-Saburovo,YuAO,279400,310600,1164,0.75,13.0,15.5,5,181360.0,-35.1,False
2023-07-01,Mosrentgen,NAO,226700,250600,945,-0.53,13.0,15.5,7,139343.0,-38.5,True
2023-07-01,Mozhaysky,ZAO,349300,388000,1455,-2.72,13.0,15.5,7,224471.0,-35.7,False
2023-07-01,Nagatino-Sadovniki,YuAO,315800,352600,1316,1.85,13.0,15.5,5,196740.0,-37.7,False
2023-07-01,Nagatinsky Zaton,YuAO,311200,322500,1297,-0.97,13.0,15.5,3,190867.0,-38.7,False
2023-07-01,Nagorny,YuAO,301600,314100,1257,0.56,13.0,15.5,2,278050.0,-7.8,False
2023-07-01,Novo-Peredelkino,ZAO,295400,335900,1231,-1.44,13.0,15.5,4,152150.0,-48.5,False
2023-07-01,Novofyodorovskoye,TAO,109400,119900,456,1.67,13.0,15.5,11,57745.0,-47.2,True
2023-07-01,Novogireyevo,VAO,282700,299700,1178,1.69,13.0,15.5,6,192783.0,-31.8,False
2023-07-01,Novokosino,VAO,264900,298500,1104,-2.36,13.0,15.5,3,168700.0,-36.3,False
2023-07-01,Obruchevsky,YuZAO,372200,428500,1551,1.03,13.0,15.5,8,258463.0,-30.6,False
2023-07-01,Ochakovo-Matveyevskoye,ZAO,358600,379100,1494,1.77,13.0,15.5,3,238967.0,-33.4,False
2023-07-01,Orekhovo-Borisovo Severnoye,YuAO,243900,274800,1016,-0.69,13.0,15.5,3,149167.0,-38.8,False
2023-07-01,Orekhovo-Borisovo Yuzhnoye,YuAO,251600,265400,1048,1.69,13.0,15.5,4,140575.0,-44.1,False
2023-07-01,Ostankinsky,SVAO,333100,360100,1388,-3.61,13.0,15.5,4,251175.0,-24.6,False
2023-07-01,Otradnoye,SVAO,272700,289700,1136,-2.91,13.0,15.5,8,161250.0,-40.9,False
2023-07-01,Perovo,VAO,283100,306500,1180,2.17,13.0,15.5,4,217875.0,-23.0,False
2023-07-01,Pervomayskoye,TAO,113700,121900,474,-4.32,13.0,15.5,4,67750.0,-40.4,True
2023-07-01,Pokrovskoye-Streshnevo,SZAO,364400,393900,1518,2.31,13.0,15.5,10,206510.0,-43.3,False
2023-07-01,Preobrazhenskoye,VAO,312800,334800,1303,1.72,13.0,15.5,7,214000.0,-31.6,False
2023-07-01,Presnensky,CAO,702300,791800,2926,3.08,13.0,15.5,2,564850.0,-19.6,False
2023-07-01,Prospekt Vernadskogo,ZAO,475000,533500,1979,-0.32,13.0,15.5,2,349400.0,-26.4,False
2023-07-01,Ramenki,ZAO,487000,538700,2029,2.43,13.0,15.5,3,292933.0,-39.8,False
2023-07-01,Rogovskoye,TAO,106200,117600,443,4.4,13.0,15.5,3,56767.0,-46.5,True
2023-07-01,Rostokino,SVAO,290900,319900,1212,-0.45,13.0,15.5,6,170033.0,-41.5,False
2023-07-01,Ryazanovskoye,NAO,170900,191400,712,-0.98,13.0,15.5,6,89067.0,-47.9,True
2023-07-01,Savyolovsky,SAO,360600,414200,1502,0.59,13.0,15.5,2,211100.0,-41.5,False
2023-07-01,Severnoye Butovo,YuZAO,313800,336900,1308,-2.72,13.0,15.5,5,153620.0,-51.0,False
2023-07-01,Severnoye Izmaylovo,VAO,280200,319500,1168,-3.66,13.0,15.5,5,185900.0,-33.7,False
2023-07-01,Severnoye Medvedkovo,SVAO,275100,315900,1146,0.29,13.0,15.5,13,160531.0,-41.6,False
2023-07-01,Severnoye Tushino,SZAO,322900,363400,1345,2.97,13.0,15.5,8,163400.0,-49.4,False
2023-07-01,Severny,SVAO,234800,261100,978,-1.12,13.0,15.5,5,137360.0,-41.5,False
2023-07-01,Shchapovskoye,TAO,118100,122100,492,1.13,13.0,15.5,6,57550.0,-51.3,True
2023-07-01,Shcherbinka,NAO,203500,216800,848,-0.84,13.0,15.5,8,104238.0,-48.8,True
2023-07-01,Shchukino,SZAO,377300,418400,1572,-0.83,13.0,15.5,3,321700.0,-14.7,False
2023-07-01,Sokol,SAO,369900,405000,1541,-3.02,13.0,15.5,5,253620.0,-31.4,False
2023-07-01,Sokolinaya Gora,VAO,269700,288200,1124,-2.71,13.0,15.5,6,190567.0,-29.3,False
2023-07-01,Sokolniki,VAO,335100,365500,1396,3.93,13.0,15.5,4,246475.0,-26.4,False
2023-07-01,Solntsevo,ZAO,308600,347600,1286,-1.21,13.0,15.5,8,189575.0,-38.6,False
2023-07-01,Sosenskoye,NAO,223500,236200,931,3.12,13.0,15.5,2,85300.0,-61.8,True
2023-07-01,Strogino,SZAO,379900,415600,1583,-4.66,13.0,15.5,4,381375.0,0.4,False
2023-07-01,Sviblovo,SVAO,290100,321400,1209,3.05,13.0,15.5,5,195720.0,-32.5,False
2023-07-01,Tagansky,CAO,527100,555100,2196,0.59,13.0,15.5,2,379550.0,-28.0,False
2023-07-01,Timiryazevsky,SAO,322100,352000,1342,-2.47,13.0,15.5,6,261467.0,-18.8,False
2023-07-01,Troitsk,TAO,147900,159000,616,-1.53,13.0,15.5,11,79400.0,-46.3,True
2023-07-01,Troparyovo-Nikulino,ZAO,430200,477700,1792,5.14,13.0,15.5,7,348443.0,-19.0,False
2023-07-01,Tsaritsyno,YuAO,263300,277000,1097,-2.83,13.0,15.5,5,140300.0,-46.7,False
2023-07-01,Tverskoy,CAO,686000,757200,2858,-0.44,13.0,15.5,8,611800.0,-10.8,False
2023-07-01,Tyoply Stan,YuZAO,333800,372000,1391,1.66,13.0,15.5,4,267400.0,-19.9,False
2023-07-01,Veshnyaki,VAO,254100,267000,1059,-0.08,13.0,15.5,9,146944.0,-42.2,False
2023-07-01,Vnukovo,ZAO,286100,320200,1192,2.18,13.0,15.5,5,156820.0,-45.2,False
2023-07-01,Vnukovskoye,NAO,216200,232600,901,-1.14,13.0,15.5,5,106180.0,-50.9,True
2023-07-01,Voronovskoye,TAO,111100,124200,463,-3.45,13.0,15.5,3,57367.0,-48.4,True
2023-07-01,Voskresenskoye,NAO,211300,233200,880,-0.92,13.0,15.5,7,98386.0,-53.4,True
2023-07-01,Vostochnoye Izmaylovo,VAO,271600,301300,1132,-0.38,13.0,15.5,5,174940.0,-35.6,False
2023-07-01,Vostochny,VAO,233900,257600,975,-3.18,13.0,15.5,4,141825.0,-39.4,False
2023-07-01,Voykovsky,SAO,319500,349100,1331,0.0,13.0,15.5,6,225633.0,-29.4,False
2023-07-01,Yakimanka,CAO,673300,725200,2805,0.84,13.0,15.5,5,587160.0,-12.8,False
2023-07-01,Yaroslavsky,SVAO,275600,300100,1148,4.16,13.0,15.5,4,151375.0,-45.1,False
2023-07-01,Yasenevo,YuZAO,364000,404400,1516,3.61,13.0,15.5,9,331933.0,-8.8,False
2023-07-01,Yuzhnoye Butovo,YuZAO,302400,331400,1260,0.24,13.0,15.5,6,166050.0,-45.1,False
2023-07-01,Yuzhnoye Medvedkovo,SVAO,279300,315100,1164,2.86,13.0,15.5,5,159420.0,-42.9,False
2023-07-01,Yuzhnoye Tushino,SZAO,325000,357600,1354,-1.01,13.0,15.5,6,220517.0,-32.1,False
2023-07-01,Zamoskvorechye,CAO,607300,645800,2531,2.54,13.0,15.5,4,509800.0,-16.1,False
2023-07-01,Zapadnoye Degunino,SAO,266400,292500,1110,-1.06,13.0,15.5,5,148500.0,-44.3,False
2023-07-01,Zelenograd,ZelAO,180600,193600,753,0.71,13.0,15.5,5,82020.0,-54.6,True
2023-07-01,Zyablikovo,YuAO,240100,265600,1001,-1.12,13.0,15.5,5,128520.0,-46.5,False
2023-07-01,Zyuzino,YuZAO,361200,408300,1505,3.81,13.0,15.5,6,268350.0,-25.7,False
2023-08-01,Aeroport,SAO,347300,364100,1447,-0.47,13.0,15.5,12,210892.0,-39.3,False
2023-08-01,Akademichesky,YuZAO,412600,456500,1719,-3.66,13.0,15.5,4,313900.0,-23.9,False
2023-08-01,Alekseevsky,SVAO,337500,369300,1406,1.1,13.0,15.5,5,236600.0,-29.9,False
2023-08-01,Altufyevsky,SVAO,263000,279400,1096,0.83,13.0,15.5,4,156950.0,-40.3,False
2023-08-01,Arbat,CAO,737800,839600,3074,1.07,13.0,15.5,1,772300.0,4.7,False
2023-08-01,Babushkinsky,SVAO,273900,308300,1141,-4.4,13.0,15.5,7,178129.0,-35.0,False
2023-08-01,Basmanny,CAO,553800,628300,2308,1.09,13.0,15.5,4,381150.0,-31.2,False
2023-08-01,Begovoy,SAO,389600,435500,1623,6.06,13.0,15.5,5,323960.0,-16.8,False
2023-08-01,Beskudnikovsky,SAO,269400,292600,1123,-1.4,13.0,15.5,2,207900.0,-22.8,False
2023-08-01,Bibirevo,SVAO,256900,292900,1071,-7.56,13.0,15.5,7,161029.0,-37.3,False
2023-08-01,Biryulyovo Vostochnoye,YuAO,244400,265600,1018,0.75,13.0,15.5,9,123900.0,-49.3,False
2023-08-01,Biryulyovo Zapadnoye,YuAO,245400,272200,1022,-1.47,13.0,15.5,6,144700.0,-41.0,False
2023-08-01,Bogorodskoye,VAO,275100,291400,1146,-1.73,13.0,15.5,6,181567.0,-34.0,False
2023-08-01,Brateyevo,YuAO,245700,270400,1024,3.35,13.0,15.5,6,154883.0,-37.0,False
2023-08-01,Butyrsky,SVAO,329200,351300,1371,4.17,13.0,15.5,6,201000.0,-38.9,False
2023-08-01,Chertanovo Severnoye,YuAO,270300,297200,1126,-3.29,13.0,15.5,7,185671.0,-31.3,False
2023-08-01,Chertanovo Tsentralnoye,YuAO,273500,289700,1139,4.73,13.0,15.5,6,159617.0,-41.6,False
2023-08-01,Chertanovo Yuzhnoye,YuAO,247800,270600,1032,0.29,13.0,15.5,8,196100.0,-20.9,False
2023-08-01,Cheryomushki,YuZAO,367800,410300,1533,-6.93,13.0,15.5,10,309040.0,-16.0,False
2023-08-01,Danilovsky,YuAO,360800,407500,1503,1.96,13.0,15.5,2,265050.0,-26.5,False
2023-08-01,Desyonovskoye,NAO,212100,226500,884,4.48,13.0,15.5,1,92300.0,-56.5,True
2023-08-01,Dmitrovsky,SAO,263500,282700,1098,6.12,13.0,15.5,3,120900.0,-54.1,False
2023-08-01,Donskoy,YuAO,357100,386500,1488,-4.8,13.0,15.5,4,257150.0,-28.0,False
2023-08-01,Dorogomilovo,ZAO,537500,582500,2240,-4.28,13.0,15.5,6,498867.0,-7.2,False
2023-08-01,Fili-Davydkovo,ZAO,420800,470800,1753,-1.17,13.0,15.5,3,288500.0,-31.4,False
2023-08-01,Filimonkovskoye,NAO,182500,203000,760,1.36,13.0,15.5,1,108600.0,-40.5,True
2023-08-01,Filyovsky Park,ZAO,443800,498400,1849,0.39,13.0,15.5,7,323014.0,-27.2,False
2023-08-01,Gagarinsky,YuZAO,467100,522600,1946,-2.07,13.0,15.5,7,335271.0,-28.2,False
2023-08-01,Golovinsky,SAO,280600,303600,1169,-2.91,13.0,15.5,12,193550.0,-31.0,False
2023-08-01,Golyanovo,VAO,257700,287500,1074,1.38,13.0,15.5,9,171000.0,-33.6,False
2023-08-01,Ivanovskoye,VAO,262800,286800,1095,2.22,13.0,15.5,2,174950.0,-33.4,False
2023-08-01,Izmaylovo,VAO,288200,326400,1201,-3.92,13.0,15.5,4,188350.0,-34.6,False
2023-08-01,Khamovniki,CAO,751400,829900,3131,-0.41,13.0,15.5,9,574500.0,-23.5,False
2023-08-01,Khoroshyovo-Mnyovniki,SZAO,383600,430300,1598,2.11,13.0,15.5,2,289050.0,-24.6,False
2023-08-01,Khoroshyovsky,SAO,406800,438000,1695,1.57,13.0,15.5,3,294300.0,-27.7,False
2023-08-01,Khovrino,SAO,261200,286100,1088,-2.01,13.0,15.5,7,142457.0,-45.5,False
2023-08-01,Kievsky,TAO,108400,117400,452,5.98,13.0,15.5,4,54050.0,-50.1,True
2023-08-01,Klyonovskoye,TAO,109000,116600,454,-1.89,13.0,15.5,8,66225.0,-39.2,True
2023-08-01,Kokoshkino,NAO,172700,175800,719,-0.72,13.0,15.5,5,87560.0,-49.3,True
2023-08-01,Konkovo,YuZAO,369800,421400,1541,6.3,13.0,15.5,9,230156.0,-37.8,False
2023-08-01,Koptevo,SAO,303300,341800,1264,1.95,13.0,15.5,5,188620.0,-37.8,False
2023-08-01,Kosino-Ukhtomsky,VAO,249900,280800,1041,5.8,13.0,15.5,6,157033.0,-37.2,False
2023-08-01,Kotlovka,YuZAO,383800,425100,1599,0.72,13.0,15.5,4,301500.0,-21.4,False
2023-08-01,Krasnopakhorskoye,TAO,123800,133500,516,-1.27,13.0,15.5,6,68833.0,-44.4,True
2023-08-01,Krasnoselsky,CAO,522900,585200,2179,0.67,13.0,15.5,9,394267.0,-24.6,False
2023-08-01,Krylatskoye,SZAO,459000,507600,1912,5.02,13.0,15.5,7,292843.0,-36.2,False
2023-08-01,Kuntsevo,ZAO,395500,442800,1648,-0.19,13.0,15.5,12,234958.0,-40.6,False
2023-08-01,Kurkino,SZAO,373500,416300,1556,-0.07,13.0,15.5,7,203629.0,-45.5,False
2023-08-01,Levoberezhny,SAO,280000,300700,1167,-0.97,13.0,15.5,5,229200.0,-18.1,False
2023-08-01,Lianozovo,SVAO,257200,286400,1072,2.09,13.0,15.5,8,166450.0,-35.3,False
2023-08-01,Lomonosovsky,YuZAO,459000,507400,1913,-4.66,13.0,15.5,8,321675.0,-29.9,False
2023-08-01,Losinoostrovsky,SVAO,278700,295800,1161,7.22,13.0,15.5,8,158488.0,-43.1,False
2023-08-01,Marfino,SVAO,290900,322500,1212,3.47,13.0,15.5,3,196367.0,-32.5,False
2023-08-01,Marushkinskoye,NAO,163900,178200,683,-7.06,13.0,15.5,8,84588.0,-48.4,True
2023-08-01,Maryina Roshcha,SVAO,338500,362600,1411,-2.39,13.0,15.5,6,255900.0,-24.4,False
2023-08-01,Meshchansky,CAO,563800,607600,2349,4.95,13.0,15.5,4,363325.0,-35.6,False
2023-08-01,Metrogorodok,VAO,245600,263900,1023,-1.48,13.0,15.5,7,177757.0,-27.6,False
2023-08-01,Mikhaylovo-Yartsevskoye,TAO,111300,121300,464,3.71,13.0,15.5,7,60757.0,-45.4,True
2023-08-01,Mitino,SZAO,319500,366900,1331,0.32,13.0,15.5,6,220000.0,-31.1,False
2023-08-01,Molzhaninovsky,SAO,223400,237800,931,-2.13,13.0,15.5,4,114100.0,-48.9,False
2023-08-01,Moskovsky,NAO,219800,229900,916,3.53,13.0,15.5,5,115140.0,-47.6,True
2023-08-01,Moskvorechye-Saburovo,YuAO,273900,280200,1141,-1.95,13.0,15.5,4,164800.0,-39.8,False
2023-08-01,Mosrentgen,NAO,213000,232600,887,-6.04,13.0,15.5,4,208775.0,-2.0,True
2023-08-01,Mozhaysky,ZAO,337400,374900,1406,-3.41,13.0,15.5,3,280267.0,-16.9,False
2023-08-01,Nagatino-Sadovniki,YuAO,307600,341700,1282,-2.61,13.0,15.5,5,201040.0,-34.6,False
2023-08-01,Nagatinsky Zaton,YuAO,327300,360900,1364,5.18,13.0,15.5,2,159600.0,-51.2,False
2023-08-01,Nagorny,YuAO,320900,345100,1337,6.4,13.0,15.5,8,267413.0,-16.7,False
2023-08-01,Novo-Peredelkino,ZAO,300000,326300,1250,1.56,13.0,15.5,3,137433.0,-54.2,False
2023-08-01,Novofyodorovskoye,TAO,110900,126400,462,1.4,13.0,15.5,6,58550.0,-47.2,True
2023-08-01,Novogireyevo,VAO,271800,308800,1133,-3.83,13.0,15.5,7,194414.0,-28.5,False
2023-08-01,Novokosino,VAO,262000,284300,1092,-1.09,13.0,15.5,4,153950.0,-41.2,False
2023-08-01,Obruchevsky,YuZAO,389100,421900,1621,4.52,13.0,15.5,8,297738.0,-23.5,False
2023-08-01,Ochakovo-Matveyevskoye,ZAO,346900,388100,1445,-3.27,13.0,15.5,8,224800.0,-35.2,False
2023-08-01,Orekhovo-Borisovo Severnoye,YuAO,245200,267400,1022,0.55,13.0,15.5,1,165500.0,-32.5,False
2023-08-01,Orekhovo-Borisovo Yuzhnoye,YuAO,254000,277600,1058,0.97,13.0,15.5,8,138263.0,-45.6,False
2023-08-01,Ostankinsky,SVAO,346300,380600,1443,3.96,13.0,15.5,4,225325.0,-34.9,False
2023-08-01,Otradnoye,SVAO,290500,321000,1211,6.52,13.0,15.5,4,190000.0,-34.6,False
2023-08-01,Perovo,VAO,270200,297000,1126,-4.55,13.0,15.5,2,254300.0,-5.9,False
2023-08-01,Pervomayskoye,TAO,124100,133700,517,9.11,13.0,15.5,8,67463.0,-45.6,True
2023-08-01,Pokrovskoye-Streshnevo,SZAO,353600,396900,1473,-2.96,13.0,15.5,4,213925.0,-39.5,False
2023-08-01,Preobrazhenskoye,VAO,311400,332200,1298,-0.45,13.0,15.5,4,258575.0,-17.0,False
2023-08-01,Presnensky,CAO,670900,732400,2795,-4.47,13.0,15.5,1,612300.0,-8.7,False
2023-08-01,Prospekt Vernadskogo,ZAO,458800,474900,1912,-3.4,13.0,15.5,9,312156.0,-32.0,False
2023-08-01,Ramenki,ZAO,496700,556900,2070,1.99,13.0,15.5,12,335350.0,-32.5,False
2023-08-01,Rogovskoye,TAO,113200,121100,472,6.55,13.0,15.5,5,58240.0,-48.6,True
2023-08-01,Rostokino,SVAO,287300,317700,1197,-1.23,13.0,15.5,11,190255.0,-33.8,False
2023-08-01,Ryazanovskoye,NAO,182400,192400,760,6.73,13.0,15.5,4,106300.0,-41.7,True
2023-08-01,Savyolovsky,SAO,370000,413200,1542,2.63,13.0,15.5,6,238350.0,-35.6,False
2023-08-01,Severnoye Butovo,YuZAO,311400,339900,1298,-0.78,13.0,15.5,3,207067.0,-33.5,False
2023-08-01,Severnoye Izmaylovo,VAO,277700,310400,1157,-0.91,13.0,15.5,5,219480.0,-21.0,False
2023-08-01,Severnoye Medvedkovo,SVAO,277500,294200,1156,0.86,13.0,15.5,9,165167.0,-40.5,False
2023-08-01,Severnoye Tushino,SZAO,328700,354300,1369,1.8,13.0,15.5,2,210400.0,-36.0,False
2023-08-01,Severny,SVAO,237800,271300,991,1.29,13.0,15.5,3,135567.0,-43.0,False
2023-08-01,Shchapovskoye,TAO,115000,131500,479,-2.63,13.0,15.5,6,64900.0,-43.6,True
2023-08-01,Shcherbinka,NAO,197300,224400,822,-3.03,13.0,15.5,6,115217.0,-41.6,True
2023-08-01,Shchukino,SZAO,391400,424500,1631,3.72,13.0,15.5,2,294750.0,-24.7,False
2023-08-01,Sokol,SAO,378900,426700,1579,2.42,13.0,15.5,6,247750.0,-34.6,False
2023-08-01,Sokolinaya Gora,VAO,271200,297000,1130,0.58,13.0,15.5,4,158525.0,-41.5,False
2023-08-01,Sokolniki,VAO,330100,369600,1375,-1.49,13.0,15.5,6,271117.0,-17.9,False
2023-08-01,Solntsevo,ZAO,323100,371800,1346,4.71,13.0,15.5,7,196529.0,-39.2,False
2023-08-01,Sosenskoye,NAO,227000,249600,946,1.58,13.0,15.5,6,103117.0,-54.6,True
2023-08-01,Strogino,SZAO,409800,447900,1708,7.88,13.0,15.5,4,338950.0,-17.3,False
2023-08-01,Sviblovo,SVAO,261600,289500,1090,-9.83,13.0,15.5,3,163500.0,-37.5,False
2023-08-01,Tagansky,CAO,519000,562300,2162,-1.55,13.0,15.5,5,368660.0,-29.0,False
2023-08-01,Timiryazevsky,SAO,344900,376200,1437,7.06,13.0,15.5,2,208750.0,-39.5,False
2023-08-01,Troitsk,TAO,153200,169500,638,3.56,13.0,15.5,6,73700.0,-51.9,True
2023-08-01,Troparyovo-Nikulino,ZAO,423500,448900,1765,-1.56,13.0,15.5,6,281017.0,-33.6,False
2023-08-01,Tsaritsyno,YuAO,272200,299800,1134,3.38,13.0,15.5,8,175413.0,-35.6,False
2023-08-01,Tverskoy,CAO,690200,729800,2876,0.62,13.0,15.5,6,479517.0,-30.5,False
2023-08-01,Tyoply Stan,YuZAO,337200,360800,1405,1.01,13.0,15.5,7,198829.0,-41.0,False
2023-08-01,Veshnyaki,VAO,247500,270600,1031,-2.6,13.0,15.5,4,148425.0,-40.0,False
2023-08-01,Vnukovo,ZAO,287200,303600,1197,0.39,13.0,15.5,4,154425.0,-46.2,False
2023-08-01,Vnukovskoye,NAO,220100,246800,917,1.83,13.0,15.5,5,101040.0,-54.1,True
2023-08-01,Voronovskoye,TAO,111200,123600,463,0.1,13.0,15.5,7,69386.0,-37.6,True
2023-08-01,Voskresenskoye,NAO,206800,232700,862,-2.1,13.0,15.5,5,103760.0,-49.8,True
2023-08-01,Vostochnoye Izmaylovo,VAO,276800,318400,1153,1.91,13.0,15.5,7,194229.0,-29.8,False
2023-08-01,Vostochny,VAO,241200,269100,1005,3.11,13.0,15.5,3,139500.0,-42.2,False
2023-08-01,Voykovsky,SAO,317600,350100,1323,-0.62,13.0,15.5,6,224050.0,-29.5,False
2023-08-01,Yakimanka,CAO,687000,753200,2863,2.04,13.0,15.5,3,572400.0,-16.7,False
2023-08-01,Yaroslavsky,SVAO,266200,288400,1109,-3.41,13.0,15.5,3,183633.0,-31.0,False
2023-08-01,Yasenevo,YuZAO,361300,376900,1506,-0.72,13.0,15.5,6,290767.0,-19.5,False
2023-08-01,Yuzhnoye Butovo,YuZAO,305300,326600,1272,0.97,13.0,15.5,8,163925.0,-46.3,False
2023-08-01,Yuzhnoye Medvedkovo,SVAO,286700,299600,1195,2.67,13.0,15.5,9,162889.0,-43.2,False
2023-08-01,Yuzhnoye Tushino,SZAO,340700,347200,1420,4.83,13.0,15.5,8,196700.0,-42.3,False
2023-08-01,Zamoskvorechye,CAO,622300,694200,2593,2.47,13.0,15.5,5,425700.0,-31.6,False
2023-08-01,Zapadnoye Degunino,SAO,266100,299200,1109,-0.12,13.0,15.5,7,150571.0,-43.4,False
2023-08-01,Zelenograd,ZelAO,183800,211000,766,1.77,13.0,15.5,2,84900.0,-53.8,True
2023-08-01,Zyablikovo,YuAO,247300,270100,1030,2.98,13.0,15.5,6,169633.0,-31.4,False
2023-08-01,Zyuzino,YuZAO,373600,399400,1557,3.45,13.0,15.5,6,269233.0,-27.9,False
2023-09-01,Aeroport,SAO,351400,367800,1464,1.17,13.0,15.5,5,256880.0,-26.9,False
2023-09-01,Akademichesky,YuZAO,429500,467700,1789,4.1,13.0,15.5,7,335371.0,-21.9,False
2023-09-01,Alekseevsky,SVAO,337000,382800,1404,-0.12,13.0,15.5,5,180440.0,-46.5,False
2023-09-01,Altufyevsky,SVAO,266900,288600,1112,1.49,13.0,15.5,5,173500.0,-35.0,False
2023-09-01,Arbat,CAO,716400,765500,2985,-2.89,13.0,15.5,5,516440.0,-27.9,False
2023-09-01,Babushkinsky,SVAO,281600,313800,1173,2.81,13.0,15.5,5,194740.0,-30.8,False
2023-09-01,Basmanny,CAO,569400,638400,2372,2.8,13.0,15.5,8,381400.0,-33.0,False
2023-09-01,Begovoy,SAO,370000,419400,1542,-5.02,13.0,15.5,5,322840.0,-12.7,False
2023-09-01,Beskudnikovsky,SAO,276500,305600,1152,2.65,13.0,15.5,6,157233.0,-43.1,False
2023-09-01,Bibirevo,SVAO,267300,300800,1114,4.03,13.0,15.5,3,148167.0,-44.6,False
2023-09-01,Biryulyovo Vostochnoye,YuAO,238200,271700,993,-2.53,13.0,15.5,5,139520.0,-41.4,False
2023-09-01,Biryulyovo Zapadnoye,YuAO,243300,280600,1014,-0.83,13.0,15.5,7,140143.0,-42.4,False
2023-09-01,Bogorodskoye,VAO,276700,303600,1153,0.56,13.0,15.5,4,165350.0,-40.2,False
2023-09-01,Brateyevo,YuAO,251500,285500,1048,2.36,13.0,15.5,5,144760.0,-42.4,False
2023-09-01,Butyrsky,SVAO,333300,355400,1389,1.27,13.0,15.5,4,259600.0,-22.1,False
2023-09-01,Chertanovo Severnoye,YuAO,260300,289800,1085,-3.69,13.0,15.5,17,210100.0,-19.3,False
2023-09-01,Chertanovo Tsentralnoye,YuAO,268800,308700,1120,-1.72,13.0,15.5,2,188000.0,-30.1,False
2023-09-01,Chertanovo Yuzhnoye,YuAO,248100,272300,1034,0.12,13.0,15.5,7,187257.0,-24.5,False
2023-09-01,Cheryomushki,YuZAO,393900,431200,1641,7.1,13.0,15.5,4,322850.0,-18.0,False
2023-09-01,Danilovsky,YuAO,346600,381400,1444,-3.93,13.0,15.5,6,290867.0,-16.1,False
2023-09-01,Desyonovskoye,NAO,213400,239600,889,0.62,13.0,15.5,9,102244.0,-52.1,True
2023-09-01,Dmitrovsky,SAO,271800,296100,1133,3.15,13.0,15.5,5,130300.0,-52.1,False
2023-09-01,Donskoy,YuAO,393200,432100,1638,10.13,13.0,15.5,6,317583.0,-19.2,False
2023-09-01,Dorogomilovo,ZAO,564200,603100,2351,4.96,13.0,15.5,4,517150.0,-8.3,False
2023-09-01,Fili-Davydkovo,ZAO,437700,489300,1824,4.03,13.0,15.5,2,279700.0,-36.1,False
2023-09-01,Filimonkovskoye,NAO,183600,193200,765,0.6,13.0,15.5,2,103250.0,-43.8,True
2023-09-01,Filyovsky Park,ZAO,420000,450300,1750,-5.35,13.0,15.5,6,316083.0,-24.7,False
2023-09-01,Gagarinsky,YuZAO,486600,554100,2027,4.16,13.0,15.5,4,361950.0,-25.6,False
2023-09-01,Golovinsky,SAO,294500,324500,1227,4.95,13.0,15.5,11,173745.0,-41.0,False
2023-09-01,Golyanovo,VAO,251000,282300,1046,-2.57,13.0,15.5,3,207733.0,-17.2,False
2023-09-01,Ivanovskoye,VAO,266800,298800,1112,1.54,13.0,15.5,8,167988.0,-37.0,False
2023-09-01,Izmaylovo,VAO,307800,339700,1283,6.8,13.0,15.5,6,209233.0,-32.0,False
2023-09-01,Khamovniki,CAO,780700,880600,3253,3.91,13.0,15.5,6,547367.0,-29.9,False
2023-09-01,Khoroshyovo-Mnyovniki,SZAO,399200,444300,1663,4.07,13.0,15.5,3,195500.0,-51.0,False
2023-09-01,Khoroshyovsky,SAO,402500,457200,1677,-1.06,13.0,15.5,3,217733.0,-45.9,False
2023-09-01,Khovrino,SAO,267700,297400,1115,2.47,13.0,15.5,3,163000.0,-39.1,False
2023-09-01,Kievsky,TAO,103200,111600,430,-4.82,13.0,15.5,7,55414.0,-46.3,True
2023-09-01,Klyonovskoye,TAO,105200,116700,438,-3.52,13.0,15.5,2,79150.0,-24.8,True
2023-09-01,Kokoshkino,NAO,180400,207800,752,4.48,13.0,15.5,8,100450.0,-44.3,True
2023-09-01,Konkovo,YuZAO,369100,397900,1538,-0.19,13.0,15.5,3,200000.0,-45.8,False
2023-09-01,Koptevo,SAO,293200,322700,1221,-3.34,13.0,15.5,3,186700.0,-36.3,False
2023-09-01,Kosino-Ukhtomsky,VAO,250800,281800,1045,0.36,13.0,15.5,3,141567.0,-43.6,False
2023-09-01,Kotlovka,YuZAO,389800,421600,1624,1.58,13.0,15.5,3,261367.0,-32.9,False
2023-09-01,Krasnopakhorskoye,TAO,127000,135300,529,2.58,13.0,15.5,5,72700.0,-42.8,True
2023-09-01,Krasnoselsky,CAO,521400,557500,2173,-0.28,13.0,15.5,4,341300.0,-34.5,False
2023-09-01,Krylatskoye,SZAO,438900,463500,1829,-4.38,13.0,15.5,1,272500.0,-37.9,False
2023-09-01,Kuntsevo,ZAO,391600,437800,1632,-0.99,13.0,15.5,5,242160.0,-38.2,False
2023-09-01,Kurkino,SZAO,373100,414000,1555,-0.11,13.0,15.5,7,190643.0,-48.9,False
2023-09-01,Levoberezhny,SAO,299800,343600,1249,7.05,13.0,15.5,4,169075.0,-43.6,False
2023-09-01,Lianozovo,SVAO,252600,270000,1053,-1.77,13.0,15.5,9,156322.0,-38.1,False
2023-09-01,Lomonosovsky,YuZAO,470200,514300,1959,2.44,13.0,15.5,2,423050.0,-10.0,False
2023-09-01,Losinoostrovsky,SVAO,271900,301600,1133,-2.42,13.0,15.5,7,153443.0,-43.6,False
2023-09-01,Marfino,SVAO,276300,299400,1151,-5.0,13.0,15.5,6,158117.0,-42.8,False
2023-09-01,Marushkinskoye,NAO,163800,179600,683,-0.04,13.0,15.5,5,90640.0,-44.7,True
2023-09-01,Maryina Roshcha,SVAO,337600,358100,1407,-0.28,13.0,15.5,2,182050.0,-46.1,False
2023-09-01,Meshchansky,CAO,539100,604100,2246,-4.39,13.0,15.5,8,421650.0,-21.8,False
2023-09-01,Metrogorodok,VAO,257100,291100,1071,4.67,13.0,15.5,3,166700.0,-35.2,False
2023-09-01,Mikhaylovo-Yartsevskoye,TAO,118900,130100,496,6.88,13.0,15.5,6,57483.0,-51.7,True
2023-09-01,Mitino,SZAO,305400,328000,1273,-4.4,13.0,15.5,4,273900.0,-10.3,False
2023-09-01,Molzhaninovsky,SAO,248400,268700,1035,11.23,13.0,15.5,8,126025.0,-49.3,False
2023-09-01,Moskovsky,NAO,221700,248700,924,0.87,13.0,15.5,4,114050.0,-48.6,True
2023-09-01,Moskvorechye-Saburovo,YuAO,268100,288900,1117,-2.14,13.0,15.5,3,187500.0,-30.1,False
2023-09-01,Mosrentgen,NAO,212800,240500,887,-0.08,13.0,15.5,5,164880.0,-22.5,True
2023-09-01,Mozhaysky,ZAO,353300,376800,1472,4.74,13.0,15.5,3,223900.0,-36.6,False
2023-09-01,Nagatino-Sadovniki,YuAO,314300,352900,1310,2.18,13.0,15.5,3,221167.0,-29.6,False
2023-09-01,Nagatinsky Zaton,YuAO,333300,359400,1389,1.82,13.0,15.5,4,198450.0,-40.5,False
2023-09-01,Nagorny,YuAO,305500,337700,1273,-4.79,13.0,15.5,8,193063.0,-36.8,False
2023-09-01,Novo-Peredelkino,ZAO,288900,323200,1204,-3.69,13.0,15.5,6,186400.0,-35.5,False
2023-09-01,Novofyodorovskoye,TAO,107800,116600,449,-2.81,13.0,15.5,6,62183.0,-42.3,True
2023-09-01,Novogireyevo,VAO,277300,302300,1155,2.0,13.0,15.5,7,175086.0,-36.9,False
2023-09-01,Novokosino,VAO,270100,299700,1126,3.11,13.0,15.5,6,146733.0,-45.7,False
2023-09-01,Obruchevsky,YuZAO,392700,446400,1636,0.93,13.0,15.5,5,263700.0,-32.8,False
2023-09-01,Ochakovo-Matveyevskoye,ZAO,372400,408000,1552,7.36,13.0,15.5,6,235100.0,-36.9,False
2023-09-01,Orekhovo-Borisovo Severnoye,YuAO,251200,272600,1047,2.44,13.0,15.5,5,153360.0,-38.9,False
2023-09-01,Orekhovo-Borisovo Yuzhnoye,YuAO,254200,276600,1059,0.08,13.0,15.5,3,134867.0,-46.9,False
2023-09-01,Ostankinsky,SVAO,326100,359500,1359,-5.85,13.0,15.5,1,249300.0,-23.6,False
2023-09-01,Otradnoye,SVAO,283800,318500,1182,-2.33,13.0,15.5,4,153575.0,-45.9,False
2023-09-01,Perovo,VAO,275000,302500,1146,1.77,13.0,15.5,7,195071.0,-29.1,False
2023-09-01,Pervomayskoye,TAO,116600,129100,486,-6.0,13.0,15.5,3,66633.0,-42.9,True
2023-09-01,Pokrovskoye-Streshnevo,SZAO,356000,405000,1483,0.67,13.0,15.5,2,205600.0,-42.2,False
2023-09-01,Preobrazhenskoye,VAO,298300,325400,1243,-4.2,13.0,15.5,4,278925.0,-6.5,False
2023-09-01,Presnensky,CAO,648100,737400,2701,-3.39,13.0,15.5,5,605120.0,-6.6,False
2023-09-01,Prospekt Vernadskogo,ZAO,473500,515000,1973,3.21,13.0,15.5,5,293260.0,-38.1,False
2023-09-01,Ramenki,ZAO,480700,554800,2003,-3.22,13.0,15.5,5,321860.0,-33.0,False
2023-09-01,Rogovskoye,TAO,106200,116000,443,-6.14,13.0,15.5,2,53000.0,-50.1,True
2023-09-01,Rostokino,SVAO,288700,317700,1203,0.49,13.0,15.5,8,211475.0,-26.7,False
2023-09-01,Ryazanovskoye,NAO,179200,196600,747,-1.75,13.0,15.5,7,97986.0,-45.3,True
2023-09-01,Savyolovsky,SAO,364300,393400,1518,-1.56,13.0,15.5,4,283450.0,-22.2,False
2023-09-01,Severnoye Butovo,YuZAO,322300,369100,1343,3.49,13.0,15.5,9,178233.0,-44.7,False
2023-09-01,Severnoye Izmaylovo,VAO,281700,306200,1174,1.45,13.0,15.5,5,183680.0,-34.8,False
2023-09-01,Severnoye Medvedkovo,SVAO,288500,332100,1202,3.95,13.0,15.5,5,178800.0,-38.0,False
2023-09-01,Severnoye Tushino,SZAO,326200,354500,1359,-0.75,13.0,15.5,3,178200.0,-45.4,False
2023-09-01,Severny,SVAO,246700,265300,1028,3.76,13.0,15.5,2,118500.0,-52.0,False
2023-09-01,Shchapovskoye,TAO,111000,126900,462,-3.5,13.0,15.5,5,56160.0,-49.4,True
2023-09-01,Shcherbinka,NAO,212700,232900,886,7.8,13.0,15.5,3,116767.0,-45.1,True
2023-09-01,Shchukino,SZAO,391600,430200,1632,0.07,13.0,15.5,8,338450.0,-13.6,False
2023-09-01,Sokol,SAO,392200,445300,1634,3.5,13.0,15.5,8,297525.0,-24.1,False
2023-09-01,Sokolinaya Gora,VAO,285500,331100,1189,5.24,13.0,15.5,6,195100.0,-31.7,False
2023-09-01,Sokolniki,VAO,329300,385300,1372,-0.24,13.0,15.5,6,300383.0,-8.8,False
2023-09-01,Solntsevo,ZAO,338600,358400,1411,4.78,13.0,15.5,3,188100.0,-44.4,False
2023-09-01,Sosenskoye,NAO,220200,245100,917,-3.02,13.0,15.5,7,115529.0,-47.5,True
2023-09-01,Strogino,SZAO,404500,453500,1686,-1.29,13.0,15.5,5,277640.0,-31.4,False
2023-09-01,Sviblovo,SVAO,265900,291800,1108,1.64,13.0,15.5,3,164800.0,-38.0,False
2023-09-01,Tagansky,CAO,551100,615900,2296,6.19,13.0,15.5,3,407700.0,-26.0,False
2023-09-01,Timiryazevsky,SAO,330100,371100,1375,-4.29,13.0,15.5,7,287314.0,-13.0,False
2023-09-01,Troitsk,TAO,157500,169800,656,2.85,13.0,15.5,5,81820.0,-48.1,True
2023-09-01,Troparyovo-Nikulino,ZAO,415500,466900,1731,-1.88,13.0,15.5,4,326825.0,-21.3,False
2023-09-01,Tsaritsyno,YuAO,264400,285400,1101,-2.88,13.0,15.5,5,144460.0,-45.4,False
2023-09-01,Tverskoy,CAO,700300,757500,2918,1.46,13.0,15.5,6,572200.0,-18.3,False
2023-09-01,Tyoply Stan,YuZAO,326200,368400,1359,-3.28,13.0,15.5,3,222267.0,-31.9,False
2023-09-01,Veshnyaki,VAO,247700,271000,1032,0.09,13.0,15.5,3,145800.0,-41.1,False
2023-09-01,Vnukovo,ZAO,288300,299800,1201,0.38,13.0,15.5,3,149367.0,-48.2,False
2023-09-01,Vnukovskoye,NAO,219300,239100,914,-0.39,13.0,15.5,3,115633.0,-47.3,True
2023-09-01,Voronovskoye,TAO,110400,120400,460,-0.67,13.0,15.5,3,65233.0,-40.9,True
2023-09-01,Voskresenskoye,NAO,206000,221300,858,-0.38,13.0,15.5,6,105233.0,-48.9,True
2023-09-01,Vostochnoye Izmaylovo,VAO,282500,320600,1177,2.08,13.0,15.5,4,160400.0,-43.2,False
2023-09-01,Vostochny,VAO,237600,261100,990,-1.49,13.0,15.5,1,120500.0,-49.3,False
2023-09-01,Voykovsky,SAO,317400,344000,1322,-0.06,13.0,15.5,3,224500.0,-29.3,False
2023-09-01,Yakimanka,CAO,720100,791500,3000,4.81,13.0,15.5,3,588367.0,-18.3,False
2023-09-01,Yaroslavsky,SVAO,259500,297000,1081,-2.51,13.0,15.5,1,196600.0,-24.2,False
2023-09-01,Yasenevo,YuZAO,359600,394800,1498,-0.48,13.0,15.5,3,277033.0,-23.0,False
2023-09-01,Yuzhnoye Butovo,YuZAO,298700,319400,1244,-2.18,13.0,15.5,7,157886.0,-47.1,False
2023-09-01,Yuzhnoye Medvedkovo,SVAO,278300,328300,1160,-2.93,13.0,15.5,5,165700.0,-40.5,False
2023-09-01,Yuzhnoye Tushino,SZAO,331000,367800,1379,-2.84,13.0,15.5,5,219260.0,-33.8,False
2023-09-01,Zamoskvorechye,CAO,618800,660900,2578,-0.58,13.0,15.5,4,509875.0,-17.6,False
2023-09-01,Zapadnoye Degunino,SAO,268500,288700,1119,0.91,13.0,15.5,5,179540.0,-33.1,False
2023-09-01,Zelenograd,ZelAO,182500,200000,760,-0.7,13.0,15.5,9,104500.0,-42.7,True
2023-09-01,Zyablikovo,YuAO,252000,288700,1050,1.9,13.0,15.5,8,149763.0,-40.6,False
2023-09-01,Zyuzino,YuZAO,369900,420900,1541,-0.99,13.0,15.5,4,244650.0,-33.9,False
2023-10-01,Aeroport,SAO,352900,391700,1470,0.42,13.0,15.5,4,211950.0,-39.9,False
2023-10-01,Akademichesky,YuZAO,439700,490400,1832,2.38,13.0,15.5,8,255400.0,-41.9,False
2023-10-01,Alekseevsky,SVAO,343300,373400,1430,1.84,13.0,15.5,5,221380.0,-35.5,False
2023-10-01,Altufyevsky,SVAO,276700,300700,1153,3.69,13.0,15.5,11,160518.0,-42.0,False
2023-10-01,Arbat,CAO,738800,805100,3079,3.13,13.0,15.5,7,486000.0,-34.2,False
2023-10-01,Babushkinsky,SVAO,284300,317800,1185,0.97,13.0,15.5,5,165340.0,-41.8,False
2023-10-01,Basmanny,CAO,573500,625200,2390,0.73,13.0,15.5,7,435786.0,-24.0,False
2023-10-01,Begovoy,SAO,375400,415200,1564,1.44,13.0,15.5,5,255340.0,-32.0,False
2023-10-01,Beskudnikovsky,SAO,266000,287700,1108,-3.8,13.0,15.5,4,151100.0,-43.2,False
2023-10-01,Bibirevo,SVAO,264100,282700,1100,-1.2,13.0,15.5,5,151280.0,-42.7,False
2023-10-01,Biryulyovo Vostochnoye,YuAO,242800,272700,1012,1.94,13.0,15.5,2,129250.0,-46.8,False
2023-10-01,Biryulyovo Zapadnoye,YuAO,248400,275500,1035,2.07,13.0,15.5,5,157000.0,-36.8,False
2023-10-01,Bogorodskoye,VAO,291700,314000,1216,5.44,13.0,15.5,7,173314.0,-40.6,False
2023-10-01,Brateyevo,YuAO,259100,286800,1080,3.06,13.0,15.5,7,140800.0,-45.7,False
2023-10-01,Butyrsky,SVAO,322100,344300,1342,-3.37,13.0,15.5,7,253714.0,-21.2,False
2023-10-01,Chertanovo Severnoye,YuAO,279000,300900,1163,7.2,13.0,15.5,3,168067.0,-39.8,False
2023-10-01,Chertanovo Tsentralnoye,YuAO,261400,286000,1089,-2.74,13.0,15.5,6,179050.0,-31.5,False
2023-10-01,Chertanovo Yuzhnoye,YuAO,256800,279700,1070,3.52,13.0,15.5,4,176600.0,-31.2,False
2023-10-01,Cheryomushki,YuZAO,391300,435300,1630,-0.66,13.0,15.5,5,288920.0,-26.2,False
2023-10-01,Danilovsky,YuAO,361100,388100,1505,4.18,13.0,15.5,4,222575.0,-38.4,False
2023-10-01,Desyonovskoye,NAO,193100,205200,804,-9.54,13.0,15.5,7,111514.0,-42.3,True
2023-10-01,Dmitrovsky,SAO,263200,283400,1097,-3.17,13.0,15.5,4,148800.0,-43.5,False
2023-10-01,Donskoy,YuAO,378900,420700,1579,-3.65,13.0,15.5,8,284475.0,-24.9,False
2023-10-01,Dorogomilovo,ZAO,567200,638100,2364,0.54,13.0,15.5,7,406986.0,-28.2,False
2023-10-01,Fili-Davydkovo,ZAO,416800,460600,1737,-4.78,13.0,15.5,9,262633.0,-37.0,False
2023-10-01,Filimonkovskoye,NAO,182600,204800,761,-0.5,13.0,15.5,4,91250.0,-50.0,True
2023-10-01,Filyovsky Park,ZAO,462800,512400,1928,10.19,13.0,15.5,4,245150.0,-47.0,False
2023-10-01,Gagarinsky,YuZAO,488400,558900,2035,0.38,13.0,15.5,6,395650.0,-19.0,False
2023-10-01,Golovinsky,SAO,292800,310000,1220,-0.58,13.0,15.5,5,163760.0,-44.1,False
2023-10-01,Golyanovo,VAO,262400,282700,1093,4.51,13.0,15.5,6,178183.0,-32.1,False
2023-10-01,Ivanovskoye,VAO,283900,304500,1183,6.41,13.0,15.5,5,146640.0,-48.3,False
2023-10-01,Izmaylovo,VAO,304200,333300,1268,-1.17,13.0,15.5,2,184800.0,-39.3,False
2023-10-01,Khamovniki,CAO,782900,859900,3262,0.27,13.0,15.5,8,591238.0,-24.5,False
2023-10-01,Khoroshyovo-Mnyovniki,SZAO,384400,419500,1602,-3.71,13.0,15.5,7,276643.0,-28.0,False
2023-10-01,Khoroshyovsky,SAO,399100,444500,1663,-0.84,13.0,15.5,6,284100.0,-28.8,False
2023-10-01,Khovrino,SAO,267100,292500,1113,-0.2,13.0,15.5,9,148311.0,-44.5,False
2023-10-01,Kievsky,TAO,111400,125000,464,7.95,13.0,15.5,2,80000.0,-28.2,True
2023-10-01,Klyonovskoye,TAO,104400,109600,435,-0.73,13.0,15.5,3,49333.0,-52.7,True
2023-10-01,Kokoshkino,NAO,178500,196500,744,-1.03,13.0,15.5,6,94833.0,-46.9,True
2023-10-01,Konkovo,YuZAO,363200,400400,1513,-1.61,13.0,15.5,10,237620.0,-34.6,False
2023-10-01,Koptevo,SAO,309300,344200,1289,5.51,13.0,15.5,6,203200.0,-34.3,False
2023-10-01,Kosino-Ukhtomsky,VAO,261900,282300,1091,4.44,13.0,15.5,2,175050.0,-33.2,False
2023-10-01,Kotlovka,YuZAO,391400,445600,1631,0.42,13.0,15.5,4,274275.0,-29.9,False
2023-10-01,Krasnopakhorskoye,TAO,122600,132600,511,-3.43,13.0,15.5,4,69300.0,-43.5,True
2023-10-01,Krasnoselsky,CAO,527100,557300,2196,1.09,13.0,15.5,3,313333.0,-40.6,False
2023-10-01,Krylatskoye,SZAO,465300,528800,1939,6.03,13.0,15.5,1,319200.0,-31.4,False
2023-10-01,Kuntsevo,ZAO,395700,445300,1649,1.05,13.0,15.5,4,256200.0,-35.3,False
2023-10-01,Kurkino,SZAO,362300,415400,1510,-2.89,13.0,15.5,6,193000.0,-46.7,False
2023-10-01,Levoberezhny,SAO,290900,301200,1212,-2.96,13.0,15.5,5,204980.0,-29.5,False
2023-10-01,Lianozovo,SVAO,259500,278500,1081,2.74,13.0,15.5,5,157140.0,-39.4,False
2023-10-01,Lomonosovsky,YuZAO,499900,553500,2083,6.3,13.0,15.5,7,349129.0,-30.2,False
2023-10-01,Losinoostrovsky,SVAO,280100,310700,1167,3.01,13.0,15.5,5,145840.0,-47.9,False
2023-10-01,Marfino,SVAO,294900,321300,1229,6.72,13.0,15.5,5,189000.0,-35.9,False
2023-10-01,Marushkinskoye,NAO,170500,195700,710,4.07,13.0,15.5,8,92988.0,-45.5,True
2023-10-01,Maryina Roshcha,SVAO,317200,358100,1322,-6.04,13.0,15.5,7,261857.0,-17.4,False
2023-10-01,Meshchansky,CAO,557400,617700,2323,3.4,13.0,15.5,6,514850.0,-7.6,False
2023-10-01,Metrogorodok,VAO,259400,282100,1081,0.89,13.0,15.5,2,122350.0,-52.8,False
2023-10-01,Mikhaylovo-Yartsevskoye,TAO,116300,129500,485,-2.19,13.0,15.5,7,68443.0,-41.1,True
2023-10-01,Mitino,SZAO,314900,351000,1312,3.11,13.0,15.5,9,203300.0,-35.4,False
2023-10-01,Molzhaninovsky,SAO,235300,264300,980,-5.3,13.0,15.5,10,119150.0,-49.4,False
2023-10-01,Moskovsky,NAO,218800,238400,912,-1.28,13.0,15.5,4,100025.0,-54.3,True
2023-10-01,Moskvorechye-Saburovo,YuAO,266800,300700,1112,-0.47,13.0,15.5,6,175317.0,-34.3,False
2023-10-01,Mosrentgen,NAO,217900,253100,908,2.39,13.0,15.5,4,131125.0,-39.8,True
2023-10-01,Mozhaysky,ZAO,345800,379700,1441,-2.15,13.0,15.5,5,196960.0,-43.0,False
2023-10-01,Nagatino-Sadovniki,YuAO,313600,348100,1307,-0.23,13.0,15.5,2,264700.0,-15.6,False
2023-10-01,Nagatinsky Zaton,YuAO,311900,347200,1299,-6.43,13.0,15.5,5,185300.0,-40.6,False
2023-10-01,Nagorny,YuAO,316700,355700,1319,3.64,13.0,15.5,7,245400.0,-22.5,False
2023-10-01,Novo-Peredelkino,ZAO,295600,324200,1232,2.32,13.0,15.5,5,168200.0,-43.1,False
2023-10-01,Novofyodorovskoye,TAO,108200,118200,451,0.44,13.0,15.5,6,56133.0,-48.1,True
2023-10-01,Novogireyevo,VAO,276200,310400,1151,-0.4,13.0,15.5,7,179414.0,-35.0,False
2023-10-01,Novokosino,VAO,270100,307500,1125,-0.01,13.0,15.5,12,163117.0,-39.6,False
2023-10-01,Obruchevsky,YuZAO,412800,465800,1720,5.13,13.0,15.5,5,239640.0,-41.9,False
2023-10-01,Ochakovo-Matveyevskoye,ZAO,350900,384300,1462,-5.78,13.0,15.5,3,221700.0,-36.8,False
2023-10-01,Orekhovo-Borisovo Severnoye,YuAO,250800,278900,1045,-0.18,13.0,15.5,4,147125.0,-41.3,False
2023-10-01,Orekhovo-Borisovo Yuzhnoye,YuAO,254400,276000,1060,0.05,13.0,15.5,6,145317.0,-42.9,False
2023-10-01,Ostankinsky,SVAO,337200,388900,1405,3.43,13.0,15.5,5,196280.0,-41.8,False
2023-10-01,Otradnoye,SVAO,296300,318300,1235,4.42,13.0,15.5,3,185833.0,-37.3,False
2023-10-01,Perovo,VAO,278200,288100,1159,1.16,13.0,15.5,5,270900.0,-2.6,False
2023-10-01,Pervomayskoye,TAO,122300,136300,509,4.85,13.0,15.5,5,65140.0,-46.7,True
2023-10-01,Pokrovskoye-Streshnevo,SZAO,351800,388600,1466,-1.17,13.0,15.5,6,218550.0,-37.9,False
2023-10-01,Preobrazhenskoye,VAO,301300,318000,1256,1.0,13.0,15.5,5,234320.0,-22.2,False
2023-10-01,Presnensky,CAO,702300,791300,2926,8.36,13.0,15.5,1,402000.0,-42.8,False
2023-10-01,Prospekt Vernadskogo,ZAO,471000,514900,1962,-0.54,13.0,15.5,1,359400.0,-23.7,False
2023-10-01,Ramenki,ZAO,492700,548600,2053,2.5,13.0,15.5,11,325545.0,-33.9,False
2023-10-01,Rogovskoye,TAO,107800,117700,449,1.45,13.0,15.5,6,60667.0,-43.7,True
2023-10-01,Rostokino,SVAO,281900,313200,1175,-2.37,13.0,15.5,5,162880.0,-42.2,False
2023-10-01,Ryazanovskoye,NAO,170800,195100,712,-4.72,13.0,15.5,3,96667.0,-43.4,True
2023-10-01,Savyolovsky,SAO,378000,417200,1575,3.78,13.0,15.5,3,250133.0,-33.8,False
2023-10-01,Severnoye Butovo,YuZAO,313500,333800,1306,-2.73,13.0,15.5,5,158220.0,-49.5,False
2023-10-01,Severnoye Izmaylovo,VAO,293400,321800,1222,4.14,13.0,15.5,4,198275.0,-32.4,False
2023-10-01,Severnoye Medvedkovo,SVAO,290700,322300,1211,0.79,13.0,15.5,7,163486.0,-43.8,False
2023-10-01,Severnoye Tushino,SZAO,315100,344600,1313,-3.39,13.0,15.5,8,181388.0,-42.4,False
2023-10-01,Severny,SVAO,252200,282000,1051,2.2,13.0,15.5,6,128283.0,-49.1,False
2023-10-01,Shchapovskoye,TAO,108100,118900,451,-2.56,13.0,15.5,7,61129.0,-43.5,True
2023-10-01,Shcherbinka,NAO,210100,224700,876,-1.19,13.0,15.5,3,109067.0,-48.1,True
2023-10-01,Shchukino,SZAO,399100,439000,1663,1.9,13.0,15.5,3,297733.0,-25.4,False
2023-10-01,Sokol,SAO,369600,411800,1540,-5.75,13.0,15.5,8,300500.0,-18.7,False
2023-10-01,Sokolinaya Gora,VAO,293300,331700,1222,2.76,13.0,15.5,1,149900.0,-48.9,False
2023-10-01,Sokolniki,VAO,337400,366800,1406,2.46,13.0,15.5,8,252725.0,-25.1,False
2023-10-01,Solntsevo,ZAO,314300,350800,1310,-7.17,13.0,15.5,3,185667.0,-40.9,False
2023-10-01,Sosenskoye,NAO,218000,229000,908,-0.98,13.0,15.5,3,117900.0,-45.9,True
2023-10-01,Strogino,SZAO,391700,430600,1632,-3.16,13.0,15.5,5,317720.0,-18.9,False
2023-10-01,Sviblovo,SVAO,282200,311800,1176,6.12,13.0,15.5,12,203675.0,-27.8,False
2023-10-01,Tagansky,CAO,525300,594400,2189,-4.69,13.0,15.5,6,378383.0,-28.0,False
2023-10-01,Timiryazevsky,SAO,333800,373800,1391,1.12,13.0,15.5,4,238200.0,-28.6,False
2023-10-01,Troitsk,TAO,162900,182000,679,3.42,13.0,15.5,7,86614.0,-46.8,True
2023-10-01,Troparyovo-Nikulino,ZAO,416300,456500,1735,0.19,13.0,15.5,7,326900.0,-21.5,False
2023-10-01,Tsaritsyno,YuAO,279200,312700,1163,5.6,13.0,15.5,6,140233.0,-49.8,False
2023-10-01,Tverskoy,CAO,679700,770500,2832,-2.94,13.0,15.5,4,439525.0,-35.3,False
2023-10-01,Tyoply Stan,YuZAO,337300,365400,1405,3.41,13.0,15.5,8,198075.0,-41.3,False
2023-10-01,Veshnyaki,VAO,257400,265800,1073,3.92,13.0,15.5,7,153800.0,-40.2,False
2023-10-01,Vnukovo,ZAO,290100,325400,1209,0.62,13.0,15.5,6,158833.0,-45.2,False
2023-10-01,Vnukovskoye,NAO,221600,244500,924,1.07,13.0,15.5,4,125225.0,-43.5,True
2023-10-01,Voronovskoye,TAO,108700,123900,453,-1.61,13.0,15.5,6,55117.0,-49.3,True
2023-10-01,Voskresenskoye,NAO,208100,223100,867,0.98,13.0,15.5,3,106333.0,-48.9,True
2023-10-01,Vostochnoye Izmaylovo,VAO,278700,311700,1161,-1.35,13.0,15.5,10,187000.0,-32.9,False
2023-10-01,Vostochny,VAO,236000,251800,983,-0.68,13.0,15.5,6,125000.0,-47.0,False
2023-10-01,Voykovsky,SAO,315200,348600,1314,-0.67,13.0,15.5,8,259863.0,-17.6,False
2023-10-01,Yakimanka,CAO,703500,774300,2931,-2.3,13.0,15.5,4,404525.0,-42.5,False
2023-10-01,Yaroslavsky,SVAO,262200,302100,1093,1.05,13.0,15.5,6,155317.0,-40.8,False
2023-10-01,Yasenevo,YuZAO,369200,408400,1539,2.68,13.0,15.5,2,274400.0,-25.7,False
2023-10-01,Yuzhnoye Butovo,YuZAO,301300,334200,1256,0.89,13.0,15.5,4,180250.0,-40.2,False
2023-10-01,Yuzhnoye Medvedkovo,SVAO,281900,316800,1175,1.29,13.0,15.5,4,148825.0,-47.2,False
2023-10-01,Yuzhnoye Tushino,SZAO,329300,367200,1372,-0.51,13.0,15.5,9,199856.0,-39.3,False
2023-10-01,Zamoskvorechye,CAO,616600,659100,2569,-0.35,13.0,15.5,8,451725.0,-26.7,False
2023-10-01,Zapadnoye Degunino,SAO,279400,302400,1164,4.06,13.0,15.5,7,151014.0,-46.0,False
2023-10-01,Zelenograd,ZelAO,176400,197900,735,-3.34,13.0,15.5,7,123271.0,-30.1,True
2023-10-01,Zyablikovo,YuAO,251400,287200,1048,-0.22,13.0,15.5,6,135967.0,-45.9,False
2023-10-01,Zyuzino,YuZAO,370400,405300,1543,0.13,13.0,15.5,3,227700.0,-38.5,False
2023-11-01,Aeroport,SAO,371200,403100,1547,5.19,13.0,15.5,5,256740.0,-30.8,False
2023-11-01,Akademichesky,YuZAO,415400,455200,1731,-5.53,13.0,15.5,2,307250.0,-26.0,False
2023-11-01,Alekseevsky,SVAO,351300,383900,1464,2.35,13.0,15.5,7,211986.0,-39.7,False
2023-11-01,Altufyevsky,SVAO,264600,294600,1102,-4.39,13.0,15.5,6,166583.0,-37.0,False
2023-11-01,Arbat,CAO,761500,864800,3173,3.07,13.0,15.5,7,676557.0,-11.2,False
2023-11-01,Babushkinsky,SVAO,281800,297000,1174,-0.9,13.0,15.5,5,154520.0,-45.2,False
2023-11-01,Basmanny,CAO,584200,629900,2434,1.86,13.0,15.5,8,427175.0,-26.9,False
2023-11-01,Begovoy,SAO,382100,411000,1592,1.8,13.0,15.5,3,290133.0,-24.1,False
2023-11-01,Beskudnikovsky,SAO,260800,301400,1087,-1.97,13.0,15.5,3,163633.0,-37.3,False
2023-11-01,Bibirevo,SVAO,265600,304600,1107,0.58,13.0,15.5,6,168700.0,-36.5,False
2023-11-01,Biryulyovo Vostochnoye,YuAO,250000,267300,1041,2.94,13.0,15.5,7,156700.0,-37.3,False
2023-11-01,Biryulyovo Zapadnoye,YuAO,241100,266700,1005,-2.93,13.0,15.5,8,141650.0,-41.2,False
2023-11-01,Bogorodskoye,VAO,269600,288000,1123,-7.58,13.0,15.5,5,179460.0,-33.4,False
2023-11-01,Brateyevo,YuAO,249200,279700,1039,-3.82,13.0,15.5,6,147083.0,-41.0,False
2023-11-01,Butyrsky,SVAO,336200,368400,1401,4.39,13.0,15.5,4,284275.0,-15.4,False
2023-11-01,Chertanovo Severnoye,YuAO,273700,294800,1140,-1.91,13.0,15.5,4,183475.0,-33.0,False
2023-11-01,Chertanovo Tsentralnoye,YuAO,249000,273500,1037,-4.76,13.0,15.5,2,151250.0,-39.3,False
2023-11-01,Chertanovo Yuzhnoye,YuAO,250600,274500,1044,-2.43,13.0,15.5,4,228150.0,-9.0,False
2023-11-01,Cheryomushki,YuZAO,384900,419500,1604,-1.63,13.0,15.5,7,299600.0,-22.2,False
2023-11-01,Danilovsky,YuAO,352500,380700,1469,-2.37,13.0,15.5,3,264767.0,-24.9,False
2023-11-01,Desyonovskoye,NAO,208400,225500,868,7.92,13.0,15.5,5,102200.0,-51.0,True
2023-11-01,Dmitrovsky,SAO,257400,291500,1073,-2.19,13.0,15.5,3,135933.0,-47.2,False
2023-11-01,Donskoy,YuAO,368600,405100,1536,-2.72,13.0,15.5,3,252067.0,-31.6,False
2023-11-01,Dorogomilovo,ZAO,558500,607200,2327,-1.54,13.0,15.5,8,367413.0,-34.2,False
2023-11-01,Fili-Davydkovo,ZAO,434600,497100,1811,4.26,13.0,15.5,5,242480.0,-44.2,False
2023-11-01,Filimonkovskoye,NAO,179100,196400,746,-1.92,13.0,15.5,7,101814.0,-43.2,True
2023-11-01,Filyovsky Park,ZAO,443400,462700,1848,-4.19,13.0,15.5,6,346100.0,-21.9,False
2023-11-01,Gagarinsky,YuZAO,479400,535500,1998,-1.85,13.0,15.5,9,334478.0,-30.2,False
2023-11-01,Golovinsky,SAO,283400,303200,1181,-3.21,13.0,15.5,3,181100.0,-36.1,False
2023-11-01,Golyanovo,VAO,256700,283500,1070,-2.17,13.0,15.5,3,176067.0,-31.4,False
2023-11-01,Ivanovskoye,VAO,267500,307600,1114,-5.79,13.0,15.5,7,173043.0,-35.3,False
2023-11-01,Izmaylovo,VAO,317000,352400,1321,4.22,13.0,15.5,7,208500.0,-34.2,False
2023-11-01,Khamovniki,CAO,756200,837100,3151,-3.4,13.0,15.5,4,587800.0,-22.3,False
2023-11-01,Khoroshyovo-Mnyovniki,SZAO,394900,444200,1645,2.73,13.0,15.5,5,245100.0,-37.9,False
2023-11-01,Khoroshyovsky,SAO,386000,421300,1608,-3.29,13.0,15.5,4,308425.0,-20.1,False
2023-11-01,Khovrino,SAO,266200,302200,1109,-0.34,13.0,15.5,6,176517.0,-33.7,False
2023-11-01,Kievsky,TAO,116600,128800,486,4.66,13.0,15.5,1,69600.0,-40.3,True
2023-11-01,Klyonovskoye,TAO,113200,125700,471,8.36,13.0,15.5,4,63275.0,-44.1,True
2023-11-01,Kokoshkino,NAO,175500,201000,731,-1.7,13.0,15.5,3,100133.0,-42.9,True
2023-11-01,Konkovo,YuZAO,356900,392300,1487,-1.74,13.0,15.5,4,249625.0,-30.1,False
2023-11-01,Koptevo,SAO,298200,329500,1242,-3.61,13.0,15.5,10,168850.0,-43.4,False
2023-11-01,Kosino-Ukhtomsky,VAO,248000,257200,1033,-5.29,13.0,15.5,10,158210.0,-36.2,False
2023-11-01,Kotlovka,YuZAO,399800,424200,1666,2.13,13.0,15.5,7,267771.0,-33.0,False
2023-11-01,Krasnopakhorskoye,TAO,128100,143300,534,4.48,13.0,15.5,4,60450.0,-52.8,True
2023-11-01,Krasnoselsky,CAO,546200,619100,2276,3.63,13.0,15.5,2,332350.0,-39.2,False
2023-11-01,Krylatskoye,SZAO,458700,501400,1911,-1.42,13.0,15.5,2,319100.0,-30.4,False
2023-11-01,Kuntsevo,ZAO,410500,445600,1710,3.73,13.0,15.5,4,252175.0,-38.6,False
2023-11-01,Kurkino,SZAO,374600,396500,1561,3.37,13.0,15.5,5,203820.0,-45.6,False
2023-11-01,Levoberezhny,SAO,288900,311500,1204,-0.69,13.0,15.5,4,250950.0,-13.1,False
2023-11-01,Lianozovo,SVAO,262500,287600,1094,1.14,13.0,15.5,3,177533.0,-32.4,False
2023-11-01,Lomonosovsky,YuZAO,483000,528600,2013,-3.37,13.0,15.5,3,332600.0,-31.1,False
2023-11-01,Losinoostrovsky,SVAO,284300,324800,1184,1.47,13.0,15.5,2,167700.0,-41.0,False
2023-11-01,Marfino,SVAO,298300,321900,1243,1.15,13.0,15.5,3,192867.0,-35.3,False
2023-11-01,Marushkinskoye,NAO,167800,176600,699,-1.61,13.0,15.5,6,85500.0,-49.0,True
2023-11-01,Maryina Roshcha,SVAO,347900,384500,1450,9.69,13.0,15.5,4,249525.0,-28.3,False
2023-11-01,Meshchansky,CAO,553600,597800,2306,-0.7,13.0,15.5,6,466017.0,-15.8,False
2023-11-01,Metrogorodok,VAO,261100,307100,1088,0.67,13.0,15.5,3,172533.0,-33.9,False
2023-11-01,Mikhaylovo-Yartsevskoye,TAO,116000,121000,483,-0.26,13.0,15.5,3,51933.0,-55.2,True
2023-11-01,Mitino,SZAO,311400,347000,1297,-1.14,13.0,15.5,2,188600.0,-39.4,False
2023-11-01,Molzhaninovsky,SAO,234800,258900,978,-0.2,13.0,15.5,3,99467.0,-57.6,False
2023-11-01,Moskovsky,NAO,215700,234800,899,-1.42,13.0,15.5,1,82100.0,-61.9,True
2023-11-01,Moskvorechye-Saburovo,YuAO,284400,311400,1185,6.58,13.0,15.5,6,155050.0,-45.5,False
2023-11-01,Mosrentgen,NAO,224300,246000,935,2.94,13.0,15.5,5,191080.0,-14.8,True
2023-11-01,Mozhaysky,ZAO,367500,392300,1531,6.27,13.0,15.5,5,213420.0,-41.9,False
2023-11-01,Nagatino-Sadovniki,YuAO,310600,353600,1294,-0.95,13.0,15.5,5,252260.0,-18.8,False
2023-11-01,Nagatinsky Zaton,YuAO,331000,371000,1379,6.13,13.0,15.5,2,244600.0,-26.1,False
2023-11-01,Nagorny,YuAO,309500,341600,1290,-2.26,13.0,15.5,4,237475.0,-23.3,False
2023-11-01,Novo-Peredelkino,ZAO,300900,331900,1254,1.8,13.0,15.5,4,185425.0,-38.4,False
2023-11-01,Novofyodorovskoye,TAO,109800,116500,458,1.45,13.0,15.5,10,59390.0,-45.9,True
2023-11-01,Novogireyevo,VAO,275300,291200,1147,-0.29,13.0,15.5,6,238733.0,-13.3,False
2023-11-01,Novokosino,VAO,280000,315700,1167,3.66,13.0,15.5,4,153900.0,-45.0,False
2023-11-01,Obruchevsky,YuZAO,401100,452700,1671,-2.84,13.0,15.5,4,313950.0,-21.7,False
2023-11-01,Ochakovo-Matveyevskoye,ZAO,361700,400300,1507,3.08,13.0,15.5,8,186525.0,-48.4,False
2023-11-01,Orekhovo-Borisovo Severnoye,YuAO,250300,276000,1043,-0.2,13.0,15.5,6,134383.0,-46.3,False
2023-11-01,Orekhovo-Borisovo Yuzhnoye,YuAO,256500,281300,1069,0.83,13.0,15.5,3,176300.0,-31.3,False
2023-11-01,Ostankinsky,SVAO,345400,367100,1439,2.43,13.0,15.5,4,220200.0,-36.2,False
2023-11-01,Otradnoye,SVAO,291100,309900,1213,-1.77,13.0,15.5,4,174000.0,-40.2,False
2023-11-01,Perovo,VAO,276100,311700,1151,-0.74,13.0,15.5,6,215600.0,-21.9,False
2023-11-01,Pervomayskoye,TAO,121700,135800,507,-0.49,13.0,15.5,6,68583.0,-43.6,True
2023-11-01,Pokrovskoye-Streshnevo,SZAO,343600,391600,1432,-2.34,13.0,15.5,4,234025.0,-31.9,False
2023-11-01,Preobrazhenskoye,VAO,302500,328000,1260,0.38,13.0,15.5,4,278400.0,-8.0,False
2023-11-01,Presnensky,CAO,681000,716300,2837,-3.03,13.0,15.5,7,478571.0,-29.7,False
2023-11-01,Prospekt Vernadskogo,ZAO,493800,570000,2057,4.84,13.0,15.5,5,343240.0,-30.5,False
2023-11-01,Ramenki,ZAO,495600,544500,2065,0.59,13.0,15.5,5,320700.0,-35.3,False
2023-11-01,Rogovskoye,TAO,111800,126200,466,3.7,13.0,15.5,3,54800.0,-51.0,True
2023-11-01,Rostokino,SVAO,296900,338000,1237,5.32,13.0,15.5,4,182350.0,-38.6,False
2023-11-01,Ryazanovskoye,NAO,178900,199500,745,4.77,13.0,15.5,8,98413.0,-45.0,True
2023-11-01,Savyolovsky,SAO,366200,395300,1526,-3.13,13.0,15.5,4,288100.0,-21.3,False
2023-11-01,Severnoye Butovo,YuZAO,329200,372300,1372,5.03,13.0,15.5,6,201767.0,-38.7,False
2023-11-01,Severnoye Izmaylovo,VAO,295200,317800,1230,0.63,13.0,15.5,4,160000.0,-45.8,False
2023-11-01,Severnoye Medvedkovo,SVAO,271400,296400,1131,-6.65,13.0,15.5,11,160427.0,-40.9,False
2023-11-01,Severnoye Tushino,SZAO,321400,364900,1339,2.0,13.0,15.5,8,203138.0,-36.8,False
2023-11-01,Severny,SVAO,239700,266900,999,-4.96,13.0,15.5,6,139083.0,-42.0,False
2023-11-01,Shchapovskoye,TAO,118500,132400,494,9.59,13.0,15.5,5,58860.0,-50.3,True
2023-11-01,Shcherbinka,NAO,204800,214600,853,-2.53,13.0,15.5,5,134840.0,-34.2,True
2023-11-01,Shchukino,SZAO,385100,421000,1605,-3.49,13.0,15.5,5,260140.0,-32.4,False
2023-11-01,Sokol,SAO,386000,421500,1608,4.43,13.0,15.5,7,330357.0,-14.4,False
2023-11-01,Sokolinaya Gora,VAO,289600,319600,1206,-1.29,13.0,15.5,6,175117.0,-39.5,False
2023-11-01,Sokolniki,VAO,338400,384700,1410,0.29,13.0,15.5,6,243333.0,-28.1,False
2023-11-01,Solntsevo,ZAO,309700,335900,1290,-1.47,13.0,15.5,2,166550.0,-46.2,False
2023-11-01,Sosenskoye,NAO,225600,259000,940,3.46,13.0,15.5,5,128000.0,-43.3,True
2023-11-01,Strogino,SZAO,413000,472500,1721,5.42,13.0,15.5,5,333860.0,-19.2,False
2023-11-01,Sviblovo,SVAO,281900,298100,1174,-0.11,13.0,15.5,6,174450.0,-38.1,False
2023-11-01,Tagansky,CAO,556700,596400,2320,5.99,13.0,15.5,6,389067.0,-30.1,False
2023-11-01,Timiryazevsky,SAO,355100,389400,1479,6.38,13.0,15.5,5,249180.0,-29.8,False
2023-11-01,Troitsk,TAO,152800,163800,637,-6.23,13.0,15.5,7,79971.0,-47.7,True
2023-11-01,Troparyovo-Nikulino,ZAO,442900,478100,1845,6.37,13.0,15.5,5,341600.0,-22.9,False
2023-11-01,Tsaritsyno,YuAO,268200,293700,1117,-3.93,13.0,15.5,4,165525.0,-38.3,False
2023-11-01,Tverskoy,CAO,740000,801500,3083,8.86,13.0,15.5,7,582500.0,-21.3,False
2023-11-01,Tyoply Stan,YuZAO,333200,355100,1388,-1.23,13.0,15.5,3,189500.0,-43.1,False
2023-11-01,Veshnyaki,VAO,254500,275300,1060,-1.13,13.0,15.5,7,145000.0,-43.0,False
2023-11-01,Vnukovo,ZAO,301400,340100,1256,3.91,13.0,15.5,3,167067.0,-44.6,False
2023-11-01,Vnukovskoye,NAO,238300,255000,993,7.53,13.0,15.5,1,92800.0,-61.1,True
2023-11-01,Voronovskoye,TAO,114000,129000,475,4.88,13.0,15.5,6,60500.0,-46.9,True
2023-11-01,Voskresenskoye,NAO,210600,234000,878,1.24,13.0,15.5,2,127250.0,-39.6,True
2023-11-01,Vostochnoye Izmaylovo,VAO,279500,309900,1165,0.28,13.0,15.5,5,196760.0,-29.6,False
2023-11-01,Vostochny,VAO,238500,263300,994,1.05,13.0,15.5,9,144667.0,-39.3,False
2023-11-01,Voykovsky,SAO,324700,348800,1353,2.98,13.0,15.5,9,230589.0,-29.0,False
2023-11-01,Yakimanka,CAO,677200,783200,2822,-3.75,13.0,15.5,5,568980.0,-16.0,False
2023-11-01,Yaroslavsky,SVAO,257500,273900,1073,-1.82,13.0,15.5,5,149320.0,-42.0,False
2023-11-01,Yasenevo,YuZAO,376800,408400,1570,2.04,13.0,15.5,1,408600.0,8.4,False
2023-11-01,Yuzhnoye Butovo,YuZAO,312600,339900,1303,3.75,13.0,15.5,7,160914.0,-48.5,False
2023-11-01,Yuzhnoye Medvedkovo,SVAO,280600,294600,1169,-0.47,13.0,15.5,8,156088.0,-44.4,False
2023-11-01,Yuzhnoye Tushino,SZAO,335200,374500,1397,1.79,13.0,15.5,6,208650.0,-37.8,False
2023-11-01,Zamoskvorechye,CAO,607500,655000,2531,-1.48,13.0,15.5,2,473550.0,-22.0,False
2023-11-01,Zapadnoye Degunino,SAO,268900,291300,1121,-3.75,13.0,15.5,2,177950.0,-33.8,False
2023-11-01,Zelenograd,ZelAO,186100,201700,775,5.47,13.0,15.5,3,105200.0,-43.5,True
2023-11-01,Zyablikovo,YuAO,256600,274200,1069,2.04,13.0,15.5,5,139180.0,-45.8,False
2023-11-01,Zyuzino,YuZAO,378300,413100,1576,2.11,13.0,15.5,4,250500.0,-33.8,False
2023-12-01,Aeroport,SAO,363400,402300,1514,-2.08,13.0,15.5,7,227671.0,-37.3,False
2023-12-01,Akademichesky,YuZAO,442800,494100,1845,6.6,13.0,15.5,3,327233.0,-26.1,False
2023-12-01,Alekseevsky,SVAO,333800,367200,1391,-5.0,13.0,15.5,4,246950.0,-26.0,False
2023-12-01,Altufyevsky,SVAO,272400,296900,1135,2.96,13.0,15.5,7,151414.0,-44.4,False
2023-12-01,Arbat,CAO,721100,767600,3005,-5.3,13.0,15.5,3,530100.0,-26.5,False
2023-12-01,Babushkinsky,SVAO,289600,327200,1207,2.79,13.0,15.5,10,161280.0,-44.3,False
2023-12-01,Basmanny,CAO,561100,598900,2338,-3.95,13.0,15.5,11,392727.0,-30.0,False
2023-12-01,Begovoy,SAO,376900,420600,1570,-1.38,13.0,15.5,6,344367.0,-8.6,False
2023-12-01,Beskudnikovsky,SAO,269200,300500,1122,3.23,13.0,15.5,1,186500.0,-30.7,False
2023-12-01,Bibirevo,SVAO,279400,316200,1164,5.19,13.0,15.5,5,158900.0,-43.1,False
2023-12-01,Biryulyovo Vostochnoye,YuAO,232300,255200,968,-7.06,13.0,15.5,3,140167.0,-39.7,False
2023-12-01,Biryulyovo Zapadnoye,YuAO,233900,256400,974,-3.0,13.0,15.5,5,129220.0,-44.8,False
2023-12-01,Bogorodskoye,VAO,295800,317800,1232,9.7,13.0,15.5,4,198150.0,-33.0,False
2023-12-01,Brateyevo,YuAO,255500,285900,1064,2.5,13.0,15.5,5,160140.0,-37.3,False
2023-12-01,Butyrsky,SVAO,331400,371100,1381,-1.43,13.0,15.5,2,180350.0,-45.6,False
2023-12-01,Chertanovo Severnoye,YuAO,270600,313700,1127,-1.15,13.0,15.5,0,,,False
2023-12-01,Chertanovo Tsentralnoye,YuAO,263500,277100,1098,5.85,13.0,15.5,3,148367.0,-43.7,False
2023-12-01,Chertanovo Yuzhnoye,YuAO,250400,274300,1043,-0.09,13.0,15.5,8,194625.0,-22.3,False
2023-12-01,Cheryomushki,YuZAO,391900,424500,1633,1.81,13.0,15.5,11,301555.0,-23.1,False
2023-12-01,Danilovsky,YuAO,352500,399200,1469,0.0,13.0,15.5,6,252050.0,-28.5,False
2023-12-01,Desyonovskoye,NAO,202600,223100,844,-2.77,13.0,15.5,6,100667.0,-50.3,True
2023-12-01,Dmitrovsky,SAO,267600,294700,1115,3.94,13.0,15.5,5,150500.0,-43.8,False
2023-12-01,Donskoy,YuAO,363000,381000,1513,-1.51,13.0,15.5,7,244643.0,-32.6,False
2023-12-01,Dorogomilovo,ZAO,569100,622000,2371,1.91,13.0,15.5,9,360844.0,-36.6,False
2023-12-01,Fili-Davydkovo,ZAO,404600,443500,1686,-6.9,13.0,15.5,1,230200.0,-43.1,False
2023-12-01,Filimonkovskoye,NAO,177800,189300,741,-0.76,13.0,15.5,1,100800.0,-43.3,True
2023-12-01,Filyovsky Park,ZAO,458700,488800,1911,3.44,13.0,15.5,2,251000.0,-45.3,False
2023-12-01,Gagarinsky,YuZAO,504700,555400,2103,5.28,13.0,15.5,8,330600.0,-34.5,False
2023-12-01,Golovinsky,SAO,290300,320000,1210,2.44,13.0,15.5,4,170875.0,-41.1,False
2023-12-01,Golyanovo,VAO,264400,286800,1102,3.0,13.0,15.5,4,152700.0,-42.2,False
2023-12-01,Ivanovskoye,VAO,276000,305800,1150,3.2,13.0,15.5,2,171750.0,-37.8,False
2023-12-01,Izmaylovo,VAO,324400,346400,1352,2.31,13.0,15.5,6,181250.0,-44.1,False
2023-12-01,Khamovniki,CAO,774500,865800,3227,2.41,13.0,15.5,1,675500.0,-12.8,False
2023-12-01,Khoroshyovo-Mnyovniki,SZAO,398700,434700,1661,0.97,13.0,15.5,7,281414.0,-29.4,False
2023-12-01,Khoroshyovsky,SAO,389700,450900,1624,0.97,13.0,15.5,6,332283.0,-14.7,False
2023-12-01,Khovrino,SAO,280000,302000,1167,5.18,13.0,15.5,6,163967.0,-41.4,False
2023-12-01,Kievsky,TAO,111300,124800,464,-4.52,13.0,15.5,1,47700.0,-57.1,True
2023-12-01,Klyonovskoye,TAO,113000,121900,471,-0.17,13.0,15.5,8,59413.0,-47.4,True
2023-12-01,Kokoshkino,NAO,178300,191100,743,1.59,13.0,15.5,5,95360.0,-46.5,True
2023-12-01,Konkovo,YuZAO,365200,407300,1522,2.33,13.0,15.5,6,260383.0,-28.7,False
2023-12-01,Koptevo,SAO,306300,339000,1276,2.73,13.0,15.5,7,192300.0,-37.2,False
2023-12-01,Kosino-Ukhtomsky,VAO,244300,273100,1018,-1.49,13.0,15.5,8,145463.0,-40.5,False
2023-12-01,Kotlovka,YuZAO,401900,443600,1675,0.53,13.0,15.5,4,261775.0,-34.9,False
2023-12-01,Krasnopakhorskoye,TAO,127700,140200,532,-0.29,13.0,15.5,5,71340.0,-44.1,True
2023-12-01,Krasnoselsky,CAO,535800,585600,2232,-1.91,13.0,15.5,6,422083.0,-21.2,False
2023-12-01,Krylatskoye,SZAO,456400,505600,1902,-0.51,13.0,15.5,6,273050.0,-40.2,False
2023-12-01,Kuntsevo,ZAO,386700,426600,1611,-5.8,13.0,15.5,3,202400.0,-47.7,False
2023-12-01,Kurkino,SZAO,367800,416300,1533,-1.8,13.0,15.5,9,204133.0,-44.5,False
2023-12-01,Levoberezhny,SAO,301100,352700,1255,4.23,13.0,15.5,16,185375.0,-38.4,False
2023-12-01,Lianozovo,SVAO,258200,290500,1076,-1.63,13.0,15.5,4,158650.0,-38.6,False
2023-12-01,Lomonosovsky,YuZAO,476100,524300,1984,-1.44,13.0,15.5,7,315043.0,-33.8,False
2023-12-01,Losinoostrovsky,SVAO,289300,306800,1205,1.77,13.0,15.5,4,180325.0,-37.7,False
2023-12-01,Marfino,SVAO,290800,314000,1212,-2.51,13.0,15.5,7,170500.0,-41.4,False
2023-12-01,Marushkinskoye,NAO,174800,186900,728,4.18,13.0,15.5,8,84250.0,-51.8,True
2023-12-01,Maryina Roshcha,SVAO,352000,407900,1467,1.17,13.0,15.5,5,264420.0,-24.9,False
2023-12-01,Meshchansky,CAO,580100,641100,2417,4.79,13.0,15.5,6,516700.0,-10.9,False
2023-12-01,Metrogorodok,VAO,256000,280800,1066,-1.97,13.0,15.5,2,198450.0,-22.5,False
2023-12-01,Mikhaylovo-Yartsevskoye,TAO,115400,128500,481,-0.54,13.0,15.5,3,58433.0,-49.4,True
2023-12-01,Mitino,SZAO,330900,368000,1379,6.28,13.0,15.5,5,171080.0,-48.3,False
2023-12-01,Molzhaninovsky,SAO,243200,268300,1013,3.59,13.0,15.5,1,103100.0,-57.6,False
2023-12-01,Moskovsky,NAO,221800,244500,924,2.8,13.0,15.5,5,120000.0,-45.9,True
2023-12-01,Moskvorechye-Saburovo,YuAO,277800,312300,1157,-2.33,13.0,15.5,3,174867.0,-37.1,False
2023-12-01,Mosrentgen,NAO,223600,244500,932,-0.32,13.0,15.5,3,146433.0,-34.5,True
2023-12-01,Mozhaysky,ZAO,365600,413800,1523,-0.5,13.0,15.5,7,212443.0,-41.9,False
2023-12-01,Nagatino-Sadovniki,YuAO,319800,354700,1333,2.98,13.0,15.5,6,220267.0,-31.1,False
2023-12-01,Nagatinsky Zaton,YuAO,325900,365100,1358,-1.54,13.0,15.5,4,206725.0,-36.6,False
2023-12-01,Nagorny,YuAO,315600,350700,1315,1.99,13.0,15.5,2,269850.0,-14.5,False
2023-12-01,Novo-Peredelkino,ZAO,296500,343800,1235,-1.48,13.0,15.5,7,167786.0,-43.4,False
2023-12-01,Novofyodorovskoye,TAO,111400,120300,464,1.45,13.0,15.5,4,70300.0,-36.9,True
2023-12-01,Novogireyevo,VAO,274600,284900,1144,-0.26,13.0,15.5,1,170600.0,-37.9,False
2023-12-01,Novokosino,VAO,277300,315000,1155,-0.96,13.0,15.5,3,129133.0,-53.4,False
2023-12-01,Obruchevsky,YuZAO,385300,412800,1606,-3.93,13.0,15.5,11,301573.0,-21.7,False
2023-12-01,Ochakovo-Matveyevskoye,ZAO,356800,392400,1487,-1.33,13.0,15.5,3,205333.0,-42.5,False
2023-12-01,Orekhovo-Borisovo Severnoye,YuAO,247200,269300,1030,-1.22,13.0,15.5,2,212250.0,-14.1,False
2023-12-01,Orekhovo-Borisovo Yuzhnoye,YuAO,257300,278700,1072,0.32,13.0,15.5,7,150357.0,-41.6,False
2023-12-01,Ostankinsky,SVAO,343100,367100,1430,-0.67,13.0,15.5,7,239586.0,-30.2,False
2023-12-01,Otradnoye,SVAO,291900,327000,1216,0.3,13.0,15.5,6,160600.0,-45.0,False
2023-12-01,Perovo,VAO,283800,317300,1183,2.78,13.0,15.5,6,211783.0,-25.4,False
2023-12-01,Pervomayskoye,TAO,118500,127600,494,-2.63,13.0,15.5,6,59533.0,-49.8,True
2023-12-01,Pokrovskoye-Streshnevo,SZAO,355900,392400,1483,3.57,13.0,15.5,3,297533.0,-16.4,False
2023-12-01,Preobrazhenskoye,VAO,317300,353400,1322,4.91,13.0,15.5,4,272925.0,-14.0,False
2023-12-01,Presnensky,CAO,675000,750100,2812,-0.88,13.0,15.5,6,707617.0,4.8,False
2023-12-01,Prospekt Vernadskogo,ZAO,475500,520700,1981,-3.69,13.0,15.5,9,369044.0,-22.4,False
2023-12-01,Ramenki,ZAO,496700,519900,2070,0.23,13.0,15.5,2,344950.0,-30.6,False
2023-12-01,Rogovskoye,TAO,112400,125300,468,0.55,13.0,15.5,2,68300.0,-39.2,True
2023-12-01,Rostokino,SVAO,294800,318200,1228,-0.71,13.0,15.5,6,196983.0,-33.2,False
2023-12-01,Ryazanovskoye,NAO,175400,198100,731,-1.94,13.0,15.5,5,95580.0,-45.5,True
2023-12-01,Savyolovsky,SAO,375300,402700,1564,2.49,13.0,15.5,1,339700.0,-9.5,False
2023-12-01,Severnoye Butovo,YuZAO,324800,367000,1353,-1.35,13.0,15.5,6,163467.0,-49.7,False
2023-12-01,Severnoye Izmaylovo,VAO,281300,303800,1172,-4.72,13.0,15.5,4,258450.0,-8.1,False
2023-12-01,Severnoye Medvedkovo,SVAO,287600,302300,1198,5.97,13.0,15.5,3,157767.0,-45.1,False
2023-12-01,Severnoye Tushino,SZAO,338200,373700,1409,5.22,13.0,15.5,1,169800.0,-49.8,False
2023-12-01,Severny,SVAO,243300,269800,1014,1.5,13.0,15.5,2,157150.0,-35.4,False
2023-12-01,Shchapovskoye,TAO,112500,123100,469,-5.1,13.0,15.5,3,69000.0,-38.7,True
2023-12-01,Shcherbinka,NAO,209700,230400,874,2.39,13.0,15.5,10,103840.0,-50.5,True
2023-12-01,Shchukino,SZAO,406100,455900,1692,5.44,13.0,15.5,1,237800.0,-41.4,False
2023-12-01,Sokol,SAO,381000,435500,1587,-1.32,13.0,15.5,5,271360.0,-28.8,False
2023-12-01,Sokolinaya Gora,VAO,290300,306100,1210,0.26,13.0,15.5,4,182950.0,-37.0,False
2023-12-01,Sokolniki,VAO,334600,362500,1394,-1.14,13.0,15.5,6,235867.0,-29.5,False
2023-12-01,Solntsevo,ZAO,330800,353900,1378,6.8,13.0,15.5,8,182825.0,-44.7,False
2023-12-01,Sosenskoye,NAO,227700,251100,949,0.96,13.0,15.5,6,102633.0,-54.9,True
2023-12-01,Strogino,SZAO,416000,474000,1733,0.73,13.0,15.5,8,288650.0,-30.6,False
2023-12-01,Sviblovo,SVAO,276000,304800,1150,-2.07,13.0,15.5,8,222125.0,-19.5,False
2023-12-01,Tagansky,CAO,545400,593600,2273,-2.03,13.0,15.5,3,396600.0,-27.3,False
2023-12-01,Timiryazevsky,SAO,340800,376700,1420,-4.01,13.0,15.5,4,199050.0,-41.6,False
2023-12-01,Troitsk,TAO,153700,165500,641,0.63,13.0,15.5,2,89350.0,-41.9,True
2023-12-01,Troparyovo-Nikulino,ZAO,414500,452500,1727,-6.39,13.0,15.5,1,349700.0,-15.6,False
2023-12-01,Tsaritsyno,YuAO,268800,290000,1120,0.22,13.0,15.5,4,145975.0,-45.7,False
2023-12-01,Tverskoy,CAO,737100,834600,3071,-0.38,13.0,15.5,4,546050.0,-25.9,False
2023-12-01,Tyoply Stan,YuZAO,329800,362400,1374,-0.99,13.0,15.5,7,215000.0,-34.8,False
2023-12-01,Veshnyaki,VAO,260300,310700,1084,2.26,13.0,15.5,8,147838.0,-43.2,False
2023-12-01,Vnukovo,ZAO,296600,324400,1236,-1.6,13.0,15.5,3,155267.0,-47.7,False
2023-12-01,Vnukovskoye,NAO,223000,246100,929,-6.42,13.0,15.5,9,122178.0,-45.2,True
2023-12-01,Voronovskoye,TAO,111600,126300,465,-2.07,13.0,15.5,5,63700.0,-42.9,True
2023-12-01,Voskresenskoye,NAO,205600,228500,857,-2.38,13.0,15.5,8,116563.0,-43.3,True
2023-12-01,Vostochnoye Izmaylovo,VAO,278800,316600,1162,-0.25,13.0,15.5,9,176867.0,-36.6,False
2023-12-01,Vostochny,VAO,245900,270400,1025,3.1,13.0,15.5,4,164400.0,-33.1,False
2023-12-01,Voykovsky,SAO,314200,352000,1309,-3.2,13.0,15.5,3,212433.0,-32.4,False
2023-12-01,Yakimanka,CAO,700000,766500,2917,3.37,13.0,15.5,1,497100.0,-29.0,False
2023-12-01,Yaroslavsky,SVAO,270700,304400,1128,5.12,13.0,15.5,4,162750.0,-39.9,False
2023-12-01,Yasenevo,YuZAO,375700,404600,1565,-0.28,13.0,15.5,8,265650.0,-29.3,False
2023-12-01,Yuzhnoye Butovo,YuZAO,300800,341200,1254,-3.77,13.0,15.5,5,160240.0,-46.7,False
2023-12-01,Yuzhnoye Medvedkovo,SVAO,297300,332200,1239,5.95,13.0,15.5,5,144460.0,-51.4,False
2023-12-01,Yuzhnoye Tushino,SZAO,337900,358400,1408,0.82,13.0,15.5,5,196760.0,-41.8,False
2023-12-01,Zamoskvorechye,CAO,592800,645500,2470,-2.42,13.0,15.5,6,455250.0,-23.2,False
2023-12-01,Zapadnoye Degunino,SAO,268800,288200,1120,-0.07,13.0,15.5,3,209500.0,-22.1,False
2023-12-01,Zelenograd,ZelAO,192600,210300,803,3.53,13.0,15.5,8,97663.0,-49.3,True
2023-12-01,Zyablikovo,YuAO,254900,274800,1062,-0.64,13.0,15.5,6,146550.0,-42.5,False
2023-12-01,Zyuzino,YuZAO,368900,405500,1537,-2.47,13.0,15.5,4,253500.0,-31.3,False
2024-01-01,Aeroport,SAO,349400,388000,1456,-3.86,16.0,18.5,7,231571.0,-33.7,False
2024-01-01,Akademichesky,YuZAO,438800,491300,1828,-0.9,16.0,18.5,8,289163.0,-34.1,False
2024-01-01,Alekseevsky,SVAO,356500,404800,1486,6.82,16.0,18.5,5,246740.0,-30.8,False
2024-01-01,Altufyevsky,SVAO,267700,293000,1115,-1.73,16.0,18.5,7,154514.0,-42.3,False
2024-01-01,Arbat,CAO,728500,799600,3035,1.02,16.0,18.5,7,548214.0,-24.7,False
2024-01-01,Babushkinsky,SVAO,291500,316400,1215,0.67,16.0,18.5,3,196733.0,-32.5,False
2024-01-01,Basmanny,CAO,571700,638800,2382,1.9,16.0,18.5,9,372044.0,-34.9,False
2024-01-01,Begovoy,SAO,382000,413000,1592,1.36,16.0,18.5,4,232100.0,-39.2,False
2024-01-01,Beskudnikovsky,SAO,286600,307400,1194,6.46,16.0,18.5,6,154650.0,-46.0,False
2024-01-01,Bibirevo,SVAO,273600,295200,1140,-2.06,16.0,18.5,4,170550.0,-37.7,False
2024-01-01,Biryulyovo Vostochnoye,YuAO,233900,254600,975,0.68,16.0,18.5,8,148063.0,-36.7,False
2024-01-01,Biryulyovo Zapadnoye,YuAO,246100,272400,1025,5.23,16.0,18.5,6,163617.0,-33.5,False
2024-01-01,Bogorodskoye,VAO,280700,306000,1170,-5.1,16.0,18.5,8,193675.0,-31.0,False
2024-01-01,Brateyevo,YuAO,251500,278700,1048,-1.55,16.0,18.5,0,,,False
2024-01-01,Butyrsky,SVAO,336300,378600,1401,1.47,16.0,18.5,7,230414.0,-31.5,False
2024-01-01,Chertanovo Severnoye,YuAO,269300,294400,1122,-0.45,16.0,18.5,9,217611.0,-19.2,False
2024-01-01,Chertanovo Tsentralnoye,YuAO,265800,301900,1107,0.85,16.0,18.5,10,167020.0,-37.2,False
2024-01-01,Chertanovo Yuzhnoye,YuAO,263000,283500,1096,5.05,16.0,18.5,8,214325.0,-18.5,False
2024-01-01,Cheryomushki,YuZAO,400300,442000,1668,2.14,16.0,18.5,6,327417.0,-18.2,False
2024-01-01,Danilovsky,YuAO,361000,403400,1504,2.41,16.0,18.5,5,237740.0,-34.1,False
2024-01-01,Desyonovskoye,NAO,208800,227500,870,3.09,16.0,18.5,5,107560.0,-48.5,True
2024-01-01,Dmitrovsky,SAO,250100,291000,1042,-6.53,16.0,18.5,8,145113.0,-42.0,False
2024-01-01,Donskoy,YuAO,371000,423900,1546,2.2,16.0,18.5,6,266833.0,-28.1,False
2024-01-01,Dorogomilovo,ZAO,580000,648700,2417,1.9,16.0,18.5,5,419720.0,-27.6,False
2024-01-01,Fili-Davydkovo,ZAO,436700,481300,1820,7.95,16.0,18.5,7,271971.0,-37.7,False
2024-01-01,Filimonkovskoye,NAO,190700,208500,795,7.26,16.0,18.5,5,97020.0,-49.1,True
2024-01-01,Filyovsky Park,ZAO,438100,477000,1826,-4.48,16.0,18.5,2,314000.0,-28.3,False
2024-01-01,Gagarinsky,YuZAO,488600,563200,2036,-3.19,16.0,18.5,2,467100.0,-4.4,False
2024-01-01,Golovinsky,SAO,291100,322800,1213,0.28,16.0,18.5,9,174033.0,-40.2,False
2024-01-01,Golyanovo,VAO,257000,287300,1071,-2.79,16.0,18.5,7,175986.0,-31.5,False
2024-01-01,Ivanovskoye,VAO,260700,292900,1086,-5.55,16.0,18.5,8,180713.0,-30.7,False
2024-01-01,Izmaylovo,VAO,308400,347700,1285,-4.93,16.0,18.5,7,210914.0,-31.6,False
2024-01-01,Khamovniki,CAO,767500,831200,3198,-0.9,16.0,18.5,5,628840.0,-18.1,False
2024-01-01,Khoroshyovo-Mnyovniki,SZAO,399100,431700,1663,0.1,16.0,18.5,8,249338.0,-37.5,False
2024-01-01,Khoroshyovsky,SAO,407400,444200,1698,4.54,16.0,18.5,6,306967.0,-24.7,False
2024-01-01,Khovrino,SAO,265700,292000,1107,-5.09,16.0,18.5,7,151629.0,-42.9,False
2024-01-01,Kievsky,TAO,111800,123700,466,0.47,16.0,18.5,6,52717.0,-52.8,True
2024-01-01,Klyonovskoye,TAO,111400,122600,464,-1.37,16.0,18.5,2,44000.0,-60.5,True
2024-01-01,Kokoshkino,NAO,176600,190000,736,-0.93,16.0,18.5,7,98071.0,-44.5,True
2024-01-01,Konkovo,YuZAO,353400,398200,1473,-3.22,16.0,18.5,5,212480.0,-39.9,False
2024-01-01,Koptevo,SAO,309200,354600,1288,0.93,16.0,18.5,3,166400.0,-46.2,False
2024-01-01,Kosino-Ukhtomsky,VAO,250600,273500,1044,2.55,16.0,18.5,1,131100.0,-47.7,False
2024-01-01,Kotlovka,YuZAO,397500,449100,1656,-1.09,16.0,18.5,6,260083.0,-34.6,False
2024-01-01,Krasnopakhorskoye,TAO,128300,141700,534,0.43,16.0,18.5,5,71680.0,-44.1,True
2024-01-01,Krasnoselsky,CAO,528000,586400,2200,-1.44,16.0,18.5,8,397563.0,-24.7,False
2024-01-01,Krylatskoye,SZAO,443200,477000,1847,-2.89,16.0,18.5,9,286778.0,-35.3,False
2024-01-01,Kuntsevo,ZAO,401800,432700,1674,3.92,16.0,18.5,6,249517.0,-37.9,False
2024-01-01,Kurkino,SZAO,383800,431400,1599,4.35,16.0,18.5,3,204033.0,-46.8,False
2024-01-01,Levoberezhny,SAO,298000,334600,1242,-1.03,16.0,18.5,6,201400.0,-32.4,False
2024-01-01,Lianozovo,SVAO,266400,278000,1110,3.19,16.0,18.5,7,141200.0,-47.0,False
2024-01-01,Lomonosovsky,YuZAO,502400,556900,2093,5.53,16.0,18.5,7,403557.0,-19.7,False
2024-01-01,Losinoostrovsky,SVAO,278100,303500,1159,-3.88,16.0,18.5,6,159167.0,-42.8,False
2024-01-01,Marfino,SVAO,286000,305300,1192,-1.63,16.0,18.5,11,199155.0,-30.4,False
2024-01-01,Marushkinskoye,NAO,172900,192800,721,-1.06,16.0,18.5,3,81500.0,-52.9,True
2024-01-01,Maryina Roshcha,SVAO,346000,372100,1441,-1.71,16.0,18.5,5,231580.0,-33.1,False
2024-01-01,Meshchansky,CAO,566000,620800,2358,-2.44,16.0,18.5,6,444000.0,-21.6,False
2024-01-01,Metrogorodok,VAO,262200,280400,1093,2.46,16.0,18.5,0,,,False
2024-01-01,Mikhaylovo-Yartsevskoye,TAO,115000,133500,479,-0.33,16.0,18.5,6,64200.0,-44.2,True
2024-01-01,Mitino,SZAO,334300,380100,1393,1.01,16.0,18.5,10,201450.0,-39.7,False
2024-01-01,Molzhaninovsky,SAO,226000,240400,942,-7.09,16.0,18.5,5,122160.0,-45.9,False
2024-01-01,Moskovsky,NAO,223700,247100,932,0.89,16.0,18.5,3,134500.0,-39.9,True
2024-01-01,Moskvorechye-Saburovo,YuAO,268600,307800,1119,-3.31,16.0,18.5,6,181650.0,-32.4,False
2024-01-01,Mosrentgen,NAO,225600,244500,940,0.9,16.0,18.5,6,159100.0,-29.5,True
2024-01-01,Mozhaysky,ZAO,349800,394200,1458,-4.32,16.0,18.5,6,249333.0,-28.7,False
2024-01-01,Nagatino-Sadovniki,YuAO,305100,347100,1271,-4.62,16.0,18.5,8,222725.0,-27.0,False
2024-01-01,Nagatinsky Zaton,YuAO,333000,356500,1388,2.18,16.0,18.5,6,224517.0,-32.6,False
2024-01-01,Nagorny,YuAO,303000,339700,1263,-3.99,16.0,18.5,6,237083.0,-21.8,False
2024-01-01,Novo-Peredelkino,ZAO,302200,351400,1259,1.93,16.0,18.5,4,136175.0,-54.9,False
2024-01-01,Novofyodorovskoye,TAO,109500,119000,456,-1.67,16.0,18.5,2,68900.0,-37.1,True
2024-01-01,Novogireyevo,VAO,284200,312100,1184,3.47,16.0,18.5,1,256000.0,-9.9,False
2024-01-01,Novokosino,VAO,271700,306000,1132,-2.02,16.0,18.5,7,160586.0,-40.9,False
2024-01-01,Obruchevsky,YuZAO,371400,402200,1547,-3.62,16.0,18.5,4,294300.0,-20.8,False
2024-01-01,Ochakovo-Matveyevskoye,ZAO,353600,395700,1473,-0.9,16.0,18.5,1,247500.0,-30.0,False
2024-01-01,Orekhovo-Borisovo Severnoye,YuAO,261900,291000,1091,5.96,16.0,18.5,5,137580.0,-47.5,False
2024-01-01,Orekhovo-Borisovo Yuzhnoye,YuAO,244400,270100,1018,-5.02,16.0,18.5,7,156271.0,-36.1,False
2024-01-01,Ostankinsky,SVAO,327600,358000,1365,-4.52,16.0,18.5,7,196329.0,-40.1,False
2024-01-01,Otradnoye,SVAO,296200,314400,1234,1.48,16.0,18.5,4,166450.0,-43.8,False
2024-01-01,Perovo,VAO,287900,315800,1200,1.45,16.0,18.5,7,247900.0,-13.9,False
2024-01-01,Pervomayskoye,TAO,126700,141100,528,6.97,16.0,18.5,5,67340.0,-46.9,True
2024-01-01,Pokrovskoye-Streshnevo,SZAO,359300,405900,1497,0.96,16.0,18.5,4,174450.0,-51.4,False
2024-01-01,Preobrazhenskoye,VAO,308800,344600,1287,-2.69,16.0,18.5,7,306600.0,-0.7,False
2024-01-01,Presnensky,CAO,727000,821400,3029,7.71,16.0,18.5,5,423500.0,-41.7,False
2024-01-01,Prospekt Vernadskogo,ZAO,500500,535400,2086,5.25,16.0,18.5,5,322660.0,-35.5,False
2024-01-01,Ramenki,ZAO,508400,553400,2118,2.34,16.0,18.5,5,309560.0,-39.1,False
2024-01-01,Rogovskoye,TAO,106800,117900,445,-4.98,16.0,18.5,4,58050.0,-45.6,True
2024-01-01,Rostokino,SVAO,299800,318500,1249,1.71,16.0,18.5,4,233975.0,-22.0,False
2024-01-01,Ryazanovskoye,NAO,172200,191700,717,-1.86,16.0,18.5,3,80100.0,-53.5,True
2024-01-01,Savyolovsky,SAO,388600,456700,1619,3.55,16.0,18.5,7,269071.0,-30.8,False
2024-01-01,Severnoye Butovo,YuZAO,331200,365500,1380,1.96,16.0,18.5,5,163940.0,-50.5,False
2024-01-01,Severnoye Izmaylovo,VAO,298800,324400,1245,6.23,16.0,18.5,5,243000.0,-18.7,False
2024-01-01,Severnoye Medvedkovo,SVAO,290500,319100,1210,1.0,16.0,18.5,6,150783.0,-48.1,False
2024-01-01,Severnoye Tushino,SZAO,332000,373700,1383,-1.83,16.0,18.5,6,174617.0,-47.4,False
2024-01-01,Severny,SVAO,256600,286500,1069,5.5,16.0,18.5,3,136400.0,-46.8,False
2024-01-01,Shchapovskoye,TAO,115900,125000,483,3.04,16.0,18.5,6,58550.0,-49.5,True
2024-01-01,Shcherbinka,NAO,203100,214600,846,-3.15,16.0,18.5,4,113000.0,-44.4,True
2024-01-01,Shchukino,SZAO,398400,443600,1660,-1.89,16.0,18.5,3,330667.0,-17.0,False
2024-01-01,Sokol,SAO,381900,421100,1591,0.25,16.0,18.5,4,267200.0,-30.0,False
2024-01-01,Sokolinaya Gora,VAO,280200,316100,1168,-3.48,16.0,18.5,7,204800.0,-26.9,False
2024-01-01,Sokolniki,VAO,346800,403700,1445,3.66,16.0,18.5,7,249429.0,-28.1,False
2024-01-01,Solntsevo,ZAO,321900,362100,1341,-2.67,16.0,18.5,8,171663.0,-46.7,False
2024-01-01,Sosenskoye,NAO,230000,266800,958,1.0,16.0,18.5,5,109200.0,-52.5,True
2024-01-01,Strogino,SZAO,412400,442500,1718,-0.87,16.0,18.5,9,339911.0,-17.6,False
2024-01-01,Sviblovo,SVAO,297200,331600,1238,7.67,16.0,18.5,3,248600.0,-16.4,False
2024-01-01,Tagansky,CAO,545900,607500,2275,0.09,16.0,18.5,4,415125.0,-24.0,False
2024-01-01,Timiryazevsky,SAO,339800,363200,1416,-0.3,16.0,18.5,5,265620.0,-21.8,False
2024-01-01,Troitsk,TAO,150600,171900,628,-2.01,16.0,18.5,4,90625.0,-39.8,True
2024-01-01,Troparyovo-Nikulino,ZAO,431800,485200,1799,4.16,16.0,18.5,4,279800.0,-35.2,False
2024-01-01,Tsaritsyno,YuAO,280000,310800,1166,4.16,16.0,18.5,6,149717.0,-46.5,False
2024-01-01,Tverskoy,CAO,712700,769700,2970,-3.31,16.0,18.5,5,520920.0,-26.9,False
2024-01-01,Tyoply Stan,YuZAO,340900,385000,1420,3.35,16.0,18.5,8,232550.0,-31.8,False
2024-01-01,Veshnyaki,VAO,245700,270800,1024,-5.59,16.0,18.5,5,157580.0,-35.9,False
2024-01-01,Vnukovo,ZAO,294300,318300,1226,-0.78,16.0,18.5,9,144178.0,-51.0,False
2024-01-01,Vnukovskoye,NAO,221600,235900,924,-0.62,16.0,18.5,3,130367.0,-41.2,True
2024-01-01,Voronovskoye,TAO,118200,129900,493,5.92,16.0,18.5,5,57340.0,-51.5,True
2024-01-01,Voskresenskoye,NAO,201700,216700,840,-1.93,16.0,18.5,9,110878.0,-45.0,True
2024-01-01,Vostochnoye Izmaylovo,VAO,290900,318100,1212,4.35,16.0,18.5,2,207350.0,-28.7,False
2024-01-01,Vostochny,VAO,241200,268000,1005,-1.89,16.0,18.5,9,174844.0,-27.5,False
2024-01-01,Voykovsky,SAO,323200,356800,1347,2.85,16.0,18.5,8,223863.0,-30.7,False
2024-01-01,Yakimanka,CAO,713500,824300,2973,1.92,16.0,18.5,6,555100.0,-22.2,False
2024-01-01,Yaroslavsky,SVAO,260300,285800,1085,-3.81,16.0,18.5,5,189780.0,-27.1,False
2024-01-01,Yasenevo,YuZAO,349000,388600,1454,-7.12,16.0,18.5,5,297660.0,-14.7,False
2024-01-01,Yuzhnoye Butovo,YuZAO,299200,319800,1247,-0.54,16.0,18.5,1,183400.0,-38.7,False
2024-01-01,Yuzhnoye Medvedkovo,SVAO,291800,322000,1216,-1.82,16.0,18.5,6,168850.0,-42.1,False
2024-01-01,Yuzhnoye Tushino,SZAO,343600,384400,1432,1.68,16.0,18.5,5,249100.0,-27.5,False
2024-01-01,Zamoskvorechye,CAO,605700,635700,2524,2.18,16.0,18.5,5,458320.0,-24.3,False
2024-01-01,Zapadnoye Degunino,SAO,278400,306600,1160,3.57,16.0,18.5,2,144800.0,-48.0,False
2024-01-01,Zelenograd,ZelAO,183600,204800,765,-4.7,16.0,18.5,4,110150.0,-40.0,True
2024-01-01,Zyablikovo,YuAO,249400,273300,1039,-2.16,16.0,18.5,2,118650.0,-52.4,False
2024-01-01,Zyuzino,YuZAO,364100,414500,1517,-1.3,16.0,18.5,6,250567.0,-31.2,False
2024-02-01,Aeroport,SAO,347400,355700,1448,-0.56,16.0,18.5,1,265900.0,-23.5,False
2024-02-01,Akademichesky,YuZAO,447100,529300,1863,1.89,16.0,18.5,6,327700.0,-26.7,False
2024-02-01,Alekseevsky,SVAO,348200,376500,1451,-2.34,16.0,18.5,3,241367.0,-30.7,False
2024-02-01,Altufyevsky,SVAO,270700,310100,1128,1.1,16.0,18.5,9,160433.0,-40.7,False
2024-02-01,Arbat,CAO,776200,867500,3234,6.55,16.0,18.5,3,577600.0,-25.6,False
2024-02-01,Babushkinsky,SVAO,296800,322300,1237,1.79,16.0,18.5,3,184200.0,-37.9,False
2024-02-01,Basmanny,CAO,587400,668700,2448,2.75,16.0,18.5,5,414800.0,-29.4,False
2024-02-01,Begovoy,SAO,390100,434300,1625,2.12,16.0,18.5,5,326040.0,-16.4,False
2024-02-01,Beskudnikovsky,SAO,273300,297700,1139,-4.65,16.0,18.5,4,178675.0,-34.6,False
2024-02-01,Bibirevo,SVAO,276200,297700,1151,0.95,16.0,18.5,6,165467.0,-40.1,False
2024-02-01,Biryulyovo Vostochnoye,YuAO,262200,293800,1093,12.11,16.0,18.5,8,137913.0,-47.4,False
2024-02-01,Biryulyovo Zapadnoye,YuAO,237800,269000,991,-3.39,16.0,18.5,4,178225.0,-25.1,False
2024-02-01,Bogorodskoye,VAO,285500,318100,1189,1.7,16.0,18.5,3,213600.0,-25.2,False
2024-02-01,Brateyevo,YuAO,247700,275000,1032,-1.51,16.0,18.5,3,143900.0,-41.9,False
2024-02-01,Butyrsky,SVAO,347200,373900,1447,3.23,16.0,18.5,3,275633.0,-20.6,False
2024-02-01,Chertanovo Severnoye,YuAO,290100,324200,1209,7.72,16.0,18.5,5,198040.0,-31.7,False
2024-02-01,Chertanovo Tsentralnoye,YuAO,270800,289700,1128,1.9,16.0,18.5,4,179425.0,-33.7,False
2024-02-01,Chertanovo Yuzhnoye,YuAO,253100,275900,1055,-3.75,16.0,18.5,5,229860.0,-9.2,False
2024-02-01,Cheryomushki,YuZAO,408400,460600,1702,2.03,16.0,18.5,5,319200.0,-21.8,False
2024-02-01,Danilovsky,YuAO,369800,416100,1541,2.43,16.0,18.5,7,255743.0,-30.8,False
2024-02-01,Desyonovskoye,NAO,221100,245400,921,5.86,16.0,18.5,0,,,True
2024-02-01,Dmitrovsky,SAO,261400,283900,1089,4.5,16.0,18.5,0,,,False
2024-02-01,Donskoy,YuAO,372200,412100,1551,0.31,16.0,18.5,5,240400.0,-35.4,False
2024-02-01,Dorogomilovo,ZAO,577500,621500,2406,-0.43,16.0,18.5,1,458700.0,-20.6,False
2024-02-01,Fili-Davydkovo,ZAO,445200,500900,1855,1.95,16.0,18.5,4,282575.0,-36.5,False
2024-02-01,Filimonkovskoye,NAO,183600,206300,765,-3.69,16.0,18.5,5,107880.0,-41.2,True
2024-02-01,Filyovsky Park,ZAO,450500,531500,1877,2.82,16.0,18.5,3,287767.0,-36.1,False
2024-02-01,Gagarinsky,YuZAO,513600,585600,2140,5.12,16.0,18.5,7,377500.0,-26.5,False
2024-02-01,Golovinsky,SAO,293600,322600,1223,0.84,16.0,18.5,8,177150.0,-39.7,False
2024-02-01,Golyanovo,VAO,254300,290000,1060,-1.03,16.0,18.5,4,148050.0,-41.8,False
2024-02-01,Ivanovskoye,VAO,271100,305000,1129,3.98,16.0,18.5,1,201200.0,-25.8,False
2024-02-01,Izmaylovo,VAO,322200,351600,1342,4.47,16.0,18.5,1,240500.0,-25.4,False
2024-02-01,Khamovniki,CAO,773300,859200,3222,0.75,16.0,18.5,5,505600.0,-34.6,False
2024-02-01,Khoroshyovo-Mnyovniki,SZAO,390600,434700,1627,-2.13,16.0,18.5,6,258867.0,-33.7,False
2024-02-01,Khoroshyovsky,SAO,398700,432200,1661,-2.13,16.0,18.5,10,306620.0,-23.1,False
2024-02-01,Khovrino,SAO,266000,296600,1109,0.12,16.0,18.5,5,144580.0,-45.6,False
2024-02-01,Kievsky,TAO,114900,128200,479,2.72,16.0,18.5,5,51340.0,-55.3,True
2024-02-01,Klyonovskoye,TAO,111100,124000,463,-0.27,16.0,18.5,5,65540.0,-41.0,True
2024-02-01,Kokoshkino,NAO,181300,202100,755,2.63,16.0,18.5,2,95200.0,-47.5,True
2024-02-01,Konkovo,YuZAO,363400,396400,1514,2.83,16.0,18.5,5,196960.0,-45.8,False
2024-02-01,Koptevo,SAO,301900,336500,1258,-2.35,16.0,18.5,3,177467.0,-41.2,False
2024-02-01,Kosino-Ukhtomsky,VAO,273600,283600,1140,9.18,16.0,18.5,10,134370.0,-50.9,False
2024-02-01,Kotlovka,YuZAO,393300,417300,1639,-1.06,16.0,18.5,6,221967.0,-43.6,False
2024-02-01,Krasnopakhorskoye,TAO,130200,141400,543,1.53,16.0,18.5,3,80833.0,-37.9,True
2024-02-01,Krasnoselsky,CAO,563900,602700,2350,6.79,16.0,18.5,4,433525.0,-23.1,False
2024-02-01,Krylatskoye,SZAO,474700,519000,1978,7.12,16.0,18.5,5,266420.0,-43.9,False
2024-02-01,Kuntsevo,ZAO,395000,442900,1646,-1.69,16.0,18.5,2,230250.0,-41.7,False
2024-02-01,Kurkino,SZAO,364400,385000,1518,-5.05,16.0,18.5,5,203340.0,-44.2,False
2024-02-01,Levoberezhny,SAO,296800,318100,1237,-0.4,16.0,18.5,4,182400.0,-38.5,False
2024-02-01,Lianozovo,SVAO,271900,301900,1133,2.07,16.0,18.5,5,140320.0,-48.4,False
2024-02-01,Lomonosovsky,YuZAO,473300,494500,1972,-5.79,16.0,18.5,3,304367.0,-35.7,False
2024-02-01,Losinoostrovsky,SVAO,278300,302800,1159,0.08,16.0,18.5,2,143700.0,-48.4,False
2024-02-01,Marfino,SVAO,295700,335700,1232,3.39,16.0,18.5,7,189414.0,-35.9,False
2024-02-01,Marushkinskoye,NAO,172200,194400,718,-0.41,16.0,18.5,5,83540.0,-51.5,True
2024-02-01,Maryina Roshcha,SVAO,334100,366200,1392,-3.43,16.0,18.5,1,215000.0,-35.6,False
2024-02-01,Meshchansky,CAO,567300,635400,2364,0.23,16.0,18.5,6,435983.0,-23.1,False
2024-02-01,Metrogorodok,VAO,248400,274100,1035,-5.27,16.0,18.5,3,179633.0,-27.7,False
2024-02-01,Mikhaylovo-Yartsevskoye,TAO,115300,129400,481,0.28,16.0,18.5,9,63067.0,-45.3,True
2024-02-01,Mitino,SZAO,316100,361400,1317,-5.44,16.0,18.5,3,215167.0,-31.9,False
2024-02-01,Molzhaninovsky,SAO,236200,254600,984,4.52,16.0,18.5,11,128682.0,-45.5,False
2024-02-01,Moskovsky,NAO,228300,240500,951,2.06,16.0,18.5,2,132700.0,-41.9,True
2024-02-01,Moskvorechye-Saburovo,YuAO,279700,311900,1165,4.13,16.0,18.5,2,177900.0,-36.4,False
2024-02-01,Mosrentgen,NAO,222900,246900,929,-1.22,16.0,18.5,7,127543.0,-42.8,True
2024-02-01,Mozhaysky,ZAO,366000,412000,1525,4.62,16.0,18.5,2,210500.0,-42.5,False
2024-02-01,Nagatino-Sadovniki,YuAO,314100,338300,1309,2.96,16.0,18.5,5,209220.0,-33.4,False
2024-02-01,Nagatinsky Zaton,YuAO,333700,365200,1391,0.21,16.0,18.5,5,210640.0,-36.9,False
2024-02-01,Nagorny,YuAO,317000,353500,1321,4.6,16.0,18.5,6,245183.0,-22.7,False
2024-02-01,Novo-Peredelkino,ZAO,308700,330500,1286,2.16,16.0,18.5,6,149800.0,-51.5,False
2024-02-01,Novofyodorovskoye,TAO,109700,124700,457,0.13,16.0,18.5,1,73400.0,-33.1,True
2024-02-01,Novogireyevo,VAO,297200,316300,1238,4.58,16.0,18.5,3,233233.0,-21.5,False
2024-02-01,Novokosino,VAO,268700,298100,1120,-1.1,16.0,18.5,4,162150.0,-39.7,False
2024-02-01,Obruchevsky,YuZAO,394200,436400,1643,6.15,16.0,18.5,2,213350.0,-45.9,False
2024-02-01,Ochakovo-Matveyevskoye,ZAO,366800,393800,1529,3.73,16.0,18.5,4,230550.0,-37.1,False
2024-02-01,Orekhovo-Borisovo Severnoye,YuAO,253300,280500,1055,-3.31,16.0,18.5,4,152325.0,-39.9,False
2024-02-01,Orekhovo-Borisovo Yuzhnoye,YuAO,257700,277400,1074,5.44,16.0,18.5,3,154467.0,-40.1,False
2024-02-01,Ostankinsky,SVAO,359400,394800,1498,9.71,16.0,18.5,6,196750.0,-45.3,False
2024-02-01,Otradnoye,SVAO,289100,331000,1205,-2.41,16.0,18.5,5,171140.0,-40.8,False
2024-02-01,Perovo,VAO,290400,312600,1210,0.86,16.0,18.5,6,207283.0,-28.6,False
2024-02-01,Pervomayskoye,TAO,117600,133000,490,-7.19,16.0,18.5,6,71367.0,-39.3,True
2024-02-01,Pokrovskoye-Streshnevo,SZAO,363700,396000,1515,1.23,16.0,18.5,6,236650.0,-34.9,False
2024-02-01,Preobrazhenskoye,VAO,317400,332400,1323,2.79,16.0,18.5,5,276040.0,-13.0,False
2024-02-01,Presnensky,CAO,698200,776600,2909,-3.96,16.0,18.5,7,532643.0,-23.7,False
2024-02-01,Prospekt Vernadskogo,ZAO,467200,513300,1946,-6.67,16.0,18.5,5,340960.0,-27.0,False
2024-02-01,Ramenki,ZAO,484600,538500,2019,-4.69,16.0,18.5,5,316700.0,-34.6,False
2024-02-01,Rogovskoye,TAO,114100,126200,475,6.84,16.0,18.5,7,62200.0,-45.5,True
2024-02-01,Rostokino,SVAO,304100,338200,1267,1.43,16.0,18.5,7,176629.0,-41.9,False
2024-02-01,Ryazanovskoye,NAO,178200,196000,743,3.51,16.0,18.5,7,88714.0,-50.2,True
2024-02-01,Savyolovsky,SAO,362400,403200,1510,-6.76,16.0,18.5,5,230360.0,-36.4,False
2024-02-01,Severnoye Butovo,YuZAO,335200,361900,1397,1.21,16.0,18.5,4,187525.0,-44.1,False
2024-02-01,Severnoye Izmaylovo,VAO,275600,309200,1148,-7.77,16.0,18.5,7,239357.0,-13.2,False
2024-02-01,Severnoye Medvedkovo,SVAO,272800,305700,1137,-6.1,16.0,18.5,10,165070.0,-39.5,False
2024-02-01,Severnoye Tushino,SZAO,316600,357900,1319,-4.64,16.0,18.5,4,234050.0,-26.1,False
2024-02-01,Severny,SVAO,255700,285700,1065,-0.39,16.0,18.5,3,114200.0,-55.3,False
2024-02-01,Shchapovskoye,TAO,114300,126300,476,-1.38,16.0,18.5,7,56757.0,-50.3,True
2024-02-01,Shcherbinka,NAO,210400,230700,877,3.61,16.0,18.5,5,114240.0,-45.7,True
2024-02-01,Shchukino,SZAO,387500,432300,1615,-2.73,16.0,18.5,6,392250.0,1.2,False
2024-02-01,Sokol,SAO,398200,449400,1659,4.26,16.0,18.5,7,291286.0,-26.8,False
2024-02-01,Sokolinaya Gora,VAO,292200,314200,1218,4.28,16.0,18.5,5,195260.0,-33.2,False
2024-02-01,Sokolniki,VAO,344900,398500,1437,-0.56,16.0,18.5,7,298671.0,-13.4,False
2024-02-01,Solntsevo,ZAO,329300,356300,1372,2.28,16.0,18.5,6,158983.0,-51.7,False
2024-02-01,Sosenskoye,NAO,224000,240300,933,-2.6,16.0,18.5,7,118814.0,-47.0,True
2024-02-01,Strogino,SZAO,413600,457200,1723,0.29,16.0,18.5,3,338600.0,-18.1,False
2024-02-01,Sviblovo,SVAO,277500,311800,1156,-6.64,16.0,18.5,3,156300.0,-43.7,False
2024-02-01,Tagansky,CAO,573700,636300,2390,5.08,16.0,18.5,9,400900.0,-30.1,False
2024-02-01,Timiryazevsky,SAO,351700,381800,1466,3.52,16.0,18.5,3,244800.0,-30.4,False
2024-02-01,Troitsk,TAO,150800,164700,628,0.12,16.0,18.5,13,86677.0,-42.5,True
2024-02-01,Troparyovo-Nikulino,ZAO,430200,483100,1793,-0.36,16.0,18.5,6,296050.0,-31.2,False
2024-02-01,Tsaritsyno,YuAO,273300,294000,1139,-2.4,16.0,18.5,5,175180.0,-35.9,False
2024-02-01,Tverskoy,CAO,714300,821500,2976,0.21,16.0,18.5,7,492843.0,-31.0,False
2024-02-01,Tyoply Stan,YuZAO,336000,396000,1400,-1.43,16.0,18.5,6,236017.0,-29.8,False
2024-02-01,Veshnyaki,VAO,266200,303200,1109,8.31,16.0,18.5,3,136367.0,-48.8,False
2024-02-01,Vnukovo,ZAO,299800,330700,1249,1.88,16.0,18.5,4,163700.0,-45.4,False
2024-02-01,Vnukovskoye,NAO,231500,253500,965,4.46,16.0,18.5,6,100617.0,-56.5,True
2024-02-01,Voronovskoye,TAO,117800,130000,491,-0.37,16.0,18.5,5,56380.0,-52.1,True
2024-02-01,Voskresenskoye,NAO,203500,229500,848,0.93,16.0,18.5,4,95700.0,-53.0,True
2024-02-01,Vostochnoye Izmaylovo,VAO,289700,318500,1207,-0.41,16.0,18.5,4,220625.0,-23.8,False
2024-02-01,Vostochny,VAO,238100,252200,992,-1.31,16.0,18.5,5,142120.0,-40.3,False
2024-02-01,Voykovsky,SAO,326100,363200,1359,0.89,16.0,18.5,7,264371.0,-18.9,False
2024-02-01,Yakimanka,CAO,742600,834200,3094,4.08,16.0,18.5,7,590043.0,-20.5,False
2024-02-01,Yaroslavsky,SVAO,274000,299700,1142,5.25,16.0,18.5,5,175080.0,-36.1,False
2024-02-01,Yasenevo,YuZAO,347600,391100,1448,-0.38,16.0,18.5,2,353600.0,1.7,False
2024-02-01,Yuzhnoye Butovo,YuZAO,306600,335500,1278,2.48,16.0,18.5,5,134280.0,-56.2,False
2024-02-01,Yuzhnoye Medvedkovo,SVAO,275100,302700,1146,-5.73,16.0,18.5,7,169271.0,-38.5,False
2024-02-01,Yuzhnoye Tushino,SZAO,339000,383600,1413,-1.34,16.0,18.5,8,213388.0,-37.1,False
2024-02-01,Zamoskvorechye,CAO,656600,697800,2736,8.4,16.0,18.5,9,454011.0,-30.9,False
2024-02-01,Zapadnoye Degunino,SAO,289000,328500,1204,3.82,16.0,18.5,7,171986.0,-40.5,False
2024-02-01,Zelenograd,ZelAO,182900,205500,762,-0.38,16.0,18.5,8,91388.0,-50.0,True
2024-02-01,Zyablikovo,YuAO,253000,277900,1054,1.44,16.0,18.5,3,136233.0,-46.2,False
2024-02-01,Zyuzino,YuZAO,380400,427300,1585,4.48,16.0,18.5,5,213340.0,-43.9,False
2024-03-01,Aeroport,SAO,354000,385200,1475,1.89,16.0,18.5,7,231114.0,-34.7,False
2024-03-01,Akademichesky,YuZAO,421700,458100,1757,-5.67,16.0,18.5,3,266633.0,-36.8,False
2024-03-01,Alekseevsky,SVAO,350400,377700,1460,0.63,16.0,18.5,4,222650.0,-36.5,False
2024-03-01,Altufyevsky,SVAO,269200,290800,1122,-0.54,16.0,18.5,4,151450.0,-43.7,False
2024-03-01,Arbat,CAO,745000,780500,3104,-4.02,16.0,18.5,4,485725.0,-34.8,False
2024-03-01,Babushkinsky,SVAO,295200,317500,1230,-0.52,16.0,18.5,2,155650.0,-47.3,False
2024-03-01,Basmanny,CAO,558400,645300,2327,-4.94,16.0,18.5,9,405789.0,-27.3,False
2024-03-01,Begovoy,SAO,393200,451600,1638,0.79,16.0,18.5,5,339500.0,-13.7,False
2024-03-01,Beskudnikovsky,SAO,277900,316700,1158,1.69,16.0,18.5,5,176820.0,-36.4,False
2024-03-01,Bibirevo,SVAO,273200,312000,1138,-1.11,16.0,18.5,7,177229.0,-35.1,False
2024-03-01,Biryulyovo Vostochnoye,YuAO,249900,277100,1041,-4.7,16.0,18.5,6,159117.0,-36.3,False
2024-03-01,Biryulyovo Zapadnoye,YuAO,260700,300300,1086,9.66,16.0,18.5,11,143855.0,-44.8,False
2024-03-01,Bogorodskoye,VAO,303500,327800,1265,6.33,16.0,18.5,5,211440.0,-30.3,False
2024-03-01,Brateyevo,YuAO,260700,280200,1086,5.23,16.0,18.5,6,150283.0,-42.4,False
2024-03-01,Butyrsky,SVAO,321500,360500,1340,-7.39,16.0,18.5,5,245740.0,-23.6,False
2024-03-01,Chertanovo Severnoye,YuAO,278400,299800,1160,-4.05,16.0,18.5,1,174100.0,-37.5,False
2024-03-01,Chertanovo Tsentralnoye,YuAO,280400,307200,1168,3.54,16.0,18.5,5,170140.0,-39.3,False
2024-03-01,Chertanovo Yuzhnoye,YuAO,260800,304000,1087,3.04,16.0,18.5,2,194400.0,-25.5,False
2024-03-01,Cheryomushki,YuZAO,389300,434700,1622,-4.68,16.0,18.5,1,239300.0,-38.5,False
2024-03-01,Danilovsky,YuAO,346400,373500,1443,-6.31,16.0,18.5,6,257467.0,-25.7,False
2024-03-01,Desyonovskoye,NAO,214400,231200,893,-3.03,16.0,18.5,7,108314.0,-49.5,True
2024-03-01,Dmitrovsky,SAO,261400,285000,1089,0.03,16.0,18.5,6,170333.0,-34.8,False
2024-03-01,Donskoy,YuAO,383300,427800,1597,2.99,16.0,18.5,3,245000.0,-36.1,False
2024-03-01,Dorogomilovo,ZAO,564900,615900,2354,-2.17,16.0,18.5,5,400280.0,-29.1,False
2024-03-01,Fili-Davydkovo,ZAO,433500,462700,1806,-2.64,16.0,18.5,4,267825.0,-38.2,False
2024-03-01,Filimonkovskoye,NAO,187400,207200,781,2.07,16.0,18.5,9,94456.0,-49.6,True
2024-03-01,Filyovsky Park,ZAO,482600,522200,2011,7.13,16.0,18.5,4,279250.0,-42.1,False
2024-03-01,Gagarinsky,YuZAO,495000,552100,2063,-3.62,16.0,18.5,8,332188.0,-32.9,False
2024-03-01,Golovinsky,SAO,298400,312300,1243,1.65,16.0,18.5,5,165460.0,-44.6,False
2024-03-01,Golyanovo,VAO,252800,270400,1053,-0.61,16.0,18.5,6,173467.0,-31.4,False
2024-03-01,Ivanovskoye,VAO,271900,290600,1133,0.3,16.0,18.5,8,199238.0,-26.7,False
2024-03-01,Izmaylovo,VAO,319300,343400,1330,-0.9,16.0,18.5,7,206171.0,-35.4,False
2024-03-01,Khamovniki,CAO,762700,842400,3178,-1.38,16.0,18.5,3,566700.0,-25.7,False
2024-03-01,Khoroshyovo-Mnyovniki,SZAO,397700,436600,1657,1.81,16.0,18.5,3,279200.0,-29.8,False
2024-03-01,Khoroshyovsky,SAO,399200,453100,1663,0.12,16.0,18.5,5,294220.0,-26.3,False
2024-03-01,Khovrino,SAO,286200,303100,1192,7.56,16.0,18.5,5,174900.0,-38.9,False
2024-03-01,Kievsky,TAO,107500,116100,448,-6.44,16.0,18.5,7,56543.0,-47.4,True
2024-03-01,Klyonovskoye,TAO,111400,122100,464,0.24,16.0,18.5,3,62833.0,-43.6,True
2024-03-01,Kokoshkino,NAO,177200,194800,738,-2.25,16.0,18.5,4,105550.0,-40.4,True
2024-03-01,Konkovo,YuZAO,374500,414700,1560,3.04,16.0,18.5,5,219340.0,-41.4,False
2024-03-01,Koptevo,SAO,302300,316600,1259,0.13,16.0,18.5,6,208033.0,-31.2,False
2024-03-01,Kosino-Ukhtomsky,VAO,252600,267900,1053,-7.65,16.0,18.5,1,152500.0,-39.6,False
2024-03-01,Kotlovka,YuZAO,392900,437600,1637,-0.12,16.0,18.5,10,246260.0,-37.3,False
2024-03-01,Krasnopakhorskoye,TAO,123800,130500,516,-4.96,16.0,18.5,8,69050.0,-44.2,True
2024-03-01,Krasnoselsky,CAO,537700,595400,2240,-4.65,16.0,18.5,3,432633.0,-19.5,False
2024-03-01,Krylatskoye,SZAO,480800,544500,2003,1.28,16.0,18.5,4,253675.0,-47.2,False
2024-03-01,Kuntsevo,ZAO,408200,435900,1701,3.34,16.0,18.5,7,280886.0,-31.2,False
2024-03-01,Kurkino,SZAO,395500,425500,1648,8.54,16.0,18.5,3,192400.0,-51.4,False
2024-03-01,Levoberezhny,SAO,298400,322900,1243,0.52,16.0,18.5,4,209550.0,-29.8,False
2024-03-01,Lianozovo,SVAO,273100,303100,1138,0.42,16.0,18.5,7,177529.0,-35.0,False
2024-03-01,Lomonosovsky,YuZAO,482600,569500,2011,1.95,16.0,18.5,4,295275.0,-38.8,False
2024-03-01,Losinoostrovsky,SVAO,288900,325700,1204,3.84,16.0,18.5,7,159000.0,-45.0,False
2024-03-01,Marfino,SVAO,291000,303000,1212,-1.62,16.0,18.5,7,195514.0,-32.8,False
2024-03-01,Marushkinskoye,NAO,170600,190800,711,-0.95,16.0,18.5,4,96925.0,-43.2,True
2024-03-01,Maryina Roshcha,SVAO,364900,396900,1520,9.22,16.0,18.5,2,210550.0,-42.3,False
2024-03-01,Meshchansky,CAO,580200,627000,2418,2.29,16.0,18.5,4,519625.0,-10.4,False
2024-03-01,Metrogorodok,VAO,258300,284900,1076,3.97,16.0,18.5,4,172275.0,-33.3,False
2024-03-01,Mikhaylovo-Yartsevskoye,TAO,112700,130600,470,-2.29,16.0,18.5,7,63243.0,-43.9,True
2024-03-01,Mitino,SZAO,318000,343200,1325,0.61,16.0,18.5,6,236033.0,-25.8,False
2024-03-01,Molzhaninovsky,SAO,238600,261400,994,1.03,16.0,18.5,4,140125.0,-41.3,False
2024-03-01,Moskovsky,NAO,225600,262700,940,-1.19,16.0,18.5,4,110950.0,-50.8,True
2024-03-01,Moskvorechye-Saburovo,YuAO,280500,312700,1169,0.28,16.0,18.5,3,211633.0,-24.6,False
2024-03-01,Mosrentgen,NAO,231000,253600,963,3.65,16.0,18.5,3,147133.0,-36.3,True
2024-03-01,Mozhaysky,ZAO,369800,407800,1541,1.06,16.0,18.5,6,237383.0,-35.8,False
2024-03-01,Nagatino-Sadovniki,YuAO,318500,341400,1327,1.39,16.0,18.5,5,210980.0,-33.8,False
2024-03-01,Nagatinsky Zaton,YuAO,347600,382600,1449,4.17,16.0,18.5,9,231011.0,-33.5,False
2024-03-01,Nagorny,YuAO,339400,362800,1414,7.08,16.0,18.5,4,237650.0,-30.0,False
2024-03-01,Novo-Peredelkino,ZAO,298700,330900,1244,-3.26,16.0,18.5,6,170467.0,-42.9,False
2024-03-01,Novofyodorovskoye,TAO,106700,110600,445,-2.69,16.0,18.5,3,60333.0,-43.5,True
2024-03-01,Novogireyevo,VAO,308700,355500,1286,3.9,16.0,18.5,1,156800.0,-49.2,False
2024-03-01,Novokosino,VAO,269500,307900,1123,0.31,16.0,18.5,5,161260.0,-40.2,False
2024-03-01,Obruchevsky,YuZAO,389300,421500,1622,-1.25,16.0,18.5,1,283600.0,-27.2,False
2024-03-01,Ochakovo-Matveyevskoye,ZAO,377800,415500,1574,3.0,16.0,18.5,2,205000.0,-45.7,False
2024-03-01,Orekhovo-Borisovo Severnoye,YuAO,258600,286100,1077,2.1,16.0,18.5,1,150200.0,-41.9,False
2024-03-01,Orekhovo-Borisovo Yuzhnoye,YuAO,255300,289600,1064,-0.95,16.0,18.5,4,165300.0,-35.3,False
2024-03-01,Ostankinsky,SVAO,339300,372600,1414,-5.6,16.0,18.5,2,269550.0,-20.6,False
2024-03-01,Otradnoye,SVAO,299000,316900,1246,3.43,16.0,18.5,2,147550.0,-50.7,False
2024-03-01,Perovo,VAO,288000,312700,1200,-0.84,16.0,18.5,7,265843.0,-7.7,False
2024-03-01,Pervomayskoye,TAO,124700,132200,520,6.02,16.0,18.5,5,76420.0,-38.7,True
2024-03-01,Pokrovskoye-Streshnevo,SZAO,366000,401500,1525,0.63,16.0,18.5,5,243240.0,-33.5,False
2024-03-01,Preobrazhenskoye,VAO,313400,345500,1306,-1.28,16.0,18.5,5,310400.0,-1.0,False
2024-03-01,Presnensky,CAO,709300,795700,2955,1.59,16.0,18.5,5,560480.0,-21.0,False
2024-03-01,Prospekt Vernadskogo,ZAO,479300,513500,1997,2.61,16.0,18.5,12,314942.0,-34.3,False
2024-03-01,Ramenki,ZAO,474000,540900,1975,-2.17,16.0,18.5,5,285240.0,-39.8,False
2024-03-01,Rogovskoye,TAO,108900,120500,454,-4.57,16.0,18.5,2,48300.0,-55.6,True
2024-03-01,Rostokino,SVAO,300100,327100,1250,-1.33,16.0,18.5,4,152375.0,-49.2,False
2024-03-01,Ryazanovskoye,NAO,177000,186600,737,-0.68,16.0,18.5,4,96825.0,-45.3,True
2024-03-01,Savyolovsky,SAO,377200,403500,1572,4.1,16.0,18.5,6,271400.0,-28.0,False
2024-03-01,Severnoye Butovo,YuZAO,326400,363100,1360,-2.62,16.0,18.5,6,167033.0,-48.8,False
2024-03-01,Severnoye Izmaylovo,VAO,278200,306300,1159,0.95,16.0,18.5,9,194956.0,-29.9,False
2024-03-01,Severnoye Medvedkovo,SVAO,277800,304800,1157,1.83,16.0,18.5,3,152333.0,-45.2,False
2024-03-01,Severnoye Tushino,SZAO,333400,359800,1389,5.3,16.0,18.5,4,201400.0,-39.6,False
2024-03-01,Severny,SVAO,243700,260900,1016,-4.66,16.0,18.5,13,129177.0,-47.0,False
2024-03-01,Shchapovskoye,TAO,114500,122600,477,0.17,16.0,18.5,4,58000.0,-49.3,True
2024-03-01,Shcherbinka,NAO,213700,238200,891,1.56,16.0,18.5,4,108650.0,-49.2,True
2024-03-01,Shchukino,SZAO,415300,443100,1730,7.15,16.0,18.5,6,321083.0,-22.7,False
2024-03-01,Sokol,SAO,382800,409100,1595,-3.86,16.0,18.5,1,301400.0,-21.3,False
2024-03-01,Sokolinaya Gora,VAO,278900,303600,1162,-4.55,16.0,18.5,6,198083.0,-29.0,False
2024-03-01,Sokolniki,VAO,343200,373100,1430,-0.49,16.0,18.5,5,243100.0,-29.2,False
2024-03-01,Solntsevo,ZAO,318900,348900,1329,-3.13,16.0,18.5,4,203250.0,-36.3,False
2024-03-01,Sosenskoye,NAO,221100,241300,921,-1.29,16.0,18.5,6,109517.0,-50.5,True
2024-03-01,Strogino,SZAO,424000,454300,1767,2.53,16.0,18.5,6,357517.0,-15.7,False
2024-03-01,Sviblovo,SVAO,294200,312500,1226,6.01,16.0,18.5,4,212750.0,-27.7,False
2024-03-01,Tagansky,CAO,550800,605600,2295,-3.99,16.0,18.5,6,380733.0,-30.9,False
2024-03-01,Timiryazevsky,SAO,336700,363800,1403,-4.27,16.0,18.5,6,202233.0,-39.9,False
2024-03-01,Troitsk,TAO,159600,177500,665,5.81,16.0,18.5,6,72000.0,-54.9,True
2024-03-01,Troparyovo-Nikulino,ZAO,436700,503000,1819,1.49,16.0,18.5,2,442000.0,1.2,False
2024-03-01,Tsaritsyno,YuAO,276900,316600,1154,1.34,16.0,18.5,4,149550.0,-46.0,False
2024-03-01,Tverskoy,CAO,724700,812500,3019,1.46,16.0,18.5,5,601700.0,-17.0,False
2024-03-01,Tyoply Stan,YuZAO,323100,351400,1346,-3.83,16.0,18.5,7,208014.0,-35.6,False
2024-03-01,Veshnyaki,VAO,267200,285600,1113,0.39,16.0,18.5,3,164600.0,-38.4,False
2024-03-01,Vnukovo,ZAO,297100,335400,1238,-0.92,16.0,18.5,7,152629.0,-48.6,False
2024-03-01,Vnukovskoye,NAO,221700,244600,924,-4.26,16.0,18.5,5,137560.0,-38.0,True
2024-03-01,Voronovskoye,TAO,116000,129300,483,-1.53,16.0,18.5,6,54950.0,-52.6,True
2024-03-01,Voskresenskoye,NAO,203600,223100,848,0.01,16.0,18.5,2,120650.0,-40.7,True
2024-03-01,Vostochnoye Izmaylovo,VAO,288200,315500,1201,-0.52,16.0,18.5,2,179650.0,-37.7,False
2024-03-01,Vostochny,VAO,235800,259400,983,-0.95,16.0,18.5,8,164675.0,-30.2,False
2024-03-01,Voykovsky,SAO,322100,345800,1342,-1.22,16.0,18.5,5,248160.0,-23.0,False
2024-03-01,Yakimanka,CAO,697200,740600,2905,-6.12,16.0,18.5,5,527620.0,-24.3,False
2024-03-01,Yaroslavsky,SVAO,274300,312700,1143,0.12,16.0,18.5,4,150150.0,-45.3,False
2024-03-01,Yasenevo,YuZAO,366300,379900,1526,5.38,16.0,18.5,5,298560.0,-18.5,False
2024-03-01,Yuzhnoye Butovo,YuZAO,298500,308400,1244,-2.65,16.0,18.5,1,144700.0,-51.5,False
2024-03-01,Yuzhnoye Medvedkovo,SVAO,283500,303000,1181,3.04,16.0,18.5,5,174500.0,-38.4,False
2024-03-01,Yuzhnoye Tushino,SZAO,350500,389100,1460,3.39,16.0,18.5,1,151000.0,-56.9,False
2024-03-01,Zamoskvorechye,CAO,598000,665300,2492,-8.92,16.0,18.5,5,588300.0,-1.6,False
2024-03-01,Zapadnoye Degunino,SAO,291600,312300,1215,0.9,16.0,18.5,10,151880.0,-47.9,False
2024-03-01,Zelenograd,ZelAO,193300,213300,805,5.7,16.0,18.5,7,99086.0,-48.7,True
2024-03-01,Zyablikovo,YuAO,260800,295000,1087,3.09,16.0,18.5,5,137440.0,-47.3,False
2024-03-01,Zyuzino,YuZAO,384000,443800,1600,0.95,16.0,18.5,4,230650.0,-39.9,False
2024-04-01,Aeroport,SAO,353700,379000,1474,-0.08,16.0,18.5,4,284100.0,-19.7,False
2024-04-01,Akademichesky,YuZAO,424800,463800,1770,0.73,16.0,18.5,9,263022.0,-38.1,False
2024-04-01,Alekseevsky,SVAO,334700,365900,1395,-4.47,16.0,18.5,7,223357.0,-33.3,False
2024-04-01,Altufyevsky,SVAO,264100,292200,1100,-1.89,16.0,18.5,5,157840.0,-40.2,False
2024-04-01,Arbat,CAO,729400,815400,3039,-2.09,16.0,18.5,6,540517.0,-25.9,False
2024-04-01,Babushkinsky,SVAO,281300,312900,1172,-4.71,16.0,18.5,3,165900.0,-41.0,False
2024-04-01,Basmanny,CAO,596500,636600,2486,6.83,16.0,18.5,6,403350.0,-32.4,False
2024-04-01,Begovoy,SAO,389300,438700,1622,-0.99,16.0,18.5,5,299280.0,-23.1,False
2024-04-01,Beskudnikovsky,SAO,280800,309200,1170,1.05,16.0,18.5,4,150950.0,-46.2,False
2024-04-01,Bibirevo,SVAO,284500,328400,1185,4.15,16.0,18.5,6,183383.0,-35.5,False
2024-04-01,Biryulyovo Vostochnoye,YuAO,257100,282900,1071,2.88,16.0,18.5,9,144211.0,-43.9,False
2024-04-01,Biryulyovo Zapadnoye,YuAO,251200,282200,1047,-3.64,16.0,18.5,4,137375.0,-45.3,False
2024-04-01,Bogorodskoye,VAO,283900,326100,1183,-6.48,16.0,18.5,6,203167.0,-28.4,False
2024-04-01,Brateyevo,YuAO,255300,267500,1064,-2.04,16.0,18.5,4,138600.0,-45.7,False
2024-04-01,Butyrsky,SVAO,329700,361300,1374,2.55,16.0,18.5,7,267286.0,-18.9,False
2024-04-01,Chertanovo Severnoye,YuAO,288500,317700,1202,3.63,16.0,18.5,5,194820.0,-32.5,False
2024-04-01,Chertanovo Tsentralnoye,YuAO,277100,316700,1155,-1.19,16.0,18.5,8,160788.0,-42.0,False
2024-04-01,Chertanovo Yuzhnoye,YuAO,256500,275200,1069,-1.65,16.0,18.5,5,242960.0,-5.3,False
2024-04-01,Cheryomushki,YuZAO,391600,439200,1632,0.6,16.0,18.5,7,305171.0,-22.1,False
2024-04-01,Danilovsky,YuAO,364800,409200,1520,5.29,16.0,18.5,9,232244.0,-36.3,False
2024-04-01,Desyonovskoye,NAO,204800,230000,853,-4.47,16.0,18.5,2,114200.0,-44.2,True
2024-04-01,Dmitrovsky,SAO,268900,290400,1120,2.84,16.0,18.5,5,167340.0,-37.8,False
2024-04-01,Donskoy,YuAO,376700,407900,1569,-1.73,16.0,18.5,8,285413.0,-24.2,False
2024-04-01,Dorogomilovo,ZAO,565800,620400,2358,0.16,16.0,18.5,5,425040.0,-24.9,False
2024-04-01,Fili-Davydkovo,ZAO,444900,458500,1854,2.65,16.0,18.5,2,297900.0,-33.0,False
2024-04-01,Filimonkovskoye,NAO,194700,219600,811,3.84,16.0,18.5,3,94233.0,-51.6,True
2024-04-01,Filyovsky Park,ZAO,449700,492500,1874,-6.82,16.0,18.5,6,326933.0,-27.3,False
2024-04-01,Gagarinsky,YuZAO,493000,517400,2054,-0.41,16.0,18.5,4,353525.0,-28.3,False
2024-04-01,Golovinsky,SAO,301600,337700,1257,1.06,16.0,18.5,6,184967.0,-38.7,False
2024-04-01,Golyanovo,VAO,263700,289200,1099,4.33,16.0,18.5,6,158517.0,-39.9,False
2024-04-01,Ivanovskoye,VAO,274600,292700,1144,1.01,16.0,18.5,7,190543.0,-30.6,False
2024-04-01,Izmaylovo,VAO,317000,343100,1321,-0.7,16.0,18.5,8,206650.0,-34.8,False
2024-04-01,Khamovniki,CAO,802100,884500,3342,5.17,16.0,18.5,3,696067.0,-13.2,False
2024-04-01,Khoroshyovo-Mnyovniki,SZAO,397100,424200,1654,-0.15,16.0,18.5,4,212375.0,-46.5,False
2024-04-01,Khoroshyovsky,SAO,444400,512500,1852,11.32,16.0,18.5,4,378900.0,-14.7,False
2024-04-01,Khovrino,SAO,268500,283400,1119,-6.18,16.0,18.5,6,157050.0,-41.5,False
2024-04-01,Kievsky,TAO,111200,124700,463,3.44,16.0,18.5,2,51200.0,-54.0,True
2024-04-01,Klyonovskoye,TAO,109600,122300,457,-1.61,16.0,18.5,7,55900.0,-49.0,True
2024-04-01,Kokoshkino,NAO,178600,193700,744,0.77,16.0,18.5,4,104450.0,-41.5,True
2024-04-01,Konkovo,YuZAO,360500,399400,1502,-3.72,16.0,18.5,8,244850.0,-32.1,False
2024-04-01,Koptevo,SAO,313900,354300,1308,3.84,16.0,18.5,5,185020.0,-41.1,False
2024-04-01,Kosino-Ukhtomsky,VAO,255000,282000,1063,0.94,16.0,18.5,4,134350.0,-47.3,False
2024-04-01,Kotlovka,YuZAO,395700,443200,1649,0.73,16.0,18.5,5,291840.0,-26.2,False
2024-04-01,Krasnopakhorskoye,TAO,133500,148100,556,7.85,16.0,18.5,8,73388.0,-45.0,True
2024-04-01,Krasnoselsky,CAO,555400,633500,2314,3.29,16.0,18.5,7,421343.0,-24.1,False
2024-04-01,Krylatskoye,SZAO,478600,533500,1994,-0.46,16.0,18.5,5,301060.0,-37.1,False
2024-04-01,Kuntsevo,ZAO,415700,470100,1732,1.82,16.0,18.5,2,245700.0,-40.9,False
2024-04-01,Kurkino,SZAO,386600,436200,1611,-2.27,16.0,18.5,6,209533.0,-45.8,False
2024-04-01,Levoberezhny,SAO,274900,298700,1145,-7.87,16.0,18.5,3,188233.0,-31.5,False
2024-04-01,Lianozovo,SVAO,261000,289400,1088,-4.4,16.0,18.5,9,160344.0,-38.6,False
2024-04-01,Lomonosovsky,YuZAO,500900,542800,2087,3.79,16.0,18.5,7,339100.0,-32.3,False
2024-04-01,Losinoostrovsky,SVAO,292400,317700,1218,1.18,16.0,18.5,6,164483.0,-43.7,False
2024-04-01,Marfino,SVAO,299600,335400,1248,2.97,16.0,18.5,3,194767.0,-35.0,False
2024-04-01,Marushkinskoye,NAO,174200,188900,726,2.12,16.0,18.5,4,96050.0,-44.9,True
2024-04-01,Maryina Roshcha,SVAO,363300,396000,1514,-0.43,16.0,18.5,7,240714.0,-33.7,False
2024-04-01,Meshchansky,CAO,552700,635600,2303,-4.76,16.0,18.5,3,483967.0,-12.4,False
2024-04-01,Metrogorodok,VAO,259200,275400,1080,0.36,16.0,18.5,1,199000.0,-23.2,False
2024-04-01,Mikhaylovo-Yartsevskoye,TAO,121400,133600,506,7.67,16.0,18.5,4,63850.0,-47.4,True
2024-04-01,Mitino,SZAO,333700,352000,1390,4.94,16.0,18.5,8,225825.0,-32.3,False
2024-04-01,Molzhaninovsky,SAO,231100,246600,963,-3.18,16.0,18.5,0,,,False
2024-04-01,Moskovsky,NAO,230700,245900,961,2.27,16.0,18.5,2,137500.0,-40.4,True
2024-04-01,Moskvorechye-Saburovo,YuAO,268200,309900,1118,-4.38,16.0,18.5,8,175650.0,-34.5,False
2024-04-01,Mosrentgen,NAO,217200,232600,905,-5.97,16.0,18.5,4,131450.0,-39.5,True
2024-04-01,Mozhaysky,ZAO,393400,425700,1639,6.36,16.0,18.5,7,240257.0,-38.9,False
2024-04-01,Nagatino-Sadovniki,YuAO,318900,347000,1329,0.13,16.0,18.5,6,230450.0,-27.7,False
2024-04-01,Nagatinsky Zaton,YuAO,344600,385800,1436,-0.87,16.0,18.5,4,218550.0,-36.6,False
2024-04-01,Nagorny,YuAO,324700,345400,1353,-4.34,16.0,18.5,5,280280.0,-13.7,False
2024-04-01,Novo-Peredelkino,ZAO,314100,343700,1309,5.17,16.0,18.5,4,161725.0,-48.5,False
2024-04-01,Novofyodorovskoye,TAO,114000,122900,475,6.8,16.0,18.5,4,54100.0,-52.5,True
2024-04-01,Novogireyevo,VAO,277200,301200,1155,-10.21,16.0,18.5,4,159600.0,-42.4,False
2024-04-01,Novokosino,VAO,276000,302100,1150,2.4,16.0,18.5,3,158800.0,-42.5,False
2024-04-01,Obruchevsky,YuZAO,408600,438100,1702,4.94,16.0,18.5,3,280100.0,-31.4,False
2024-04-01,Ochakovo-Matveyevskoye,ZAO,352000,386200,1467,-6.85,16.0,18.5,1,175900.0,-50.0,False
2024-04-01,Orekhovo-Borisovo Severnoye,YuAO,263400,286300,1098,1.86,16.0,18.5,5,134640.0,-48.9,False
2024-04-01,Orekhovo-Borisovo Yuzhnoye,YuAO,254700,279800,1061,-0.24,16.0,18.5,7,144629.0,-43.2,False
2024-04-01,Ostankinsky,SVAO,353100,385100,1471,4.06,16.0,18.5,5,238740.0,-32.4,False
2024-04-01,Otradnoye,SVAO,291200,338400,1213,-2.63,16.0,18.5,5,212420.0,-27.1,False
2024-04-01,Perovo,VAO,299000,341500,1246,3.81,16.0,18.5,4,190475.0,-36.3,False
2024-04-01,Pervomayskoye,TAO,122500,139000,510,-1.75,16.0,18.5,6,66367.0,-45.8,True
2024-04-01,Pokrovskoye-Streshnevo,SZAO,372200,396800,1551,1.68,16.0,18.5,5,239460.0,-35.7,False
2024-04-01,Preobrazhenskoye,VAO,321800,363900,1341,2.68,16.0,18.5,7,296014.0,-8.0,False
2024-04-01,Presnensky,CAO,709900,786500,2958,0.09,16.0,18.5,6,504817.0,-28.9,False
2024-04-01,Prospekt Vernadskogo,ZAO,489100,528800,2038,2.03,16.0,18.5,7,300414.0,-38.6,False
2024-04-01,Ramenki,ZAO,485900,535400,2025,2.51,16.0,18.5,5,384380.0,-20.9,False
2024-04-01,Rogovskoye,TAO,113300,127900,472,4.04,16.0,18.5,5,63880.0,-43.6,True
2024-04-01,Rostokino,SVAO,304100,336700,1267,1.35,16.0,18.5,4,220600.0,-27.5,False
2024-04-01,Ryazanovskoye,NAO,183100,198800,763,3.44,16.0,18.5,9,96211.0,-47.5,True
2024-04-01,Savyolovsky,SAO,381400,428100,1589,1.1,16.0,18.5,3,361133.0,-5.3,False
2024-04-01,Severnoye Butovo,YuZAO,313900,339700,1308,-3.86,16.0,18.5,7,175900.0,-44.0,False
2024-04-01,Severnoye Izmaylovo,VAO,291500,327300,1215,4.78,16.0,18.5,7,260629.0,-10.6,False
2024-04-01,Severnoye Medvedkovo,SVAO,290900,325700,1212,4.74,16.0,18.5,2,199650.0,-31.4,False
2024-04-01,Severnoye Tushino,SZAO,325700,365700,1357,-2.3,16.0,18.5,5,231060.0,-29.1,False
2024-04-01,Severny,SVAO,250800,279600,1045,2.9,16.0,18.5,3,139033.0,-44.6,False
2024-04-01,Shchapovskoye,TAO,118300,132400,493,3.33,16.0,18.5,5,59480.0,-49.7,True
2024-04-01,Shcherbinka,NAO,222100,235200,926,3.93,16.0,18.5,5,105840.0,-52.3,True
2024-04-01,Shchukino,SZAO,406800,461100,1695,-2.02,16.0,18.5,7,299786.0,-26.3,False
2024-04-01,Sokol,SAO,391000,419300,1629,2.14,16.0,18.5,4,310100.0,-20.7,False
2024-04-01,Sokolinaya Gora,VAO,284200,320000,1184,1.91,16.0,18.5,6,224900.0,-20.9,False
2024-04-01,Sokolniki,VAO,346500,371100,1444,0.97,16.0,18.5,2,265700.0,-23.3,False
2024-04-01,Solntsevo,ZAO,329100,373400,1371,3.19,16.0,18.5,3,215333.0,-34.6,False
2024-04-01,Sosenskoye,NAO,231200,262900,963,4.54,16.0,18.5,7,132186.0,-42.8,True
2024-04-01,Strogino,SZAO,416100,457800,1734,-1.88,16.0,18.5,5,318640.0,-23.4,False
2024-04-01,Sviblovo,SVAO,276500,296400,1152,-5.99,16.0,18.5,5,244280.0,-11.7,False
2024-04-01,Tagansky,CAO,562900,608700,2346,2.21,16.0,18.5,7,392829.0,-30.2,False
2024-04-01,Timiryazevsky,SAO,349000,369800,1454,3.64,16.0,18.5,8,250850.0,-28.1,False
2024-04-01,Troitsk,TAO,156500,174700,652,-1.96,16.0,18.5,6,87133.0,-44.3,True
2024-04-01,Troparyovo-Nikulino,ZAO,429400,488200,1789,-1.66,16.0,18.5,4,278950.0,-35.0,False
2024-04-01,Tsaritsyno,YuAO,261300,291300,1089,-5.63,16.0,18.5,4,175175.0,-33.0,False
2024-04-01,Tverskoy,CAO,697600,783600,2907,-3.73,16.0,18.5,6,563000.0,-19.3,False
2024-04-01,Tyoply Stan,YuZAO,337100,361300,1404,4.31,16.0,18.5,6,210567.0,-37.5,False
2024-04-01,Veshnyaki,VAO,268500,294900,1119,0.49,16.0,18.5,6,161517.0,-39.8,False
2024-04-01,Vnukovo,ZAO,297300,322800,1239,0.07,16.0,18.5,2,137800.0,-53.6,False
2024-04-01,Vnukovskoye,NAO,228700,255200,953,3.17,16.0,18.5,2,113000.0,-50.6,True
2024-04-01,Voronovskoye,TAO,120700,133300,503,4.04,16.0,18.5,4,65525.0,-45.7,True
2024-04-01,Voskresenskoye,NAO,210000,224000,875,3.17,16.0,18.5,6,119633.0,-43.0,True
2024-04-01,Vostochnoye Izmaylovo,VAO,299200,334500,1247,3.81,16.0,18.5,7,173786.0,-41.9,False
2024-04-01,Vostochny,VAO,247400,262700,1031,4.9,16.0,18.5,2,179800.0,-27.3,False
2024-04-01,Voykovsky,SAO,338000,389300,1408,4.94,16.0,18.5,4,209675.0,-38.0,False
2024-04-01,Yakimanka,CAO,717800,801000,2991,2.96,16.0,18.5,9,547578.0,-23.7,False
2024-04-01,Yaroslavsky,SVAO,275000,292800,1146,0.24,16.0,18.5,7,149129.0,-45.8,False
2024-04-01,Yasenevo,YuZAO,376900,419500,1570,2.89,16.0,18.5,5,351720.0,-6.7,False
2024-04-01,Yuzhnoye Butovo,YuZAO,306000,331300,1275,2.5,16.0,18.5,7,169071.0,-44.7,False
2024-04-01,Yuzhnoye Medvedkovo,SVAO,295200,327200,1230,4.14,16.0,18.5,4,166550.0,-43.6,False
2024-04-01,Yuzhnoye Tushino,SZAO,335200,375200,1397,-4.38,16.0,18.5,3,204633.0,-39.0,False
2024-04-01,Zamoskvorechye,CAO,634700,704900,2644,6.13,16.0,18.5,4,491775.0,-22.5,False
2024-04-01,Zapadnoye Degunino,SAO,275700,297400,1149,-5.44,16.0,18.5,4,175150.0,-36.5,False
2024-04-01,Zelenograd,ZelAO,189100,209400,788,-2.19,16.0,18.5,3,100967.0,-46.6,True
2024-04-01,Zyablikovo,YuAO,258800,283100,1079,-0.76,16.0,18.5,4,163275.0,-36.9,False
2024-04-01,Zyuzino,YuZAO,376500,412400,1569,-1.95,16.0,18.5,4,254100.0,-32.5,False
2024-05-01,Aeroport,SAO,364300,401600,1518,2.99,16.0,18.5,3,280400.0,-23.0,False
2024-05-01,Akademichesky,YuZAO,439100,485800,1830,3.37,16.0,18.5,4,337250.0,-23.2,False
2024-05-01,Alekseevsky,SVAO,349100,395900,1455,4.3,16.0,18.5,6,267650.0,-23.3,False
2024-05-01,Altufyevsky,SVAO,288200,318900,1201,9.11,16.0,18.5,6,157417.0,-45.4,False
2024-05-01,Arbat,CAO,766400,827600,3194,5.07,16.0,18.5,5,555740.0,-27.5,False
2024-05-01,Babushkinsky,SVAO,292500,324800,1219,3.97,16.0,18.5,4,192400.0,-34.2,False
2024-05-01,Basmanny,CAO,573000,605700,2388,-3.94,16.0,18.5,2,374350.0,-34.7,False
2024-05-01,Begovoy,SAO,391900,412500,1633,0.68,16.0,18.5,7,267829.0,-31.7,False
2024-05-01,Beskudnikovsky,SAO,275000,292400,1146,-2.07,16.0,18.5,4,194050.0,-29.4,False
2024-05-01,Bibirevo,SVAO,283700,306900,1182,-0.29,16.0,18.5,6,169633.0,-40.2,False
2024-05-01,Biryulyovo Vostochnoye,YuAO,245800,277700,1024,-4.38,16.0,18.5,3,142467.0,-42.0,False
2024-05-01,Biryulyovo Zapadnoye,YuAO,257800,273700,1074,2.59,16.0,18.5,8,150050.0,-41.8,False
2024-05-01,Bogorodskoye,VAO,276200,313100,1151,-2.7,16.0,18.5,5,215980.0,-21.8,False
2024-05-01,Brateyevo,YuAO,262200,291400,1092,2.68,16.0,18.5,4,171350.0,-34.6,False
2024-05-01,Butyrsky,SVAO,338200,365100,1409,2.58,16.0,18.5,3,279533.0,-17.3,False
2024-05-01,Chertanovo Severnoye,YuAO,284500,317300,1185,-1.39,16.0,18.5,3,195467.0,-31.3,False
2024-05-01,Chertanovo Tsentralnoye,YuAO,275700,296100,1149,-0.51,16.0,18.5,3,192167.0,-30.3,False
2024-05-01,Chertanovo Yuzhnoye,YuAO,263300,294000,1097,2.65,16.0,18.5,6,218383.0,-17.1,False
2024-05-01,Cheryomushki,YuZAO,413400,459600,1722,5.55,16.0,18.5,3,308200.0,-25.4,False
2024-05-01,Danilovsky,YuAO,359300,366800,1497,-1.5,16.0,18.5,3,224533.0,-37.5,False
2024-05-01,Desyonovskoye,NAO,218400,249400,910,6.65,16.0,18.5,6,107283.0,-50.9,True
2024-05-01,Dmitrovsky,SAO,274300,305200,1143,2.0,16.0,18.5,5,131240.0,-52.2,False
2024-05-01,Donskoy,YuAO,384900,415900,1604,2.19,16.0,18.5,3,271867.0,-29.4,False
2024-05-01,Dorogomilovo,ZAO,597300,642100,2489,5.56,16.0,18.5,3,377367.0,-36.8,False
2024-05-01,Fili-Davydkovo,ZAO,443300,491600,1847,-0.37,16.0,18.5,6,313950.0,-29.2,False
2024-05-01,Filimonkovskoye,NAO,189300,207400,789,-2.73,16.0,18.5,4,93400.0,-50.7,True
2024-05-01,Filyovsky Park,ZAO,452400,491500,1885,0.61,16.0,18.5,2,262500.0,-42.0,False
2024-05-01,Gagarinsky,YuZAO,483000,506700,2012,-2.04,16.0,18.5,6,382700.0,-20.8,False
2024-05-01,Golovinsky,SAO,310400,339700,1293,2.94,16.0,18.5,2,182250.0,-41.3,False
2024-05-01,Golyanovo,VAO,263900,292200,1100,0.08,16.0,18.5,6,161467.0,-38.8,False
2024-05-01,Ivanovskoye,VAO,272200,301100,1134,-0.9,16.0,18.5,4,171325.0,-37.1,False
2024-05-01,Izmaylovo,VAO,322300,352300,1343,1.65,16.0,18.5,12,221925.0,-31.1,False
2024-05-01,Khamovniki,CAO,786400,869300,3277,-1.95,16.0,18.5,11,658527.0,-16.3,False
2024-05-01,Khoroshyovo-Mnyovniki,SZAO,400000,441200,1667,0.73,16.0,18.5,5,271440.0,-32.1,False
2024-05-01,Khoroshyovsky,SAO,446500,481900,1860,0.47,16.0,18.5,6,297583.0,-33.4,False
2024-05-01,Khovrino,SAO,268200,295900,1118,-0.09,16.0,18.5,6,181117.0,-32.5,False
2024-05-01,Kievsky,TAO,118800,129100,495,6.83,16.0,18.5,2,59650.0,-49.8,True
2024-05-01,Klyonovskoye,TAO,108900,117700,454,-0.62,16.0,18.5,4,56275.0,-48.3,True
2024-05-01,Kokoshkino,NAO,174500,198300,727,-2.27,16.0,18.5,8,82600.0,-52.7,True
2024-05-01,Konkovo,YuZAO,370000,413400,1542,2.64,16.0,18.5,7,224671.0,-39.3,False
2024-05-01,Koptevo,SAO,292200,314900,1217,-6.91,16.0,18.5,1,193800.0,-33.7,False
2024-05-01,Kosino-Ukhtomsky,VAO,259700,292700,1082,1.83,16.0,18.5,6,125167.0,-51.8,False
2024-05-01,Kotlovka,YuZAO,392800,439600,1637,-0.73,16.0,18.5,7,259643.0,-33.9,False
2024-05-01,Krasnopakhorskoye,TAO,132100,149600,550,-1.03,16.0,18.5,5,70660.0,-46.5,True
2024-05-01,Krasnoselsky,CAO,552400,591100,2302,-0.53,16.0,18.5,7,384729.0,-30.4,False
2024-05-01,Krylatskoye,SZAO,467800,536500,1949,-2.25,16.0,18.5,5,315580.0,-32.5,False
2024-05-01,Kuntsevo,ZAO,412100,442500,1717,-0.86,16.0,18.5,7,264971.0,-35.7,False
2024-05-01,Kurkino,SZAO,393300,437400,1639,1.74,16.0,18.5,3,190133.0,-51.7,False
2024-05-01,Levoberezhny,SAO,295900,331600,1233,7.66,16.0,18.5,5,200980.0,-32.1,False
2024-05-01,Lianozovo,SVAO,275600,298900,1148,5.59,16.0,18.5,7,143300.0,-48.0,False
2024-05-01,Lomonosovsky,YuZAO,496900,566500,2070,-0.8,16.0,18.5,1,430300.0,-13.4,False
2024-05-01,Losinoostrovsky,SVAO,273100,295900,1138,-6.58,16.0,18.5,6,198433.0,-27.3,False
2024-05-01,Marfino,SVAO,283800,305000,1182,-5.27,16.0,18.5,4,169475.0,-40.3,False
2024-05-01,Marushkinskoye,NAO,178000,203800,742,2.2,16.0,18.5,4,104375.0,-41.4,True
2024-05-01,Maryina Roshcha,SVAO,362400,398400,1510,-0.24,16.0,18.5,3,286000.0,-21.1,False
2024-05-01,Meshchansky,CAO,565200,636900,2355,2.26,16.0,18.5,5,402400.0,-28.8,False
2024-05-01,Metrogorodok,VAO,260200,287200,1084,0.36,16.0,18.5,8,152463.0,-41.4,False
2024-05-01,Mikhaylovo-Yartsevskoye,TAO,117900,124200,491,-2.84,16.0,18.5,7,67014.0,-43.2,True
2024-05-01,Mitino,SZAO,326700,354400,1361,-2.11,16.0,18.5,5,225280.0,-31.0,False
2024-05-01,Molzhaninovsky,SAO,241500,267000,1006,4.52,16.0,18.5,6,126217.0,-47.7,False
2024-05-01,Moskovsky,NAO,237400,257900,989,2.86,16.0,18.5,10,128710.0,-45.8,True
2024-05-01,Moskvorechye-Saburovo,YuAO,284500,315300,1185,6.08,16.0,18.5,10,164140.0,-42.3,False
2024-05-01,Mosrentgen,NAO,242200,265500,1009,11.49,16.0,18.5,3,155833.0,-35.7,True
2024-05-01,Mozhaysky,ZAO,384700,424400,1603,-2.21,16.0,18.5,3,294700.0,-23.4,False
2024-05-01,Nagatino-Sadovniki,YuAO,324000,354900,1350,1.61,16.0,18.5,1,213600.0,-34.1,False
2024-05-01,Nagatinsky Zaton,YuAO,339900,375800,1416,-1.36,16.0,18.5,9,234533.0,-31.0,False
2024-05-01,Nagorny,YuAO,324000,345500,1350,-0.21,16.0,18.5,3,234267.0,-27.7,False
2024-05-01,Novo-Peredelkino,ZAO,311100,355200,1296,-0.96,16.0,18.5,2,169700.0,-45.5,False
2024-05-01,Novofyodorovskoye,TAO,112200,123400,467,-1.61,16.0,18.5,5,60140.0,-46.4,True
2024-05-01,Novogireyevo,VAO,278300,305700,1160,0.38,16.0,18.5,11,194236.0,-30.2,False
2024-05-01,Novokosino,VAO,269500,294200,1123,-2.36,16.0,18.5,6,194833.0,-27.7,False
2024-05-01,Obruchevsky,YuZAO,406000,467900,1692,-0.62,16.0,18.5,5,247820.0,-39.0,False
2024-05-01,Ochakovo-Matveyevskoye,ZAO,370800,422500,1545,5.36,16.0,18.5,7,241543.0,-34.9,False
2024-05-01,Orekhovo-Borisovo Severnoye,YuAO,271500,291400,1131,3.08,16.0,18.5,7,145700.0,-46.3,False
2024-05-01,Orekhovo-Borisovo Yuzhnoye,YuAO,257500,277900,1073,1.13,16.0,18.5,12,149592.0,-41.9,False
2024-05-01,Ostankinsky,SVAO,346400,376900,1443,-1.88,16.0,18.5,5,261980.0,-24.4,False
2024-05-01,Otradnoye,SVAO,292600,319700,1219,0.51,16.0,18.5,5,165140.0,-43.6,False
2024-05-01,Perovo,VAO,287300,320900,1197,-3.91,16.0,18.5,12,259525.0,-9.7,False
2024-05-01,Pervomayskoye,TAO,126400,134800,527,3.17,16.0,18.5,4,76925.0,-39.1,True
2024-05-01,Pokrovskoye-Streshnevo,SZAO,371000,401300,1546,-0.32,16.0,18.5,9,220756.0,-40.5,False
2024-05-01,Preobrazhenskoye,VAO,307300,337900,1281,-4.48,16.0,18.5,4,248425.0,-19.2,False
2024-05-01,Presnensky,CAO,677600,744700,2823,-4.55,16.0,18.5,5,589620.0,-13.0,False
2024-05-01,Prospekt Vernadskogo,ZAO,463400,511800,1931,-5.25,16.0,18.5,4,302550.0,-34.7,False
2024-05-01,Ramenki,ZAO,483600,519900,2015,-0.47,16.0,18.5,5,313860.0,-35.1,False
2024-05-01,Rogovskoye,TAO,110400,119900,460,-2.58,16.0,18.5,12,62458.0,-43.4,True
2024-05-01,Rostokino,SVAO,287900,308000,1200,-5.33,16.0,18.5,7,192414.0,-33.2,False
2024-05-01,Ryazanovskoye,NAO,184700,206200,770,0.89,16.0,18.5,5,89720.0,-51.4,True
2024-05-01,Savyolovsky,SAO,382500,406200,1594,0.3,16.0,18.5,7,245671.0,-35.8,False
2024-05-01,Severnoye Butovo,YuZAO,325800,367800,1358,3.82,16.0,18.5,5,211700.0,-35.0,False
2024-05-01,Severnoye Izmaylovo,VAO,293300,324100,1222,0.6,16.0,18.5,7,213414.0,-27.2,False
2024-05-01,Severnoye Medvedkovo,SVAO,284300,294900,1185,-2.28,16.0,18.5,4,182950.0,-35.6,False
2024-05-01,Severnoye Tushino,SZAO,328400,361700,1368,0.81,16.0,18.5,9,182944.0,-44.3,False
2024-05-01,Severny,SVAO,249300,280200,1039,-0.61,16.0,18.5,7,133771.0,-46.3,False
2024-05-01,Shchapovskoye,TAO,117400,132400,489,-0.79,16.0,18.5,5,66720.0,-43.2,True
2024-05-01,Shcherbinka,NAO,215400,242800,898,-3.01,16.0,18.5,2,103350.0,-52.0,True
2024-05-01,Shchukino,SZAO,417400,464600,1739,2.59,16.0,18.5,7,274171.0,-34.3,False
2024-05-01,Sokol,SAO,393500,439800,1640,0.63,16.0,18.5,3,296233.0,-24.7,False
2024-05-01,Sokolinaya Gora,VAO,292300,332000,1218,2.83,16.0,18.5,6,187633.0,-35.8,False
2024-05-01,Sokolniki,VAO,334500,367800,1394,-3.47,16.0,18.5,7,299800.0,-10.4,False
2024-05-01,Solntsevo,ZAO,327300,371500,1364,-0.54,16.0,18.5,9,191467.0,-41.5,False
2024-05-01,Sosenskoye,NAO,236200,255400,984,2.19,16.0,18.5,7,139086.0,-41.1,True
2024-05-01,Strogino,SZAO,415000,453300,1729,-0.27,16.0,18.5,6,334183.0,-19.5,False
2024-05-01,Sviblovo,SVAO,287400,316200,1197,3.92,16.0,18.5,4,251425.0,-12.5,False
2024-05-01,Tagansky,CAO,563400,623800,2348,0.08,16.0,18.5,4,405100.0,-28.1,False
2024-05-01,Timiryazevsky,SAO,348300,395700,1451,-0.18,16.0,18.5,7,221957.0,-36.3,False
2024-05-01,Troitsk,TAO,153900,170100,641,-1.63,16.0,18.5,5,80140.0,-47.9,True
2024-05-01,Troparyovo-Nikulino,ZAO,422900,471500,1762,-1.51,16.0,18.5,2,291900.0,-31.0,False
2024-05-01,Tsaritsyno,YuAO,276800,307400,1153,5.92,16.0,18.5,8,160063.0,-42.2,False
2024-05-01,Tverskoy,CAO,757600,824800,3157,8.6,16.0,18.5,10,553480.0,-26.9,False
2024-05-01,Tyoply Stan,YuZAO,370000,401500,1542,9.78,16.0,18.5,6,187533.0,-49.3,False
2024-05-01,Veshnyaki,VAO,267100,296500,1113,-0.53,16.0,18.5,5,177700.0,-33.5,False
2024-05-01,Vnukovo,ZAO,291000,317700,1212,-2.12,16.0,18.5,5,168860.0,-42.0,False
2024-05-01,Vnukovskoye,NAO,221800,258000,924,-3.01,16.0,18.5,2,137600.0,-38.0,True
2024-05-01,Voronovskoye,TAO,120800,128800,503,0.11,16.0,18.5,4,57400.0,-52.5,True
2024-05-01,Voskresenskoye,NAO,222400,250600,927,5.91,16.0,18.5,3,109933.0,-50.6,True
2024-05-01,Vostochnoye Izmaylovo,VAO,299200,311500,1246,-0.01,16.0,18.5,6,158200.0,-47.1,False
2024-05-01,Vostochny,VAO,244400,268800,1018,-1.22,16.0,18.5,5,153460.0,-37.2,False
2024-05-01,Voykovsky,SAO,334700,356300,1395,-0.98,16.0,18.5,5,291680.0,-12.9,False
2024-05-01,Yakimanka,CAO,751600,831100,3132,4.71,16.0,18.5,5,491360.0,-34.6,False
2024-05-01,Yaroslavsky,SVAO,268200,298900,1117,-2.47,16.0,18.5,4,176225.0,-34.3,False
2024-05-01,Yasenevo,YuZAO,359300,390600,1497,-4.68,16.0,18.5,4,395150.0,10.0,False
2024-05-01,Yuzhnoye Butovo,YuZAO,305200,337700,1272,-0.26,16.0,18.5,2,145750.0,-52.2,False
2024-05-01,Yuzhnoye Medvedkovo,SVAO,290100,301000,1209,-1.74,16.0,18.5,4,200075.0,-31.0,False
2024-05-01,Yuzhnoye Tushino,SZAO,335900,363200,1400,0.21,16.0,18.5,9,191544.0,-43.0,False
2024-05-01,Zamoskvorechye,CAO,639800,704300,2666,0.81,16.0,18.5,11,511164.0,-20.1,False
2024-05-01,Zapadnoye Degunino,SAO,285300,317800,1189,3.48,16.0,18.5,4,191800.0,-32.8,False
2024-05-01,Zelenograd,ZelAO,193500,213800,806,2.33,16.0,18.5,3,97667.0,-49.5,True
2024-05-01,Zyablikovo,YuAO,252900,276200,1054,-2.28,16.0,18.5,4,156575.0,-38.1,False
2024-05-01,Zyuzino,YuZAO,376800,412700,1570,0.06,16.0,18.5,10,215830.0,-42.7,False
2024-06-01,Aeroport,SAO,348300,384200,1451,-4.39,16.0,18.5,3,246133.0,-29.3,False
2024-06-01,Akademichesky,YuZAO,443400,508900,1848,0.98,16.0,18.5,2,261650.0,-41.0,False
2024-06-01,Alekseevsky,SVAO,352300,380700,1468,0.91,16.0,18.5,8,261900.0,-25.7,False
2024-06-01,Altufyevsky,SVAO,268800,289100,1120,-6.73,16.0,18.5,5,164280.0,-38.9,False
2024-06-01,Arbat,CAO,736100,790000,3067,-3.96,16.0,18.5,4,686275.0,-6.8,False
2024-06-01,Babushkinsky,SVAO,317200,358700,1322,8.45,16.0,18.5,4,155175.0,-51.1,False
2024-06-01,Basmanny,CAO,596000,643100,2483,4.0,16.0,18.5,6,405533.0,-32.0,False
2024-06-01,Begovoy,SAO,383700,413700,1599,-2.1,16.0,18.5,4,284775.0,-25.8,False
2024-06-01,Beskudnikovsky,SAO,277400,316000,1156,0.86,16.0,18.5,8,159700.0,-42.4,False
2024-06-01,Bibirevo,SVAO,273900,292500,1141,-3.45,16.0,18.5,7,153143.0,-44.1,False
2024-06-01,Biryulyovo Vostochnoye,YuAO,254500,280700,1060,3.51,16.0,18.5,4,140000.0,-45.0,False
2024-06-01,Biryulyovo Zapadnoye,YuAO,255800,275100,1066,-0.76,16.0,18.5,6,187333.0,-26.8,False
2024-06-01,Bogorodskoye,VAO,297800,320800,1241,7.81,16.0,18.5,6,199500.0,-33.0,False
2024-06-01,Brateyevo,YuAO,260900,294700,1087,-0.48,16.0,18.5,0,,,False
2024-06-01,Butyrsky,SVAO,324100,340700,1350,-4.19,16.0,18.5,2,233850.0,-27.8,False
2024-06-01,Chertanovo Severnoye,YuAO,285700,307300,1190,0.42,16.0,18.5,4,201525.0,-29.5,False
2024-06-01,Chertanovo Tsentralnoye,YuAO,272900,304300,1137,-1.03,16.0,18.5,5,149220.0,-45.3,False
2024-06-01,Chertanovo Yuzhnoye,YuAO,256600,289300,1069,-2.56,16.0,18.5,3,212167.0,-17.3,False
2024-06-01,Cheryomushki,YuZAO,413400,454400,1723,0.02,16.0,18.5,4,314625.0,-23.9,False
2024-06-01,Danilovsky,YuAO,350500,379600,1460,-2.46,16.0,18.5,4,262600.0,-25.1,False
2024-06-01,Desyonovskoye,NAO,208300,224800,868,-4.62,16.0,18.5,8,113625.0,-45.5,True
2024-06-01,Dmitrovsky,SAO,262900,289000,1095,-4.16,16.0,18.5,5,163180.0,-37.9,False
2024-06-01,Donskoy,YuAO,375000,417500,1562,-2.59,16.0,18.5,1,281100.0,-25.0,False
2024-06-01,Dorogomilovo,ZAO,562700,626400,2345,-5.78,16.0,18.5,7,487171.0,-13.4,False
2024-06-01,Fili-Davydkovo,ZAO,457100,494100,1904,3.11,16.0,18.5,3,275867.0,-39.6,False
2024-06-01,Filimonkovskoye,NAO,189200,215400,788,-0.08,16.0,18.5,3,83167.0,-56.0,True
2024-06-01,Filyovsky Park,ZAO,440000,487200,1833,-2.75,16.0,18.5,3,346600.0,-21.2,False
2024-06-01,Gagarinsky,YuZAO,494300,548200,2060,2.36,16.0,18.5,3,354000.0,-28.4,False
2024-06-01,Golovinsky,SAO,287900,312900,1199,-7.27,16.0,18.5,7,191114.0,-33.6,False
2024-06-01,Golyanovo,VAO,254200,284600,1059,-3.69,16.0,18.5,7,140943.0,-44.6,False
2024-06-01,Ivanovskoye,VAO,290800,318600,1212,6.85,16.0,18.5,3,145300.0,-50.0,False
2024-06-01,Izmaylovo,VAO,314500,349000,1311,-2.41,16.0,18.5,0,,,False
2024-06-01,Khamovniki,CAO,810300,916000,3376,3.03,16.0,18.5,2,485600.0,-40.1,False
2024-06-01,Khoroshyovo-Mnyovniki,SZAO,405300,423100,1689,1.32,16.0,18.5,6,298333.0,-26.4,False
2024-06-01,Khoroshyovsky,SAO,429400,478800,1789,-3.83,16.0,18.5,4,284075.0,-33.8,False
2024-06-01,Khovrino,SAO,275500,294300,1148,2.71,16.0,18.5,7,171186.0,-37.9,False
2024-06-01,Kievsky,TAO,111800,129700,466,-5.87,16.0,18.5,6,52667.0,-52.9,True
2024-06-01,Klyonovskoye,TAO,103800,116000,432,-4.7,16.0,18.5,2,55000.0,-47.0,True
2024-06-01,Kokoshkino,NAO,184400,195600,768,5.64,16.0,18.5,2,88950.0,-51.8,True
2024-06-01,Konkovo,YuZAO,359700,387500,1499,-2.78,16.0,18.5,6,240767.0,-33.1,False
2024-06-01,Koptevo,SAO,301700,341500,1257,3.26,16.0,18.5,4,168725.0,-44.1,False
2024-06-01,Kosino-Ukhtomsky,VAO,242800,269900,1012,-6.5,16.0,18.5,7,154700.0,-36.3,False
2024-06-01,Kotlovka,YuZAO,371800,393100,1549,-5.35,16.0,18.5,4,211300.0,-43.2,False
2024-06-01,Krasnopakhorskoye,TAO,132700,143000,553,0.48,16.0,18.5,8,66000.0,-50.3,True
2024-06-01,Krasnoselsky,CAO,537000,591400,2237,-2.79,16.0,18.5,7,386057.0,-28.1,False
2024-06-01,Krylatskoye,SZAO,473500,531900,1973,1.22,16.0,18.5,6,336267.0,-29.0,False
2024-06-01,Kuntsevo,ZAO,398100,448400,1659,-3.39,16.0,18.5,6,257250.0,-35.4,False
2024-06-01,Kurkino,SZAO,404200,439200,1684,2.77,16.0,18.5,6,224467.0,-44.5,False
2024-06-01,Levoberezhny,SAO,308900,319900,1287,4.38,16.0,18.5,5,215700.0,-30.2,False
2024-06-01,Lianozovo,SVAO,274300,297700,1143,-0.46,16.0,18.5,3,157967.0,-42.4,False
2024-06-01,Lomonosovsky,YuZAO,489000,541000,2037,-1.59,16.0,18.5,13,353169.0,-27.8,False
2024-06-01,Losinoostrovsky,SVAO,284900,304400,1187,4.32,16.0,18.5,5,187000.0,-34.4,False
2024-06-01,Marfino,SVAO,293100,323500,1221,3.29,16.0,18.5,5,190080.0,-35.1,False
2024-06-01,Marushkinskoye,NAO,178400,200100,743,0.21,16.0,18.5,5,92160.0,-48.3,True
2024-06-01,Maryina Roshcha,SVAO,355200,394400,1480,-1.98,16.0,18.5,8,271100.0,-23.7,False
2024-06-01,Meshchansky,CAO,560600,606600,2336,-0.8,16.0,18.5,5,442140.0,-21.1,False
2024-06-01,Metrogorodok,VAO,274500,298500,1144,5.52,16.0,18.5,7,177400.0,-35.4,False
2024-06-01,Mikhaylovo-Yartsevskoye,TAO,121100,134200,505,2.7,16.0,18.5,8,57350.0,-52.6,True
2024-06-01,Mitino,SZAO,312400,330800,1302,-4.36,16.0,18.5,4,190000.0,-39.2,False
2024-06-01,Molzhaninovsky,SAO,252400,267000,1052,4.52,16.0,18.5,8,119950.0,-52.5,False
2024-06-01,Moskovsky,NAO,227000,239400,946,-4.36,16.0,18.5,4,131975.0,-41.9,True
2024-06-01,Moskvorechye-Saburovo,YuAO,291600,314100,1215,2.51,16.0,18.5,7,180714.0,-38.0,False
2024-06-01,Mosrentgen,NAO,231400,245400,964,-4.45,16.0,18.5,5,184460.0,-20.3,True
2024-06-01,Mozhaysky,ZAO,390000,425400,1625,1.39,16.0,18.5,1,191300.0,-50.9,False
2024-06-01,Nagatino-Sadovniki,YuAO,323000,374600,1346,-0.32,16.0,18.5,5,219080.0,-32.2,False
2024-06-01,Nagatinsky Zaton,YuAO,352700,387800,1469,3.75,16.0,18.5,5,224460.0,-36.4,False
2024-06-01,Nagorny,YuAO,315400,350800,1314,-2.66,16.0,18.5,8,257913.0,-18.2,False
2024-06-01,Novo-Peredelkino,ZAO,310800,355100,1295,-0.07,16.0,18.5,4,152525.0,-50.9,False
2024-06-01,Novofyodorovskoye,TAO,113200,123800,472,0.96,16.0,18.5,7,50043.0,-55.8,True
2024-06-01,Novogireyevo,VAO,295600,323600,1231,6.2,16.0,18.5,4,230950.0,-21.9,False
2024-06-01,Novokosino,VAO,275000,304400,1146,2.03,16.0,18.5,4,158950.0,-42.2,False
2024-06-01,Obruchevsky,YuZAO,415700,449300,1732,2.4,16.0,18.5,2,279750.0,-32.7,False
2024-06-01,Ochakovo-Matveyevskoye,ZAO,396700,456200,1653,6.98,16.0,18.5,9,248211.0,-37.4,False
2024-06-01,Orekhovo-Borisovo Severnoye,YuAO,251500,279400,1048,-7.39,16.0,18.5,1,133900.0,-46.8,False
2024-06-01,Orekhovo-Borisovo Yuzhnoye,YuAO,261300,269300,1089,1.47,16.0,18.5,3,134500.0,-48.5,False
2024-06-01,Ostankinsky,SVAO,350900,369600,1462,1.28,16.0,18.5,5,295080.0,-15.9,False
2024-06-01,Otradnoye,SVAO,297400,318500,1239,1.62,16.0,18.5,4,162900.0,-45.2,False
2024-06-01,Perovo,VAO,289600,341100,1207,0.8,16.0,18.5,1,269400.0,-7.0,False
2024-06-01,Pervomayskoye,TAO,129100,141900,538,2.16,16.0,18.5,4,71625.0,-44.5,True
2024-06-01,Pokrovskoye-Streshnevo,SZAO,353800,388000,1474,-4.62,16.0,18.5,4,188725.0,-46.7,False
2024-06-01,Preobrazhenskoye,VAO,326400,360900,1360,6.21,16.0,18.5,6,251533.0,-22.9,False
2024-06-01,Presnensky,CAO,703300,803100,2930,3.79,16.0,18.5,6,609850.0,-13.3,False
2024-06-01,Prospekt Vernadskogo,ZAO,497800,549700,2074,7.44,16.0,18.5,3,357667.0,-28.2,False
2024-06-01,Ramenki,ZAO,510800,567200,2128,5.62,16.0,18.5,3,319533.0,-37.4,False
2024-06-01,Rogovskoye,TAO,109200,117400,455,-1.04,16.0,18.5,8,58950.0,-46.0,True
2024-06-01,Rostokino,SVAO,304800,332700,1270,5.88,16.0,18.5,2,188100.0,-38.3,False
2024-06-01,Ryazanovskoye,NAO,179800,194900,749,-2.66,16.0,18.5,12,91358.0,-49.2,True
2024-06-01,Savyolovsky,SAO,394900,449300,1645,3.22,16.0,18.5,5,241880.0,-38.7,False
2024-06-01,Severnoye Butovo,YuZAO,324000,354600,1350,-0.58,16.0,18.5,5,161640.0,-50.1,False
2024-06-01,Severnoye Izmaylovo,VAO,300500,342300,1252,2.45,16.0,18.5,2,220900.0,-26.5,False
2024-06-01,Severnoye Medvedkovo,SVAO,289400,318700,1206,1.79,16.0,18.5,2,151900.0,-47.5,False
2024-06-01,Severnoye Tushino,SZAO,336600,363200,1403,2.52,16.0,18.5,7,191757.0,-43.0,False
2024-06-01,Severny,SVAO,243700,261600,1015,-2.25,16.0,18.5,8,133888.0,-45.1,False
2024-06-01,Shchapovskoye,TAO,121700,132000,507,3.65,16.0,18.5,8,64963.0,-46.6,True
2024-06-01,Shcherbinka,NAO,212600,237700,886,-1.34,16.0,18.5,6,122450.0,-42.4,True
2024-06-01,Shchukino,SZAO,404500,442100,1685,-3.09,16.0,18.5,3,310233.0,-23.3,False
2024-06-01,Sokol,SAO,406100,456600,1692,3.21,16.0,18.5,6,261017.0,-35.7,False
2024-06-01,Sokolinaya Gora,VAO,283400,321200,1181,-3.04,16.0,18.5,10,216110.0,-23.7,False
2024-06-01,Sokolniki,VAO,353800,386800,1474,5.76,16.0,18.5,2,341350.0,-3.5,False
2024-06-01,Solntsevo,ZAO,329800,372800,1374,0.76,16.0,18.5,4,189325.0,-42.6,False
2024-06-01,Sosenskoye,NAO,222900,253100,929,-5.63,16.0,18.5,3,105100.0,-52.8,True
2024-06-01,Strogino,SZAO,407700,455200,1699,-1.76,16.0,18.5,8,414513.0,1.7,False
2024-06-01,Sviblovo,SVAO,295200,324900,1230,2.72,16.0,18.5,6,216250.0,-26.7,False
2024-06-01,Tagansky,CAO,558600,605800,2328,-0.85,16.0,18.5,1,348800.0,-37.6,False
2024-06-01,Timiryazevsky,SAO,340200,370700,1418,-2.33,16.0,18.5,9,248800.0,-26.9,False
2024-06-01,Troitsk,TAO,164800,183300,687,7.08,16.0,18.5,2,71250.0,-56.8,True
2024-06-01,Troparyovo-Nikulino,ZAO,441200,502100,1838,4.31,16.0,18.5,5,255080.0,-42.2,False
2024-06-01,Tsaritsyno,YuAO,277600,306400,1157,0.29,16.0,18.5,3,166500.0,-40.0,False
2024-06-01,Tverskoy,CAO,721600,806700,3007,-4.76,16.0,18.5,3,650400.0,-9.9,False
2024-06-01,Tyoply Stan,YuZAO,333200,378000,1388,-9.95,16.0,18.5,5,228900.0,-31.3,False
2024-06-01,Veshnyaki,VAO,268000,305600,1117,0.34,16.0,18.5,3,198667.0,-25.9,False
2024-06-01,Vnukovo,ZAO,300100,317700,1250,3.13,16.0,18.5,7,156757.0,-47.8,False
2024-06-01,Vnukovskoye,NAO,234300,259900,976,5.62,16.0,18.5,6,123350.0,-47.4,True
2024-06-01,Voronovskoye,TAO,119400,128100,497,-1.17,16.0,18.5,7,55271.0,-53.7,True
2024-06-01,Voskresenskoye,NAO,208500,224600,869,-6.28,16.0,18.5,6,110767.0,-46.9,True
2024-06-01,Vostochnoye Izmaylovo,VAO,286500,313400,1194,-4.24,16.0,18.5,6,176683.0,-38.3,False
2024-06-01,Vostochny,VAO,248100,266000,1034,1.54,16.0,18.5,2,129900.0,-47.6,False
2024-06-01,Voykovsky,SAO,318400,360000,1327,-4.87,16.0,18.5,5,298900.0,-6.1,False
2024-06-01,Yakimanka,CAO,728700,794300,3036,-3.05,16.0,18.5,5,546260.0,-25.0,False
2024-06-01,Yaroslavsky,SVAO,285000,295200,1188,6.27,16.0,18.5,6,159550.0,-44.0,False
2024-06-01,Yasenevo,YuZAO,376900,419600,1570,4.89,16.0,18.5,3,254433.0,-32.5,False
2024-06-01,Yuzhnoye Butovo,YuZAO,298300,321400,1243,-2.26,16.0,18.5,2,153000.0,-48.7,False
2024-06-01,Yuzhnoye Medvedkovo,SVAO,294100,325700,1225,1.37,16.0,18.5,11,175973.0,-40.2,False
2024-06-01,Yuzhnoye Tushino,SZAO,335200,360600,1397,-0.21,16.0,18.5,4,226400.0,-32.5,False
2024-06-01,Zamoskvorechye,CAO,628900,686300,2620,-1.71,16.0,18.5,5,482420.0,-23.3,False
2024-06-01,Zapadnoye Degunino,SAO,273200,289600,1138,-4.25,16.0,18.5,5,168920.0,-38.2,False
2024-06-01,Zelenograd,ZelAO,188900,207000,787,-2.39,16.0,18.5,4,95575.0,-49.4,True
2024-06-01,Zyablikovo,YuAO,259500,278300,1081,2.58,16.0,18.5,5,138620.0,-46.6,False
2024-06-01,Zyuzino,YuZAO,380300,416900,1585,0.94,16.0,18.5,4,229475.0,-39.7,False
2024-07-01,Aeroport,SAO,361800,397300,1507,3.87,16.0,18.5,6,270917.0,-25.1,False
2024-07-01,Akademichesky,YuZAO,442300,503900,1843,-0.24,16.0,18.5,3,288933.0,-34.7,False
2024-07-01,Alekseevsky,SVAO,353200,382900,1472,0.26,16.0,18.5,3,262267.0,-25.7,False
2024-07-01,Altufyevsky,SVAO,270800,294600,1128,0.74,16.0,18.5,4,142075.0,-47.5,False
2024-07-01,Arbat,CAO,740500,795400,3085,0.59,16.0,18.5,7,579086.0,-21.8,False
2024-07-01,Babushkinsky,SVAO,299100,329700,1246,-5.71,16.0,18.5,6,149300.0,-50.1,False
2024-07-01,Basmanny,CAO,583200,637100,2430,-2.15,16.0,18.5,2,398350.0,-31.7,False
2024-07-01,Begovoy,SAO,414300,456600,1726,7.96,16.0,18.5,2,265250.0,-36.0,False
2024-07-01,Beskudnikovsky,SAO,277400,302500,1156,0.01,16.0,18.5,5,207660.0,-25.1,False
2024-07-01,Bibirevo,SVAO,282300,321800,1176,3.07,16.0,18.5,6,164250.0,-41.8,False
2024-07-01,Biryulyovo Vostochnoye,YuAO,250100,269300,1042,-1.71,16.0,18.5,5,138860.0,-44.5,False
2024-07-01,Biryulyovo Zapadnoye,YuAO,249500,271100,1040,-2.45,16.0,18.5,4,137350.0,-44.9,False
2024-07-01,Bogorodskoye,VAO,297200,322400,1239,-0.17,16.0,18.5,10,204620.0,-31.2,False
2024-07-01,Brateyevo,YuAO,267700,293100,1115,2.6,16.0,18.5,6,151867.0,-43.3,False
2024-07-01,Butyrsky,SVAO,330600,360600,1377,2.02,16.0,18.5,6,260917.0,-21.1,False
2024-07-01,Chertanovo Severnoye,YuAO,294400,328200,1227,3.08,16.0,18.5,8,200713.0,-31.8,False
2024-07-01,Chertanovo Tsentralnoye,YuAO,289700,322800,1207,6.19,16.0,18.5,2,170600.0,-41.1,False
2024-07-01,Chertanovo Yuzhnoye,YuAO,262700,293900,1095,2.39,16.0,18.5,10,194590.0,-25.9,False
2024-07-01,Cheryomushki,YuZAO,402200,444500,1676,-2.71,16.0,18.5,6,301533.0,-25.0,False
2024-07-01,Danilovsky,YuAO,354600,398600,1477,1.17,16.0,18.5,3,268400.0,-24.3,False
2024-07-01,Desyonovskoye,NAO,215800,235300,899,3.59,16.0,18.5,4,111325.0,-48.4,True
2024-07-01,Dmitrovsky,SAO,279400,309200,1164,6.29,16.0,18.5,6,178017.0,-36.3,False
2024-07-01,Donskoy,YuAO,374600,390200,1561,-0.11,16.0,18.5,2,261050.0,-30.3,False
2024-07-01,Dorogomilovo,ZAO,593600,667900,2473,5.48,16.0,18.5,6,370033.0,-37.7,False
2024-07-01,Fili-Davydkovo,ZAO,429800,474700,1791,-5.97,16.0,18.5,5,284500.0,-33.8,False
2024-07-01,Filimonkovskoye,NAO,194900,220800,812,3.04,16.0,18.5,9,105000.0,-46.1,True
2024-07-01,Filyovsky Park,ZAO,444500,502200,1852,1.03,16.0,18.5,8,335888.0,-24.4,False
2024-07-01,Gagarinsky,YuZAO,485600,505200,2023,-1.77,16.0,18.5,6,419700.0,-13.6,False
2024-07-01,Golovinsky,SAO,297600,333200,1240,3.39,16.0,18.5,4,169275.0,-43.1,False
2024-07-01,Golyanovo,VAO,264800,298500,1103,4.18,16.0,18.5,6,160983.0,-39.2,False
2024-07-01,Ivanovskoye,VAO,294300,345000,1226,1.21,16.0,18.5,6,197767.0,-32.8,False
2024-07-01,Izmaylovo,VAO,328100,358200,1367,4.31,16.0,18.5,6,209033.0,-36.3,False
2024-07-01,Khamovniki,CAO,771700,843100,3215,-4.76,16.0,18.5,5,585860.0,-24.1,False
2024-07-01,Khoroshyovo-Mnyovniki,SZAO,400700,449200,1670,-1.13,16.0,18.5,5,260520.0,-35.0,False
2024-07-01,Khoroshyovsky,SAO,401600,443600,1673,-6.48,16.0,18.5,2,279800.0,-30.3,False
2024-07-01,Khovrino,SAO,283400,307800,1181,2.86,16.0,18.5,8,160775.0,-43.3,False
2024-07-01,Kievsky,TAO,114700,129600,478,2.54,16.0,18.5,6,61333.0,-46.5,True
2024-07-01,Klyonovskoye,TAO,116100,128200,484,11.9,16.0,18.5,4,67150.0,-42.2,True
2024-07-01,Kokoshkino,NAO,180500,193100,752,-2.09,16.0,18.5,6,96583.0,-46.5,True
2024-07-01,Konkovo,YuZAO,371200,410200,1547,3.2,16.0,18.5,7,229786.0,-38.1,False
2024-07-01,Koptevo,SAO,325300,338600,1356,7.82,16.0,18.5,3,178933.0,-45.0,False
2024-07-01,Kosino-Ukhtomsky,VAO,263700,296700,1099,8.62,16.0,18.5,3,130900.0,-50.4,False
2024-07-01,Kotlovka,YuZAO,408100,473900,1701,9.76,16.0,18.5,8,256250.0,-37.2,False
2024-07-01,Krasnopakhorskoye,TAO,129500,144000,540,-2.43,16.0,18.5,6,65183.0,-49.7,True
2024-07-01,Krasnoselsky,CAO,544100,592300,2267,1.32,16.0,18.5,6,466067.0,-14.3,False
2024-07-01,Krylatskoye,SZAO,458800,498300,1912,-3.11,16.0,18.5,3,273967.0,-40.3,False
2024-07-01,Kuntsevo,ZAO,409000,438000,1704,2.74,16.0,18.5,9,245144.0,-40.1,False
2024-07-01,Kurkino,SZAO,385000,419500,1604,-4.75,16.0,18.5,5,211000.0,-45.2,False
2024-07-01,Levoberezhny,SAO,288800,319500,1203,-6.51,16.0,18.5,7,212714.0,-26.3,False
2024-07-01,Lianozovo,SVAO,291400,327800,1214,6.23,16.0,18.5,6,149967.0,-48.5,False
2024-07-01,Lomonosovsky,YuZAO,486200,561200,2026,-0.56,16.0,18.5,5,288140.0,-40.7,False
2024-07-01,Losinoostrovsky,SVAO,296800,339600,1237,4.16,16.0,18.5,6,178267.0,-39.9,False
2024-07-01,Marfino,SVAO,307900,355200,1283,5.05,16.0,18.5,8,174175.0,-43.4,False
2024-07-01,Marushkinskoye,NAO,179300,191700,747,0.5,16.0,18.5,6,93983.0,-47.6,True
2024-07-01,Maryina Roshcha,SVAO,351000,398400,1462,-1.2,16.0,18.5,3,277733.0,-20.9,False
2024-07-01,Meshchansky,CAO,604300,662700,2518,7.78,16.0,18.5,2,432600.0,-28.4,False
2024-07-01,Metrogorodok,VAO,265500,295400,1106,-3.3,16.0,18.5,2,187400.0,-29.4,False
2024-07-01,Mikhaylovo-Yartsevskoye,TAO,116500,120600,485,-3.81,16.0,18.5,4,72075.0,-38.1,True
2024-07-01,Mitino,SZAO,318600,345000,1327,1.96,16.0,18.5,6,196717.0,-38.3,False
2024-07-01,Molzhaninovsky,SAO,232700,263800,969,-7.83,16.0,18.5,6,123617.0,-46.9,False
2024-07-01,Moskovsky,NAO,230200,256500,959,1.39,16.0,18.5,4,124200.0,-46.0,True
2024-07-01,Moskvorechye-Saburovo,YuAO,288700,314600,1203,-1.0,16.0,18.5,2,206250.0,-28.6,False
2024-07-01,Mosrentgen,NAO,220300,246500,918,-4.81,16.0,18.5,5,165660.0,-24.8,True
2024-07-01,Mozhaysky,ZAO,388100,411200,1617,-0.49,16.0,18.5,3,241600.0,-37.7,False
2024-07-01,Nagatino-Sadovniki,YuAO,325800,355600,1358,0.88,16.0,18.5,5,198140.0,-39.2,False
2024-07-01,Nagatinsky Zaton,YuAO,325700,375800,1357,-7.64,16.0,18.5,6,207017.0,-36.4,False
2024-07-01,Nagorny,YuAO,324000,375800,1350,2.75,16.0,18.5,6,240033.0,-25.9,False
2024-07-01,Novo-Peredelkino,ZAO,304100,330100,1267,-2.18,16.0,18.5,7,165871.0,-45.5,False
2024-07-01,Novofyodorovskoye,TAO,108500,116400,452,-4.16,16.0,18.5,2,60600.0,-44.1,True
2024-07-01,Novogireyevo,VAO,309700,328700,1291,4.8,16.0,18.5,6,200383.0,-35.3,False
2024-07-01,Novokosino,VAO,265200,291800,1105,-3.55,16.0,18.5,4,195350.0,-26.3,False
2024-07-01,Obruchevsky,YuZAO,405300,432300,1689,-2.5,16.0,18.5,2,241050.0,-40.5,False
2024-07-01,Ochakovo-Matveyevskoye,ZAO,377400,399100,1573,-4.86,16.0,18.5,4,227350.0,-39.8,False
2024-07-01,Orekhovo-Borisovo Severnoye,YuAO,256900,277900,1070,2.14,16.0,18.5,8,150638.0,-41.4,False
2024-07-01,Orekhovo-Borisovo Yuzhnoye,YuAO,260700,282900,1086,-0.24,16.0,18.5,3,126133.0,-51.6,False
2024-07-01,Ostankinsky,SVAO,359500,410400,1498,2.45,16.0,18.5,6,279817.0,-22.2,False
2024-07-01,Otradnoye,SVAO,312300,338300,1301,5.02,16.0,18.5,5,174900.0,-44.0,False
2024-07-01,Perovo,VAO,300700,323600,1253,3.83,16.0,18.5,5,259020.0,-13.9,False
2024-07-01,Pervomayskoye,TAO,123900,135700,516,-4.06,16.0,18.5,1,81400.0,-34.3,True
2024-07-01,Pokrovskoye-Streshnevo,SZAO,368600,410600,1536,4.18,16.0,18.5,7,223771.0,-39.3,False
2024-07-01,Preobrazhenskoye,VAO,316600,343200,1319,-2.99,16.0,18.5,4,301475.0,-4.8,False
2024-07-01,Presnensky,CAO,738300,816200,3076,4.98,16.0,18.5,3,549767.0,-25.5,False
2024-07-01,Prospekt Vernadskogo,ZAO,485900,521200,2025,-2.39,16.0,18.5,4,371675.0,-23.5,False
2024-07-01,Ramenki,ZAO,486700,548600,2028,-4.72,16.0,18.5,9,292556.0,-39.9,False
2024-07-01,Rogovskoye,TAO,110700,123500,461,1.38,16.0,18.5,6,60800.0,-45.1,True
2024-07-01,Rostokino,SVAO,281700,313600,1174,-7.58,16.0,18.5,4,169625.0,-39.8,False
2024-07-01,Ryazanovskoye,NAO,186600,201500,777,3.76,16.0,18.5,6,113983.0,-38.9,True
2024-07-01,Savyolovsky,SAO,389100,456000,1621,-1.45,16.0,18.5,2,317600.0,-18.4,False
2024-07-01,Severnoye Butovo,YuZAO,330200,347900,1376,1.93,16.0,18.5,7,204386.0,-38.1,False
2024-07-01,Severnoye Izmaylovo,VAO,300400,328500,1252,-0.01,16.0,18.5,5,197900.0,-34.1,False
2024-07-01,Severnoye Medvedkovo,SVAO,292000,319900,1217,0.91,16.0,18.5,6,165983.0,-43.2,False
2024-07-01,Severnoye Tushino,SZAO,326700,366200,1361,-2.95,16.0,18.5,9,180367.0,-44.8,False
2024-07-01,Severny,SVAO,260500,280400,1085,6.9,16.0,18.5,5,123960.0,-52.4,False
2024-07-01,Shchapovskoye,TAO,118400,133000,493,-2.67,16.0,18.5,2,58050.0,-51.0,True
2024-07-01,Shcherbinka,NAO,213100,233800,888,0.24,16.0,18.5,5,115640.0,-45.7,True
2024-07-01,Shchukino,SZAO,410400,472600,1710,1.46,16.0,18.5,7,290400.0,-29.2,False
2024-07-01,Sokol,SAO,414500,447100,1727,2.06,16.0,18.5,3,311700.0,-24.8,False
2024-07-01,Sokolinaya Gora,VAO,288500,327900,1202,1.79,16.0,18.5,6,208917.0,-27.6,False
2024-07-01,Sokolniki,VAO,347600,386200,1448,-1.75,16.0,18.5,2,238600.0,-31.4,False
2024-07-01,Solntsevo,ZAO,339400,370100,1414,2.91,16.0,18.5,4,178675.0,-47.4,False
2024-07-01,Sosenskoye,NAO,231800,260300,966,3.99,16.0,18.5,8,130900.0,-43.5,True
2024-07-01,Strogino,SZAO,439600,471900,1832,7.83,16.0,18.5,7,385157.0,-12.4,False
2024-07-01,Sviblovo,SVAO,287500,313000,1198,-2.59,16.0,18.5,4,200325.0,-30.3,False
2024-07-01,Tagansky,CAO,556100,594000,2317,-0.46,16.0,18.5,5,477520.0,-14.1,False
2024-07-01,Timiryazevsky,SAO,337500,388500,1406,-0.8,16.0,18.5,3,296367.0,-12.2,False
2024-07-01,Troitsk,TAO,155000,170900,646,-5.96,16.0,18.5,7,83557.0,-46.1,True
2024-07-01,Troparyovo-Nikulino,ZAO,426600,488100,1778,-3.29,16.0,18.5,3,287467.0,-32.6,False
2024-07-01,Tsaritsyno,YuAO,283500,312700,1181,2.13,16.0,18.5,6,153283.0,-45.9,False
2024-07-01,Tverskoy,CAO,737600,828200,3073,2.21,16.0,18.5,5,635840.0,-13.8,False
2024-07-01,Tyoply Stan,YuZAO,347200,381800,1447,4.19,16.0,18.5,6,202433.0,-41.7,False
2024-07-01,Veshnyaki,VAO,259800,269900,1083,-3.05,16.0,18.5,5,150540.0,-42.1,False
2024-07-01,Vnukovo,ZAO,301800,329400,1258,0.57,16.0,18.5,8,153700.0,-49.1,False
2024-07-01,Vnukovskoye,NAO,227100,241500,946,-3.08,16.0,18.5,9,127000.0,-44.1,True
2024-07-01,Voronovskoye,TAO,117700,128800,490,-1.4,16.0,18.5,6,65233.0,-44.6,True
2024-07-01,Voskresenskoye,NAO,211300,225700,880,1.37,16.0,18.5,5,97420.0,-53.9,True
2024-07-01,Vostochnoye Izmaylovo,VAO,304500,326800,1269,6.28,16.0,18.5,3,211900.0,-30.4,False
2024-07-01,Vostochny,VAO,241000,260100,1004,-2.86,16.0,18.5,5,139780.0,-42.0,False
2024-07-01,Voykovsky,SAO,330100,363500,1375,3.68,16.0,18.5,8,302100.0,-8.5,False
2024-07-01,Yakimanka,CAO,758400,850600,3160,4.07,16.0,18.5,6,498500.0,-34.3,False
2024-07-01,Yaroslavsky,SVAO,290300,317700,1210,1.86,16.0,18.5,4,167075.0,-42.4,False
2024-07-01,Yasenevo,YuZAO,376700,425700,1570,-0.03,16.0,18.5,4,334825.0,-11.1,False
2024-07-01,Yuzhnoye Butovo,YuZAO,310000,346400,1292,3.92,16.0,18.5,4,153250.0,-50.6,False
2024-07-01,Yuzhnoye Medvedkovo,SVAO,288600,304500,1202,-1.87,16.0,18.5,3,191633.0,-33.6,False
2024-07-01,Yuzhnoye Tushino,SZAO,351700,387600,1465,4.93,16.0,18.5,3,225700.0,-35.8,False
2024-07-01,Zamoskvorechye,CAO,627300,692500,2614,-0.25,16.0,18.5,5,497760.0,-20.7,False
2024-07-01,Zapadnoye Degunino,SAO,278500,297100,1160,1.92,16.0,18.5,2,155600.0,-44.1,False
2024-07-01,Zelenograd,ZelAO,197800,224600,824,4.71,16.0,18.5,1,78000.0,-60.6,True
2024-07-01,Zyablikovo,YuAO,269800,286800,1124,3.99,16.0,18.5,7,131943.0,-51.1,False
2024-07-01,Zyuzino,YuZAO,392700,422400,1636,3.27,16.0,18.5,5,236280.0,-39.8,False
2024-08-01,Aeroport,SAO,349900,377400,1458,-3.28,16.0,18.5,7,243643.0,-30.4,False
2024-08-01,Akademichesky,YuZAO,422200,466200,1759,-4.55,16.0,18.5,6,262450.0,-37.8,False
2024-08-01,Alekseevsky,SVAO,370700,396800,1545,4.96,16.0,18.5,2,267550.0,-27.8,False
2024-08-01,Altufyevsky,SVAO,259700,290100,1082,-4.08,16.0,18.5,3,134933.0,-48.0,False
2024-08-01,Arbat,CAO,751100,824900,3130,1.43,16.0,18.5,7,567471.0,-24.4,False
2024-08-01,Babushkinsky,SVAO,292700,328700,1219,-2.14,16.0,18.5,1,201300.0,-31.2,False
2024-08-01,Basmanny,CAO,579100,658800,2413,-0.69,16.0,18.5,4,349375.0,-39.7,False
2024-08-01,Begovoy,SAO,394400,428800,1643,-4.78,16.0,18.5,7,316771.0,-19.7,False
2024-08-01,Beskudnikovsky,SAO,270700,285600,1128,-2.4,16.0,18.5,3,168233.0,-37.9,False
2024-08-01,Bibirevo,SVAO,278600,294500,1161,-1.32,16.0,18.5,4,167675.0,-39.8,False
2024-08-01,Biryulyovo Vostochnoye,YuAO,241500,274500,1006,-3.44,16.0,18.5,5,147700.0,-38.8,False
2024-08-01,Biryulyovo Zapadnoye,YuAO,247000,271500,1029,-1.01,16.0,18.5,7,141586.0,-42.7,False
2024-08-01,Bogorodskoye,VAO,286400,311400,1193,-3.65,16.0,18.5,6,202500.0,-29.3,False
2024-08-01,Brateyevo,YuAO,258700,289100,1078,-3.37,16.0,18.5,7,140786.0,-45.6,False
2024-08-01,Butyrsky,SVAO,352200,379800,1467,6.53,16.0,18.5,9,232000.0,-34.1,False
2024-08-01,Chertanovo Severnoye,YuAO,286700,303500,1194,-2.65,16.0,18.5,6,203800.0,-28.9,False
2024-08-01,Chertanovo Tsentralnoye,YuAO,264000,290200,1100,-8.88,16.0,18.5,7,164757.0,-37.6,False
2024-08-01,Chertanovo Yuzhnoye,YuAO,253900,281600,1058,-3.36,16.0,18.5,7,223257.0,-12.1,False
2024-08-01,Cheryomushki,YuZAO,395400,430500,1648,-1.69,16.0,18.5,5,329700.0,-16.6,False
2024-08-01,Danilovsky,YuAO,366300,395400,1526,3.32,16.0,18.5,5,250280.0,-31.7,False
2024-08-01,Desyonovskoye,NAO,206700,218600,861,-4.22,16.0,18.5,3,103300.0,-50.0,True
2024-08-01,Dmitrovsky,SAO,270000,303800,1125,-3.35,16.0,18.5,9,142778.0,-47.1,False
2024-08-01,Donskoy,YuAO,384200,428600,1601,2.57,16.0,18.5,6,287667.0,-25.1,False
2024-08-01,Dorogomilovo,ZAO,585600,679200,2440,-1.35,16.0,18.5,5,460500.0,-21.4,False
2024-08-01,Fili-Davydkovo,ZAO,431400,473700,1798,0.39,16.0,18.5,5,295820.0,-31.4,False
2024-08-01,Filimonkovskoye,NAO,197100,211100,821,1.08,16.0,18.5,0,,,True
2024-08-01,Filyovsky Park,ZAO,454200,524500,1893,2.18,16.0,18.5,5,300620.0,-33.8,False
2024-08-01,Gagarinsky,YuZAO,487600,533000,2032,0.42,16.0,18.5,5,343400.0,-29.6,False
2024-08-01,Golovinsky,SAO,301800,343500,1258,1.41,16.0,18.5,5,195300.0,-35.3,False
2024-08-01,Golyanovo,VAO,249700,260100,1040,-5.7,16.0,18.5,4,177375.0,-29.0,False
2024-08-01,Ivanovskoye,VAO,277400,314200,1156,-5.76,16.0,18.5,6,183500.0,-33.9,False
2024-08-01,Izmaylovo,VAO,323400,349000,1347,-1.44,16.0,18.5,3,199700.0,-38.2,False
2024-08-01,Khamovniki,CAO,806700,924900,3361,4.53,16.0,18.5,7,720100.0,-10.7,False
2024-08-01,Khoroshyovo-Mnyovniki,SZAO,410300,423100,1710,2.39,16.0,18.5,6,237450.0,-42.1,False
2024-08-01,Khoroshyovsky,SAO,421900,454400,1758,5.06,16.0,18.5,8,314413.0,-25.5,False
2024-08-01,Khovrino,SAO,286500,307500,1194,1.09,16.0,18.5,5,146940.0,-48.7,False
2024-08-01,Kievsky,TAO,109700,118900,457,-4.33,16.0,18.5,5,62500.0,-43.0,True
2024-08-01,Klyonovskoye,TAO,115100,125700,480,-0.91,16.0,18.5,3,51467.0,-55.3,True
2024-08-01,Kokoshkino,NAO,186100,200600,776,3.1,16.0,18.5,8,91925.0,-50.6,True
2024-08-01,Konkovo,YuZAO,373800,420400,1558,0.69,16.0,18.5,4,285850.0,-23.5,False
2024-08-01,Koptevo,SAO,301700,311900,1257,-7.27,16.0,18.5,7,190843.0,-36.7,False
2024-08-01,Kosino-Ukhtomsky,VAO,259900,283200,1083,-1.43,16.0,18.5,7,146057.0,-43.8,False
2024-08-01,Kotlovka,YuZAO,398300,453600,1659,-2.42,16.0,18.5,4,223300.0,-43.9,False
2024-08-01,Krasnopakhorskoye,TAO,130200,139600,542,0.51,16.0,18.5,6,67783.0,-47.9,True
2024-08-01,Krasnoselsky,CAO,560900,649100,2337,3.1,16.0,18.5,3,435367.0,-22.4,False
2024-08-01,Krylatskoye,SZAO,471300,528700,1964,2.72,16.0,18.5,7,265943.0,-43.6,False
2024-08-01,Kuntsevo,ZAO,411300,457400,1714,0.55,16.0,18.5,5,251380.0,-38.9,False
2024-08-01,Kurkino,SZAO,376200,416600,1568,-2.28,16.0,18.5,4,204550.0,-45.6,False
2024-08-01,Levoberezhny,SAO,284700,323800,1186,-1.4,16.0,18.5,5,165520.0,-41.9,False
2024-08-01,Lianozovo,SVAO,258900,289700,1079,-11.15,16.0,18.5,4,164750.0,-36.4,False
2024-08-01,Lomonosovsky,YuZAO,466400,501300,1943,-4.08,16.0,18.5,4,312575.0,-33.0,False
2024-08-01,Losinoostrovsky,SVAO,291100,315800,1213,-1.91,16.0,18.5,5,188760.0,-35.2,False
2024-08-01,Marfino,SVAO,298800,336200,1245,-2.97,16.0,18.5,10,175570.0,-41.2,False
2024-08-01,Marushkinskoye,NAO,175800,195400,732,-1.97,16.0,18.5,6,89383.0,-49.2,True
2024-08-01,Maryina Roshcha,SVAO,357800,378900,1491,1.94,16.0,18.5,2,215450.0,-39.8,False
2024-08-01,Meshchansky,CAO,574000,640500,2392,-5.01,16.0,18.5,12,510600.0,-11.0,False
2024-08-01,Metrogorodok,VAO,271300,295700,1130,2.19,16.0,18.5,4,189375.0,-30.2,False
2024-08-01,Mikhaylovo-Yartsevskoye,TAO,122200,127700,509,4.91,16.0,18.5,9,67611.0,-44.7,True
2024-08-01,Mitino,SZAO,318800,371900,1328,0.08,16.0,18.5,4,246425.0,-22.7,False
2024-08-01,Molzhaninovsky,SAO,241100,268500,1005,3.64,16.0,18.5,2,123150.0,-48.9,False
2024-08-01,Moskovsky,NAO,229800,258600,957,-0.15,16.0,18.5,5,117560.0,-48.8,True
2024-08-01,Moskvorechye-Saburovo,YuAO,292600,319100,1219,1.33,16.0,18.5,4,168950.0,-42.3,False
2024-08-01,Mosrentgen,NAO,226700,256400,944,2.91,16.0,18.5,5,160160.0,-29.4,True
2024-08-01,Mozhaysky,ZAO,375000,418000,1562,-3.39,16.0,18.5,6,231250.0,-38.3,False
2024-08-01,Nagatino-Sadovniki,YuAO,335400,374700,1398,2.95,16.0,18.5,5,198020.0,-41.0,False
2024-08-01,Nagatinsky Zaton,YuAO,358400,407900,1493,10.04,16.0,18.5,3,186867.0,-47.9,False
2024-08-01,Nagorny,YuAO,314100,348200,1309,-3.08,16.0,18.5,5,301640.0,-4.0,False
2024-08-01,Novo-Peredelkino,ZAO,298700,329000,1245,-1.76,16.0,18.5,6,186117.0,-37.7,False
2024-08-01,Novofyodorovskoye,TAO,116200,126800,484,7.06,16.0,18.5,1,73300.0,-36.9,True
2024-08-01,Novogireyevo,VAO,289800,321600,1208,-6.43,16.0,18.5,4,199550.0,-31.1,False
2024-08-01,Novokosino,VAO,265100,286800,1105,-0.03,16.0,18.5,6,176483.0,-33.4,False
2024-08-01,Obruchevsky,YuZAO,409500,458400,1706,1.02,16.0,18.5,3,259467.0,-36.6,False
2024-08-01,Ochakovo-Matveyevskoye,ZAO,377300,434600,1572,-0.02,16.0,18.5,4,219750.0,-41.8,False
2024-08-01,Orekhovo-Borisovo Severnoye,YuAO,254300,282800,1059,-1.02,16.0,18.5,2,166300.0,-34.6,False
2024-08-01,Orekhovo-Borisovo Yuzhnoye,YuAO,263400,294900,1097,1.03,16.0,18.5,3,151200.0,-42.6,False
2024-08-01,Ostankinsky,SVAO,355000,391400,1479,-1.25,16.0,18.5,4,218100.0,-38.6,False
2024-08-01,Otradnoye,SVAO,293600,319100,1223,-6.01,16.0,18.5,8,172300.0,-41.3,False
2024-08-01,Perovo,VAO,295700,313800,1232,-1.65,16.0,18.5,5,251700.0,-14.9,False
2024-08-01,Pervomayskoye,TAO,128100,144600,534,3.4,16.0,18.5,2,57050.0,-55.5,True
2024-08-01,Pokrovskoye-Streshnevo,SZAO,358600,406700,1494,-2.72,16.0,18.5,3,204233.0,-43.0,False
2024-08-01,Preobrazhenskoye,VAO,307700,349000,1282,-2.81,16.0,18.5,6,269817.0,-12.3,False
2024-08-01,Presnensky,CAO,695300,772100,2897,-5.83,16.0,18.5,6,476950.0,-31.4,False
2024-08-01,Prospekt Vernadskogo,ZAO,481500,548100,2006,-0.91,16.0,18.5,6,384400.0,-20.2,False
2024-08-01,Ramenki,ZAO,490300,550100,2043,0.73,16.0,18.5,4,398475.0,-18.7,False
2024-08-01,Rogovskoye,TAO,109900,118000,458,-0.72,16.0,18.5,5,56680.0,-48.4,True
2024-08-01,Rostokino,SVAO,296200,315000,1234,5.14,16.0,18.5,7,193600.0,-34.6,False
2024-08-01,Ryazanovskoye,NAO,177900,191200,741,-4.67,16.0,18.5,8,100800.0,-43.3,True
2024-08-01,Savyolovsky,SAO,378500,397700,1577,-2.72,16.0,18.5,5,283860.0,-25.0,False
2024-08-01,Severnoye Butovo,YuZAO,311500,341900,1298,-5.65,16.0,18.5,5,185200.0,-40.5,False
2024-08-01,Severnoye Izmaylovo,VAO,290600,321400,1211,-3.29,16.0,18.5,5,187220.0,-35.6,False
2024-08-01,Severnoye Medvedkovo,SVAO,280300,313900,1168,-4.01,16.0,18.5,7,170486.0,-39.2,False
2024-08-01,Severnoye Tushino,SZAO,316000,358300,1317,-3.26,16.0,18.5,9,187667.0,-40.6,False
2024-08-01,Severny,SVAO,252900,276400,1054,-2.9,16.0,18.5,4,132575.0,-47.6,False
2024-08-01,Shchapovskoye,TAO,117400,128800,489,-0.82,16.0,18.5,11,66009.0,-43.8,True
2024-08-01,Shcherbinka,NAO,212600,236100,886,-0.22,16.0,18.5,5,130100.0,-38.8,True
2024-08-01,Shchukino,SZAO,394500,429600,1644,-3.88,16.0,18.5,7,302657.0,-23.3,False
2024-08-01,Sokol,SAO,400000,433600,1667,-3.49,16.0,18.5,3,360500.0,-9.9,False
2024-08-01,Sokolinaya Gora,VAO,286600,307200,1194,-0.64,16.0,18.5,6,183417.0,-36.0,False
2024-08-01,Sokolniki,VAO,341900,358200,1425,-1.62,16.0,18.5,2,235750.0,-31.0,False
2024-08-01,Solntsevo,ZAO,333700,373200,1391,-1.68,16.0,18.5,4,193550.0,-42.0,False
2024-08-01,Sosenskoye,NAO,233900,250300,975,0.91,16.0,18.5,3,123933.0,-47.0,True
2024-08-01,Strogino,SZAO,420100,459600,1750,-4.44,16.0,18.5,3,366867.0,-12.7,False
2024-08-01,Sviblovo,SVAO,300200,331100,1251,4.4,16.0,18.5,7,210629.0,-29.8,False
2024-08-01,Tagansky,CAO,573800,653700,2391,3.19,16.0,18.5,5,422760.0,-26.3,False
2024-08-01,Timiryazevsky,SAO,342200,379100,1426,1.38,16.0,18.5,6,296483.0,-13.4,False
2024-08-01,Troitsk,TAO,167200,176900,697,7.86,16.0,18.5,6,96200.0,-42.5,True
2024-08-01,Troparyovo-Nikulino,ZAO,439800,486100,1832,3.08,16.0,18.5,4,318525.0,-27.6,False
2024-08-01,Tsaritsyno,YuAO,264500,295400,1102,-6.72,16.0,18.5,7,201043.0,-24.0,False
2024-08-01,Tverskoy,CAO,713400,791500,2973,-3.28,16.0,18.5,5,729300.0,2.2,False
2024-08-01,Tyoply Stan,YuZAO,329300,360600,1372,-5.14,16.0,18.5,2,165100.0,-49.9,False
2024-08-01,Veshnyaki,VAO,258700,296500,1078,-0.44,16.0,18.5,3,146033.0,-43.6,False
2024-08-01,Vnukovo,ZAO,296600,336300,1236,-1.71,16.0,18.5,6,160417.0,-45.9,False
2024-08-01,Vnukovskoye,NAO,235700,259300,982,3.82,16.0,18.5,3,129600.0,-45.0,True
2024-08-01,Voronovskoye,TAO,120500,134000,502,2.35,16.0,18.5,6,66033.0,-45.2,True
2024-08-01,Voskresenskoye,NAO,206600,222900,861,-2.23,16.0,18.5,5,112280.0,-45.7,True
2024-08-01,Vostochnoye Izmaylovo,VAO,298400,329700,1243,-1.98,16.0,18.5,5,202740.0,-32.1,False
2024-08-01,Vostochny,VAO,238300,268400,993,-1.13,16.0,18.5,5,134800.0,-43.4,False
2024-08-01,Voykovsky,SAO,324100,361300,1350,-1.82,16.0,18.5,4,249875.0,-22.9,False
2024-08-01,Yakimanka,CAO,735300,841400,3064,-3.04,16.0,18.5,5,532420.0,-27.6,False
2024-08-01,Yaroslavsky,SVAO,277200,288700,1155,-4.52,16.0,18.5,7,159314.0,-42.5,False
2024-08-01,Yasenevo,YuZAO,379900,411000,1583,0.84,16.0,18.5,7,278886.0,-26.6,False
2024-08-01,Yuzhnoye Butovo,YuZAO,318700,352000,1328,2.81,16.0,18.5,3,171467.0,-46.2,False
2024-08-01,Yuzhnoye Medvedkovo,SVAO,282900,307700,1179,-1.96,16.0,18.5,4,164450.0,-41.9,False
2024-08-01,Yuzhnoye Tushino,SZAO,331500,365400,1381,-5.75,16.0,18.5,10,216010.0,-34.8,False
2024-08-01,Zamoskvorechye,CAO,635000,694600,2646,1.23,16.0,18.5,4,458725.0,-27.8,False
2024-08-01,Zapadnoye Degunino,SAO,284700,317200,1186,2.24,16.0,18.5,5,157540.0,-44.7,False
2024-08-01,Zelenograd,ZelAO,195000,210900,812,-1.4,16.0,18.5,6,108317.0,-44.5,True
2024-08-01,Zyablikovo,YuAO,255900,273500,1066,-5.15,16.0,18.5,4,143850.0,-43.8,False
2024-08-01,Zyuzino,YuZAO,368700,390900,1536,-6.11,16.0,18.5,2,289750.0,-21.4,False
2024-09-01,Aeroport,SAO,366700,410300,1528,4.81,16.0,18.5,4,209675.0,-42.8,False
2024-09-01,Akademichesky,YuZAO,430900,474900,1795,2.05,16.0,18.5,7,332457.0,-22.8,False
2024-09-01,Alekseevsky,SVAO,358800,367100,1495,-3.23,16.0,18.5,10,219540.0,-38.8,False
2024-09-01,Altufyevsky,SVAO,270000,288300,1125,3.97,16.0,18.5,7,145386.0,-46.2,False
2024-09-01,Arbat,CAO,728400,806700,3035,-3.03,16.0,18.5,6,613350.0,-15.8,False
2024-09-01,Babushkinsky,SVAO,290800,312800,1212,-0.62,16.0,18.5,2,204150.0,-29.8,False
2024-09-01,Basmanny,CAO,606600,673600,2527,4.74,16.0,18.5,4,422400.0,-30.4,False
2024-09-01,Begovoy,SAO,388600,436300,1619,-1.47,16.0,18.5,6,319317.0,-17.8,False
2024-09-01,Beskudnikovsky,SAO,290200,323300,1209,7.18,16.0,18.5,3,193000.0,-33.5,False
2024-09-01,Bibirevo,SVAO,292300,324700,1218,4.91,16.0,18.5,5,144520.0,-50.6,False
2024-09-01,Biryulyovo Vostochnoye,YuAO,261800,284800,1091,8.42,16.0,18.5,5,136460.0,-47.9,False
2024-09-01,Biryulyovo Zapadnoye,YuAO,256200,277900,1067,3.71,16.0,18.5,8,141625.0,-44.7,False
2024-09-01,Bogorodskoye,VAO,287400,306100,1198,0.36,16.0,18.5,6,184233.0,-35.9,False
2024-09-01,Brateyevo,YuAO,243600,265800,1015,-5.83,16.0,18.5,4,138625.0,-43.1,False
2024-09-01,Butyrsky,SVAO,342100,359100,1425,-2.87,16.0,18.5,4,233075.0,-31.9,False
2024-09-01,Chertanovo Severnoye,YuAO,291300,311500,1214,1.63,16.0,18.5,6,187800.0,-35.5,False
2024-09-01,Chertanovo Tsentralnoye,YuAO,284800,317300,1187,7.88,16.0,18.5,7,162000.0,-43.1,False
2024-09-01,Chertanovo Yuzhnoye,YuAO,249500,281100,1040,-1.73,16.0,18.5,4,197450.0,-20.9,False
2024-09-01,Cheryomushki,YuZAO,397000,442900,1654,0.4,16.0,18.5,6,373867.0,-5.8,False
2024-09-01,Danilovsky,YuAO,350300,392000,1459,-4.38,16.0,18.5,8,251675.0,-28.2,False
2024-09-01,Desyonovskoye,NAO,213800,233500,891,3.43,16.0,18.5,2,95200.0,-55.5,True
2024-09-01,Dmitrovsky,SAO,274900,284000,1145,1.8,16.0,18.5,6,157883.0,-42.6,False
2024-09-01,Donskoy,YuAO,388300,419100,1618,1.07,16.0,18.5,7,304271.0,-21.6,False
2024-09-01,Dorogomilovo,ZAO,576500,651900,2402,-1.54,16.0,18.5,3,447033.0,-22.5,False
2024-09-01,Fili-Davydkovo,ZAO,432000,461300,1800,0.14,16.0,18.5,3,261000.0,-39.6,False
2024-09-01,Filimonkovskoye,NAO,191100,212200,796,-3.01,16.0,18.5,8,100050.0,-47.6,True
2024-09-01,Filyovsky Park,ZAO,478700,505800,1995,5.4,16.0,18.5,5,314720.0,-34.3,False
2024-09-01,Gagarinsky,YuZAO,528500,575000,2202,8.38,16.0,18.5,4,408225.0,-22.8,False
2024-09-01,Golovinsky,SAO,292100,336900,1217,-3.21,16.0,18.5,1,142100.0,-51.4,False
2024-09-01,Golyanovo,VAO,252000,279300,1050,0.93,16.0,18.5,5,186840.0,-25.9,False
2024-09-01,Ivanovskoye,VAO,278200,311000,1159,0.32,16.0,18.5,5,167880.0,-39.7,False
2024-09-01,Izmaylovo,VAO,309300,323000,1289,-4.35,16.0,18.5,5,219540.0,-29.0,False
2024-09-01,Khamovniki,CAO,784100,853600,3267,-2.8,16.0,18.5,10,586990.0,-25.1,False
2024-09-01,Khoroshyovo-Mnyovniki,SZAO,414200,434600,1726,0.95,16.0,18.5,2,242350.0,-41.5,False
2024-09-01,Khoroshyovsky,SAO,406600,446900,1694,-3.62,16.0,18.5,6,294567.0,-27.6,False
2024-09-01,Khovrino,SAO,274100,311600,1142,-4.31,16.0,18.5,2,176850.0,-35.5,False
2024-09-01,Kievsky,TAO,106200,121900,442,-3.18,16.0,18.5,8,57725.0,-45.6,True
2024-09-01,Klyonovskoye,TAO,112200,126100,468,-2.47,16.0,18.5,2,53300.0,-52.5,True
2024-09-01,Kokoshkino,NAO,192500,215100,802,3.44,16.0,18.5,4,101750.0,-47.1,True
2024-09-01,Konkovo,YuZAO,365000,406400,1521,-2.35,16.0,18.5,9,198689.0,-45.6,False
2024-09-01,Koptevo,SAO,305800,338400,1274,1.36,16.0,18.5,6,199317.0,-34.8,False
2024-09-01,Kosino-Ukhtomsky,VAO,254900,279100,1062,-1.93,16.0,18.5,3,142100.0,-44.3,False
2024-09-01,Kotlovka,YuZAO,392600,429800,1636,-1.42,16.0,18.5,5,278260.0,-29.1,False
2024-09-01,Krasnopakhorskoye,TAO,132800,146800,553,2.05,16.0,18.5,8,80575.0,-39.3,True
2024-09-01,Krasnoselsky,CAO,555600,590400,2315,-0.94,16.0,18.5,4,319450.0,-42.5,False
2024-09-01,Krylatskoye,SZAO,467300,539000,1947,-0.85,16.0,18.5,2,255300.0,-45.4,False
2024-09-01,Kuntsevo,ZAO,396500,421300,1652,-3.6,16.0,18.5,7,249900.0,-37.0,False
2024-09-01,Kurkino,SZAO,377900,432900,1575,0.45,16.0,18.5,4,207575.0,-45.1,False
2024-09-01,Levoberezhny,SAO,287700,316500,1199,1.04,16.0,18.5,5,179460.0,-37.6,False
2024-09-01,Lianozovo,SVAO,277300,309000,1155,7.08,16.0,18.5,3,184867.0,-33.3,False
2024-09-01,Lomonosovsky,YuZAO,489300,571000,2039,4.9,16.0,18.5,3,264133.0,-46.0,False
2024-09-01,Losinoostrovsky,SVAO,294400,320900,1227,1.11,16.0,18.5,3,179600.0,-39.0,False
2024-09-01,Marfino,SVAO,297800,332800,1241,-0.32,16.0,18.5,3,167133.0,-43.9,False
2024-09-01,Marushkinskoye,NAO,177100,196200,738,0.76,16.0,18.5,8,85925.0,-51.5,True
2024-09-01,Maryina Roshcha,SVAO,343400,348900,1431,-4.04,16.0,18.5,3,255067.0,-25.7,False
2024-09-01,Meshchansky,CAO,573900,628800,2391,-0.02,16.0,18.5,9,465156.0,-18.9,False
2024-09-01,Metrogorodok,VAO,262700,267900,1094,-3.18,16.0,18.5,1,165500.0,-37.0,False
2024-09-01,Mikhaylovo-Yartsevskoye,TAO,118800,137600,495,-2.81,16.0,18.5,7,59086.0,-50.3,True
2024-09-01,Mitino,SZAO,333000,361200,1387,4.45,16.0,18.5,1,323800.0,-2.8,False
2024-09-01,Molzhaninovsky,SAO,244900,274900,1020,1.57,16.0,18.5,5,109280.0,-55.4,False
2024-09-01,Moskovsky,NAO,224600,264600,936,-2.28,16.0,18.5,8,124088.0,-44.8,True
2024-09-01,Moskvorechye-Saburovo,YuAO,278900,307000,1162,-4.67,16.0,18.5,3,209267.0,-25.0,False
2024-09-01,Mosrentgen,NAO,232700,261700,970,2.69,16.0,18.5,6,131883.0,-43.3,True
2024-09-01,Mozhaysky,ZAO,372100,398800,1550,-0.76,16.0,18.5,4,236150.0,-36.5,False
2024-09-01,Nagatino-Sadovniki,YuAO,313800,346500,1308,-6.43,16.0,18.5,9,210389.0,-33.0,False
2024-09-01,Nagatinsky Zaton,YuAO,338400,374000,1410,-5.6,16.0,18.5,9,205067.0,-39.4,False
2024-09-01,Nagorny,YuAO,316600,344000,1319,0.81,16.0,18.5,7,250686.0,-20.8,False
2024-09-01,Novo-Peredelkino,ZAO,290400,308100,1210,-2.77,16.0,18.5,4,187325.0,-35.5,False
2024-09-01,Novofyodorovskoye,TAO,110400,123900,460,-5.0,16.0,18.5,11,61527.0,-44.3,True
2024-09-01,Novogireyevo,VAO,298200,347800,1242,2.88,16.0,18.5,8,223063.0,-25.2,False
2024-09-01,Novokosino,VAO,285000,338100,1188,7.49,16.0,18.5,1,134400.0,-52.8,False
2024-09-01,Obruchevsky,YuZAO,397300,445500,1655,-2.98,16.0,18.5,4,240150.0,-39.6,False
2024-09-01,Ochakovo-Matveyevskoye,ZAO,363500,391700,1514,-3.68,16.0,18.5,8,223413.0,-38.5,False
2024-09-01,Orekhovo-Borisovo Severnoye,YuAO,259100,286000,1080,1.92,16.0,18.5,2,136950.0,-47.1,False
2024-09-01,Orekhovo-Borisovo Yuzhnoye,YuAO,260300,292900,1085,-1.16,16.0,18.5,9,145689.0,-44.0,False
2024-09-01,Ostankinsky,SVAO,358400,376100,1493,0.97,16.0,18.5,3,236400.0,-34.0,False
2024-09-01,Otradnoye,SVAO,312600,339700,1302,6.48,16.0,18.5,3,158900.0,-49.2,False
2024-09-01,Perovo,VAO,291200,323200,1213,-1.51,16.0,18.5,2,207300.0,-28.8,False
2024-09-01,Pervomayskoye,TAO,122400,126200,510,-4.42,16.0,18.5,4,66150.0,-46.0,True
2024-09-01,Pokrovskoye-Streshnevo,SZAO,356300,396600,1484,-0.65,16.0,18.5,3,217367.0,-39.0,False
2024-09-01,Preobrazhenskoye,VAO,312600,344200,1302,1.57,16.0,18.5,6,251717.0,-19.5,False
2024-09-01,Presnensky,CAO,716200,792800,2984,3.01,16.0,18.5,6,545367.0,-23.9,False
2024-09-01,Prospekt Vernadskogo,ZAO,501300,555700,2089,4.12,16.0,18.5,6,308617.0,-38.4,False
2024-09-01,Ramenki,ZAO,496300,530300,2068,1.24,16.0,18.5,4,326000.0,-34.3,False
2024-09-01,Rogovskoye,TAO,114100,128700,475,3.78,16.0,18.5,2,56100.0,-50.8,True
2024-09-01,Rostokino,SVAO,290600,313400,1211,-1.88,16.0,18.5,4,188725.0,-35.1,False
2024-09-01,Ryazanovskoye,NAO,182600,199600,761,2.67,16.0,18.5,1,75700.0,-58.5,True
2024-09-01,Savyolovsky,SAO,373900,415100,1558,-1.22,16.0,18.5,6,310500.0,-17.0,False
2024-09-01,Severnoye Butovo,YuZAO,335700,379100,1399,7.76,16.0,18.5,4,174250.0,-48.1,False
2024-09-01,Severnoye Izmaylovo,VAO,291400,314600,1214,0.29,16.0,18.5,6,192383.0,-34.0,False
2024-09-01,Severnoye Medvedkovo,SVAO,285600,315300,1190,1.88,16.0,18.5,5,161780.0,-43.4,False
2024-09-01,Severnoye Tushino,SZAO,341000,374300,1421,7.91,16.0,18.5,6,172733.0,-49.3,False
2024-09-01,Severny,SVAO,243100,275800,1013,-3.87,16.0,18.5,4,124825.0,-48.7,False
2024-09-01,Shchapovskoye,TAO,126900,139700,529,8.09,16.0,18.5,4,77150.0,-39.2,True
2024-09-01,Shcherbinka,NAO,212800,233900,887,0.08,16.0,18.5,1,166600.0,-21.7,True
2024-09-01,Shchukino,SZAO,404900,449400,1687,2.64,16.0,18.5,10,322250.0,-20.4,False
2024-09-01,Sokol,SAO,390300,430300,1626,-2.43,16.0,18.5,5,279520.0,-28.4,False
2024-09-01,Sokolinaya Gora,VAO,298900,317200,1246,4.3,16.0,18.5,3,205367.0,-31.3,False
2024-09-01,Sokolniki,VAO,345900,383300,1441,1.17,16.0,18.5,0,,,False
2024-09-01,Solntsevo,ZAO,323200,349800,1347,-3.16,16.0,18.5,7,183386.0,-43.3,False
2024-09-01,Sosenskoye,NAO,226500,255600,944,-3.16,16.0,18.5,6,138700.0,-38.8,True
2024-09-01,Strogino,SZAO,422200,463000,1759,0.51,16.0,18.5,6,340950.0,-19.2,False
2024-09-01,Sviblovo,SVAO,287700,310900,1199,-4.15,16.0,18.5,1,193800.0,-32.6,False
2024-09-01,Tagansky,CAO,571200,643000,2380,-0.46,16.0,18.5,9,410867.0,-28.1,False
2024-09-01,Timiryazevsky,SAO,338400,373900,1410,-1.11,16.0,18.5,7,233129.0,-31.1,False
2024-09-01,Troitsk,TAO,159900,175600,666,-4.36,16.0,18.5,7,86229.0,-46.1,True
2024-09-01,Troparyovo-Nikulino,ZAO,423400,488600,1764,-3.73,16.0,18.5,4,314900.0,-25.6,False
2024-09-01,Tsaritsyno,YuAO,270400,286700,1127,2.26,16.0,18.5,4,146375.0,-45.9,False
2024-09-01,Tverskoy,CAO,721000,779000,3004,1.06,16.0,18.5,5,623860.0,-13.5,False
2024-09-01,Tyoply Stan,YuZAO,329200,357500,1372,-0.03,16.0,18.5,7,224729.0,-31.7,False
2024-09-01,Veshnyaki,VAO,260100,281100,1084,0.56,16.0,18.5,3,138433.0,-46.8,False
2024-09-01,Vnukovo,ZAO,308000,332600,1283,3.82,16.0,18.5,2,182250.0,-40.8,False
2024-09-01,Vnukovskoye,NAO,229800,254000,958,-2.51,16.0,18.5,5,122600.0,-46.6,True
2024-09-01,Voronovskoye,TAO,116100,124400,484,-3.61,16.0,18.5,4,63625.0,-45.2,True
2024-09-01,Voskresenskoye,NAO,206200,217000,859,-0.2,16.0,18.5,8,99463.0,-51.8,True
2024-09-01,Vostochnoye Izmaylovo,VAO,289700,322500,1207,-2.94,16.0,18.5,2,201750.0,-30.4,False
2024-09-01,Vostochny,VAO,245500,262300,1023,3.01,16.0,18.5,3,144500.0,-41.1,False
2024-09-01,Voykovsky,SAO,327400,370700,1364,1.03,16.0,18.5,1,188200.0,-42.5,False
2024-09-01,Yakimanka,CAO,733400,829800,3056,-0.26,16.0,18.5,3,589100.0,-19.7,False
2024-09-01,Yaroslavsky,SVAO,283300,304500,1180,2.2,16.0,18.5,5,169000.0,-40.3,False
2024-09-01,Yasenevo,YuZAO,364500,395800,1519,-4.06,16.0,18.5,11,300291.0,-17.6,False
2024-09-01,Yuzhnoye Butovo,YuZAO,310200,341000,1292,-2.68,16.0,18.5,2,166150.0,-46.4,False
2024-09-01,Yuzhnoye Medvedkovo,SVAO,298400,337300,1243,5.45,16.0,18.5,5,194400.0,-34.9,False
2024-09-01,Yuzhnoye Tushino,SZAO,322900,358200,1346,-2.58,16.0,18.5,7,208500.0,-35.4,False
2024-09-01,Zamoskvorechye,CAO,632000,694800,2633,-0.47,16.0,18.5,4,491525.0,-22.2,False
2024-09-01,Zapadnoye Degunino,SAO,278900,295500,1162,-2.04,16.0,18.5,8,168213.0,-39.7,False
2024-09-01,Zelenograd,ZelAO,187600,207900,782,-3.78,16.0,18.5,8,113188.0,-39.7,True
2024-09-01,Zyablikovo,YuAO,250100,280300,1042,-2.28,16.0,18.5,9,149911.0,-40.1,False
2024-09-01,Zyuzino,YuZAO,370900,405900,1545,0.58,16.0,18.5,4,265700.0,-28.4,False
2024-10-01,Aeroport,SAO,359200,400500,1497,-2.06,21.0,23.5,6,248283.0,-30.9,False
2024-10-01,Akademichesky,YuZAO,452200,502600,1884,4.95,21.0,23.5,9,267700.0,-40.8,False
2024-10-01,Alekseevsky,SVAO,355400,390900,1481,-0.94,21.0,23.5,5,203260.0,-42.8,False
2024-10-01,Altufyevsky,SVAO,271800,301800,1133,0.67,21.0,23.5,8,159550.0,-41.3,False
2024-10-01,Arbat,CAO,763500,867100,3181,4.82,21.0,23.5,4,580025.0,-24.0,False
2024-10-01,Babushkinsky,SVAO,288000,318800,1200,-0.96,21.0,23.5,11,173036.0,-39.9,False
2024-10-01,Basmanny,CAO,585200,641600,2438,-3.53,21.0,23.5,6,452333.0,-22.7,False
2024-10-01,Begovoy,SAO,378000,414800,1575,-2.74,21.0,23.5,8,307200.0,-18.7,False
2024-10-01,Beskudnikovsky,SAO,277100,295500,1155,-4.49,21.0,23.5,6,166867.0,-39.8,False
2024-10-01,Bibirevo,SVAO,289800,326800,1207,-0.85,21.0,23.5,10,177310.0,-38.8,False
2024-10-01,Biryulyovo Vostochnoye,YuAO,245500,271400,1023,-6.26,21.0,23.5,6,132550.0,-46.0,False
2024-10-01,Biryulyovo Zapadnoye,YuAO,246000,274600,1025,-3.96,21.0,23.5,6,151017.0,-38.6,False
2024-10-01,Bogorodskoye,VAO,287500,306800,1198,0.04,21.0,23.5,4,195675.0,-31.9,False
2024-10-01,Brateyevo,YuAO,262600,285400,1094,7.81,21.0,23.5,9,151022.0,-42.5,False
2024-10-01,Butyrsky,SVAO,337200,366300,1405,-1.44,21.0,23.5,4,234200.0,-30.5,False
2024-10-01,Chertanovo Severnoye,YuAO,285400,311800,1189,-2.02,21.0,23.5,10,192290.0,-32.6,False
2024-10-01,Chertanovo Tsentralnoye,YuAO,269200,296100,1122,-5.49,21.0,23.5,0,,,False
2024-10-01,Chertanovo Yuzhnoye,YuAO,258400,284800,1077,3.59,21.0,23.5,5,215660.0,-16.5,False
2024-10-01,Cheryomushki,YuZAO,393000,428000,1638,-1.0,21.0,23.5,14,326450.0,-16.9,False
2024-10-01,Danilovsky,YuAO,366700,392700,1528,4.68,21.0,23.5,3,192033.0,-47.6,False
2024-10-01,Desyonovskoye,NAO,212500,232400,885,-0.62,21.0,23.5,6,105967.0,-50.1,True
2024-10-01,Dmitrovsky,SAO,261300,302500,1089,-4.95,21.0,23.5,4,151150.0,-42.2,False
2024-10-01,Donskoy,YuAO,393900,451400,1641,1.43,21.0,23.5,4,314950.0,-20.0,False
2024-10-01,Dorogomilovo,ZAO,562200,641400,2342,-2.49,21.0,23.5,7,431371.0,-23.3,False
2024-10-01,Fili-Davydkovo,ZAO,447100,483300,1863,3.5,21.0,23.5,8,318775.0,-28.7,False
2024-10-01,Filimonkovskoye,NAO,184200,201600,767,-3.64,21.0,23.5,6,104483.0,-43.3,True
2024-10-01,Filyovsky Park,ZAO,463100,498900,1930,-3.27,21.0,23.5,7,305086.0,-34.1,False
2024-10-01,Gagarinsky,YuZAO,495700,524800,2065,-6.21,21.0,23.5,4,324700.0,-34.5,False
2024-10-01,Golovinsky,SAO,292300,300300,1218,0.06,21.0,23.5,6,177100.0,-39.4,False
2024-10-01,Golyanovo,VAO,258000,285400,1075,2.38,21.0,23.5,6,174800.0,-32.2,False
2024-10-01,Ivanovskoye,VAO,266000,291600,1108,-4.41,21.0,23.5,4,144025.0,-45.9,False
2024-10-01,Izmaylovo,VAO,314300,352700,1309,1.61,21.0,23.5,2,167450.0,-46.7,False
2024-10-01,Khamovniki,CAO,771000,814600,3212,-1.67,21.0,23.5,6,643117.0,-16.6,False
2024-10-01,Khoroshyovo-Mnyovniki,SZAO,399500,442600,1665,-3.54,21.0,23.5,6,250033.0,-37.4,False
2024-10-01,Khoroshyovsky,SAO,397800,430200,1657,-2.17,21.0,23.5,4,275350.0,-30.8,False
2024-10-01,Khovrino,SAO,281900,307000,1175,2.85,21.0,23.5,6,190300.0,-32.5,False
2024-10-01,Kievsky,TAO,107700,119400,449,1.43,21.0,23.5,2,62650.0,-41.8,True
2024-10-01,Klyonovskoye,TAO,108300,120900,451,-3.55,21.0,23.5,5,64040.0,-40.9,True
2024-10-01,Kokoshkino,NAO,174800,194000,728,-9.21,21.0,23.5,6,82617.0,-52.7,True
2024-10-01,Konkovo,YuZAO,358300,393300,1493,-1.85,21.0,23.5,6,174267.0,-51.4,False
2024-10-01,Koptevo,SAO,298800,330500,1245,-2.3,21.0,23.5,2,225150.0,-24.6,False
2024-10-01,Kosino-Ukhtomsky,VAO,248100,272000,1034,-2.69,21.0,23.5,13,154300.0,-37.8,False
2024-10-01,Kotlovka,YuZAO,385100,425500,1605,-1.92,21.0,23.5,7,276129.0,-28.3,False
2024-10-01,Krasnopakhorskoye,TAO,134400,148500,560,1.16,21.0,23.5,3,74233.0,-44.8,True
2024-10-01,Krasnoselsky,CAO,566300,614800,2360,1.92,21.0,23.5,5,378820.0,-33.1,False
2024-10-01,Krylatskoye,SZAO,494600,512900,2061,5.85,21.0,23.5,10,291400.0,-41.1,False
2024-10-01,Kuntsevo,ZAO,400100,425300,1667,0.93,21.0,23.5,5,237000.0,-40.8,False
2024-10-01,Kurkino,SZAO,389500,441100,1623,3.06,21.0,23.5,3,208567.0,-46.5,False
2024-10-01,Levoberezhny,SAO,293000,316700,1221,1.86,21.0,23.5,6,201800.0,-31.1,False
2024-10-01,Lianozovo,SVAO,274200,303600,1142,-1.12,21.0,23.5,6,146283.0,-46.7,False
2024-10-01,Lomonosovsky,YuZAO,487300,535200,2031,-0.4,21.0,23.5,5,311480.0,-36.1,False
2024-10-01,Losinoostrovsky,SVAO,278800,301400,1162,-5.27,21.0,23.5,8,158363.0,-43.2,False
2024-10-01,Marfino,SVAO,288800,318100,1203,-3.05,21.0,23.5,7,182886.0,-36.7,False
2024-10-01,Marushkinskoye,NAO,176300,194300,735,-0.46,21.0,23.5,6,86117.0,-51.2,True
2024-10-01,Maryina Roshcha,SVAO,347600,388800,1448,1.23,21.0,23.5,5,274860.0,-20.9,False
2024-10-01,Meshchansky,CAO,548700,605400,2286,-4.39,21.0,23.5,3,463267.0,-15.6,False
2024-10-01,Metrogorodok,VAO,270700,296700,1128,3.06,21.0,23.5,2,181100.0,-33.1,False
2024-10-01,Mikhaylovo-Yartsevskoye,TAO,115200,131700,480,-3.0,21.0,23.5,4,64650.0,-43.9,True
2024-10-01,Mitino,SZAO,318700,360500,1328,-4.28,21.0,23.5,5,230960.0,-27.5,False
2024-10-01,Molzhaninovsky,SAO,246900,270300,1029,0.82,21.0,23.5,3,117033.0,-52.6,False
2024-10-01,Moskovsky,NAO,221400,239400,922,-1.41,21.0,23.5,8,122950.0,-44.5,True
2024-10-01,Moskvorechye-Saburovo,YuAO,294400,315400,1227,5.57,21.0,23.5,2,184400.0,-37.4,False
2024-10-01,Mosrentgen,NAO,229900,250300,958,-1.24,21.0,23.5,8,160338.0,-30.3,True
2024-10-01,Mozhaysky,ZAO,366700,382800,1528,-1.45,21.0,23.5,2,263000.0,-28.3,False
2024-10-01,Nagatino-Sadovniki,YuAO,326000,364700,1358,3.89,21.0,23.5,3,229433.0,-29.6,False
2024-10-01,Nagatinsky Zaton,YuAO,336000,361900,1400,-0.7,21.0,23.5,7,221700.0,-34.0,False
2024-10-01,Nagorny,YuAO,310000,329200,1292,-2.07,21.0,23.5,6,261250.0,-15.7,False
2024-10-01,Novo-Peredelkino,ZAO,316700,363700,1320,9.05,21.0,23.5,3,159567.0,-49.6,False
2024-10-01,Novofyodorovskoye,TAO,111600,123000,465,1.08,21.0,23.5,7,54914.0,-50.8,True
2024-10-01,Novogireyevo,VAO,274600,322600,1144,-7.89,21.0,23.5,3,155367.0,-43.4,False
2024-10-01,Novokosino,VAO,273600,307700,1140,-4.0,21.0,23.5,2,152050.0,-44.4,False
2024-10-01,Obruchevsky,YuZAO,413800,465600,1724,4.15,21.0,23.5,3,225333.0,-45.5,False
2024-10-01,Ochakovo-Matveyevskoye,ZAO,379200,411800,1580,4.32,21.0,23.5,6,260583.0,-31.3,False
2024-10-01,Orekhovo-Borisovo Severnoye,YuAO,247700,274500,1032,-4.41,21.0,23.5,8,148875.0,-39.9,False
2024-10-01,Orekhovo-Borisovo Yuzhnoye,YuAO,249900,256500,1041,-4.0,21.0,23.5,5,153320.0,-38.6,False
2024-10-01,Ostankinsky,SVAO,345200,369100,1438,-3.68,21.0,23.5,6,233983.0,-32.2,False
2024-10-01,Otradnoye,SVAO,296300,331400,1235,-5.2,21.0,23.5,2,179700.0,-39.4,False
2024-10-01,Perovo,VAO,280500,312500,1169,-3.68,21.0,23.5,4,251150.0,-10.5,False
2024-10-01,Pervomayskoye,TAO,126200,142300,526,3.07,21.0,23.5,4,65525.0,-48.1,True
2024-10-01,Pokrovskoye-Streshnevo,SZAO,367300,396500,1530,3.1,21.0,23.5,7,214829.0,-41.5,False
2024-10-01,Preobrazhenskoye,VAO,322900,362900,1345,3.3,21.0,23.5,4,236500.0,-26.8,False
2024-10-01,Presnensky,CAO,705700,783500,2940,-1.47,21.0,23.5,6,632300.0,-10.4,False
2024-10-01,Prospekt Vernadskogo,ZAO,480800,551800,2003,-4.1,21.0,23.5,5,425320.0,-11.5,False
2024-10-01,Ramenki,ZAO,512900,569200,2137,3.35,21.0,23.5,2,222950.0,-56.5,False
2024-10-01,Rogovskoye,TAO,115700,133800,482,1.43,21.0,23.5,6,53000.0,-54.2,True
2024-10-01,Rostokino,SVAO,286000,317500,1192,-1.58,21.0,23.5,6,166417.0,-41.8,False
2024-10-01,Ryazanovskoye,NAO,180300,194000,751,-1.29,21.0,23.5,2,102750.0,-43.0,True
2024-10-01,Savyolovsky,SAO,393800,456500,1641,5.32,21.0,23.5,6,279650.0,-29.0,False
2024-10-01,Severnoye Butovo,YuZAO,324400,362100,1352,-3.36,21.0,23.5,6,197267.0,-39.2,False
2024-10-01,Severnoye Izmaylovo,VAO,284200,307500,1184,-2.46,21.0,23.5,9,218844.0,-23.0,False
2024-10-01,Severnoye Medvedkovo,SVAO,295700,311300,1232,3.56,21.0,23.5,7,164786.0,-44.3,False
2024-10-01,Severnoye Tushino,SZAO,314700,337300,1311,-7.71,21.0,23.5,7,170586.0,-45.8,False
2024-10-01,Severny,SVAO,251500,275400,1048,3.42,21.0,23.5,4,125125.0,-50.2,False
2024-10-01,Shchapovskoye,TAO,113600,122200,473,-10.54,21.0,23.5,6,70867.0,-37.6,True
2024-10-01,Shcherbinka,NAO,210300,230200,876,-1.19,21.0,23.5,10,120580.0,-42.7,True
2024-10-01,Shchukino,SZAO,402500,437300,1677,-0.6,21.0,23.5,2,279100.0,-30.7,False
2024-10-01,Sokol,SAO,383000,423900,1596,-1.87,21.0,23.5,5,271100.0,-29.2,False
2024-10-01,Sokolinaya Gora,VAO,295600,325400,1232,-1.11,21.0,23.5,5,207640.0,-29.8,False
2024-10-01,Sokolniki,VAO,347500,399500,1448,0.45,21.0,23.5,4,259850.0,-25.2,False
2024-10-01,Solntsevo,ZAO,322800,348400,1345,-0.13,21.0,23.5,7,191871.0,-40.6,False
2024-10-01,Sosenskoye,NAO,230600,252600,961,1.79,21.0,23.5,5,137520.0,-40.4,True
2024-10-01,Strogino,SZAO,394200,419300,1642,-6.64,21.0,23.5,5,401360.0,1.8,False
2024-10-01,Sviblovo,SVAO,304300,326600,1268,5.77,21.0,23.5,6,164700.0,-45.9,False
2024-10-01,Tagansky,CAO,555400,582500,2314,-2.77,21.0,23.5,5,354020.0,-36.3,False
2024-10-01,Timiryazevsky,SAO,348200,385400,1451,2.9,21.0,23.5,7,282643.0,-18.8,False
2024-10-01,Troitsk,TAO,164700,184600,686,2.99,21.0,23.5,2,70900.0,-57.0,True
2024-10-01,Troparyovo-Nikulino,ZAO,419800,461700,1749,-0.83,21.0,23.5,7,272129.0,-35.2,False
2024-10-01,Tsaritsyno,YuAO,280500,303100,1169,3.72,21.0,23.5,7,183771.0,-34.5,False
2024-10-01,Tverskoy,CAO,695000,760800,2896,-3.6,21.0,23.5,4,569950.0,-18.0,False
2024-10-01,Tyoply Stan,YuZAO,342300,375000,1426,3.98,21.0,23.5,6,194883.0,-43.1,False
2024-10-01,Veshnyaki,VAO,265600,300900,1107,2.09,21.0,23.5,3,179100.0,-32.6,False
2024-10-01,Vnukovo,ZAO,290400,325400,1210,-5.71,21.0,23.5,7,139900.0,-51.8,False
2024-10-01,Vnukovskoye,NAO,225200,254500,938,-2.02,21.0,23.5,5,132680.0,-41.1,True
2024-10-01,Voronovskoye,TAO,116700,129900,486,0.52,21.0,23.5,8,64238.0,-45.0,True
2024-10-01,Voskresenskoye,NAO,210900,233400,879,2.3,21.0,23.5,8,114563.0,-45.7,True
2024-10-01,Vostochnoye Izmaylovo,VAO,295200,325000,1230,1.91,21.0,23.5,9,179100.0,-39.3,False
2024-10-01,Vostochny,VAO,245100,274000,1021,-0.17,21.0,23.5,7,170057.0,-30.6,False
2024-10-01,Voykovsky,SAO,322400,344800,1343,-1.54,21.0,23.5,4,176950.0,-45.1,False
2024-10-01,Yakimanka,CAO,714800,790200,2978,-2.55,21.0,23.5,3,656067.0,-8.2,False
2024-10-01,Yaroslavsky,SVAO,271600,291200,1132,-4.14,21.0,23.5,3,173633.0,-36.1,False
2024-10-01,Yasenevo,YuZAO,356200,406100,1484,-2.26,21.0,23.5,8,288975.0,-18.9,False
2024-10-01,Yuzhnoye Butovo,YuZAO,299800,334400,1249,-3.34,21.0,23.5,4,161825.0,-46.0,False
2024-10-01,Yuzhnoye Medvedkovo,SVAO,284400,316200,1185,-4.69,21.0,23.5,7,170971.0,-39.9,False
2024-10-01,Yuzhnoye Tushino,SZAO,336500,382300,1402,4.21,21.0,23.5,7,203257.0,-39.6,False
2024-10-01,Zamoskvorechye,CAO,631300,688800,2631,-0.11,21.0,23.5,9,462189.0,-26.8,False
2024-10-01,Zapadnoye Degunino,SAO,283000,317900,1179,1.48,21.0,23.5,8,146238.0,-48.3,False
2024-10-01,Zelenograd,ZelAO,179600,197000,748,-4.29,21.0,23.5,5,106620.0,-40.6,True
2024-10-01,Zyablikovo,YuAO,262000,300300,1092,4.78,21.0,23.5,6,146133.0,-44.2,False
2024-10-01,Zyuzino,YuZAO,366500,400600,1527,-1.18,21.0,23.5,3,239633.0,-34.6,False
2024-11-01,Aeroport,SAO,367500,398900,1531,2.33,21.0,23.5,8,249775.0,-32.0,False
2024-11-01,Akademichesky,YuZAO,422100,450400,1759,-6.65,21.0,23.5,5,291300.0,-31.0,False
2024-11-01,Alekseevsky,SVAO,344600,375900,1436,-3.03,21.0,23.5,4,250250.0,-27.4,False
2024-11-01,Altufyevsky,SVAO,273600,305200,1140,0.65,21.0,23.5,5,141020.0,-48.5,False
2024-11-01,Arbat,CAO,762800,842300,3178,-0.09,21.0,23.5,2,544600.0,-28.6,False
2024-11-01,Babushkinsky,SVAO,302000,330700,1258,4.87,21.0,23.5,6,191517.0,-36.6,False
2024-11-01,Basmanny,CAO,553900,597400,2308,-5.35,21.0,23.5,3,378500.0,-31.7,False
2024-11-01,Begovoy,SAO,393000,446900,1638,3.98,21.0,23.5,7,268014.0,-31.8,False
2024-11-01,Beskudnikovsky,SAO,281200,290300,1172,1.46,21.0,23.5,5,174760.0,-37.9,False
2024-11-01,Bibirevo,SVAO,266200,292300,1109,-8.14,21.0,23.5,2,150950.0,-43.3,False
2024-11-01,Biryulyovo Vostochnoye,YuAO,237200,264600,989,-3.34,21.0,23.5,5,127920.0,-46.1,False
2024-11-01,Biryulyovo Zapadnoye,YuAO,244600,268500,1019,-0.59,21.0,23.5,7,153957.0,-37.1,False
2024-11-01,Bogorodskoye,VAO,289500,318100,1206,0.67,21.0,23.5,11,185273.0,-36.0,False
2024-11-01,Brateyevo,YuAO,250700,276800,1044,-4.56,21.0,23.5,6,138033.0,-44.9,False
2024-11-01,Butyrsky,SVAO,334700,363800,1395,-0.73,21.0,23.5,5,221460.0,-33.8,False
2024-11-01,Chertanovo Severnoye,YuAO,289300,308500,1205,1.35,21.0,23.5,7,217814.0,-24.7,False
2024-11-01,Chertanovo Tsentralnoye,YuAO,277600,297200,1157,3.14,21.0,23.5,8,165800.0,-40.3,False
2024-11-01,Chertanovo Yuzhnoye,YuAO,236200,254000,984,-8.62,21.0,23.5,4,196575.0,-16.8,False
2024-11-01,Cheryomushki,YuZAO,409700,442500,1707,4.25,21.0,23.5,9,315800.0,-22.9,False
2024-11-01,Danilovsky,YuAO,357700,392100,1491,-2.44,21.0,23.5,4,282750.0,-21.0,False
2024-11-01,Desyonovskoye,NAO,203800,217400,849,-4.11,21.0,23.5,5,115500.0,-43.3,True
2024-11-01,Dmitrovsky,SAO,271200,299500,1130,3.79,21.0,23.5,8,168950.0,-37.7,False
2024-11-01,Donskoy,YuAO,370500,403800,1544,-5.94,21.0,23.5,2,205600.0,-44.5,False
2024-11-01,Dorogomilovo,ZAO,575900,641900,2400,2.44,21.0,23.5,2,411050.0,-28.6,False
2024-11-01,Fili-Davydkovo,ZAO,423500,477600,1765,-5.28,21.0,23.5,7,304229.0,-28.2,False
2024-11-01,Filimonkovskoye,NAO,181500,204700,756,-1.46,21.0,23.5,4,110900.0,-38.9,True
2024-11-01,Filyovsky Park,ZAO,452600,517800,1886,-2.27,21.0,23.5,3,263067.0,-41.9,False
2024-11-01,Gagarinsky,YuZAO,488700,550800,2036,-1.4,21.0,23.5,8,351013.0,-28.2,False
2024-11-01,Golovinsky,SAO,282700,294300,1178,-3.3,21.0,23.5,8,196138.0,-30.6,False
2024-11-01,Golyanovo,VAO,259300,285800,1080,0.5,21.0,23.5,5,145460.0,-43.9,False
2024-11-01,Ivanovskoye,VAO,266200,292800,1109,0.09,21.0,23.5,7,156257.0,-41.3,False
2024-11-01,Izmaylovo,VAO,305800,333500,1274,-2.7,21.0,23.5,4,215450.0,-29.5,False
2024-11-01,Khamovniki,CAO,761100,826500,3171,-1.28,21.0,23.5,3,730533.0,-4.0,False
2024-11-01,Khoroshyovo-Mnyovniki,SZAO,401900,450100,1674,0.59,21.0,23.5,7,254471.0,-36.7,False
2024-11-01,Khoroshyovsky,SAO,419800,469200,1749,5.54,21.0,23.5,2,337200.0,-19.7,False
2024-11-01,Khovrino,SAO,276800,308600,1153,-1.84,21.0,23.5,3,182567.0,-34.0,False
2024-11-01,Kievsky,TAO,108100,126500,450,0.36,21.0,23.5,7,60500.0,-44.0,True
2024-11-01,Klyonovskoye,TAO,115100,131400,480,6.31,21.0,23.5,8,64625.0,-43.9,True
2024-11-01,Kokoshkino,NAO,182500,195200,761,4.42,21.0,23.5,3,95967.0,-47.4,True
2024-11-01,Konkovo,YuZAO,373300,412500,1556,4.2,21.0,23.5,6,194533.0,-47.9,False
2024-11-01,Koptevo,SAO,293500,318700,1223,-1.78,21.0,23.5,4,187225.0,-36.2,False
2024-11-01,Kosino-Ukhtomsky,VAO,244200,273300,1017,-1.56,21.0,23.5,4,134625.0,-44.9,False
2024-11-01,Kotlovka,YuZAO,384600,417700,1602,-0.13,21.0,23.5,8,252800.0,-34.3,False
2024-11-01,Krasnopakhorskoye,TAO,133900,148100,558,-0.38,21.0,23.5,3,66267.0,-50.5,True
2024-11-01,Krasnoselsky,CAO,506200,563400,2109,-10.61,21.0,23.5,6,355100.0,-29.8,False
2024-11-01,Krylatskoye,SZAO,454600,487600,1894,-8.1,21.0,23.5,4,326025.0,-28.3,False
2024-11-01,Kuntsevo,ZAO,403200,435700,1680,0.77,21.0,23.5,5,258020.0,-36.0,False
2024-11-01,Kurkino,SZAO,382500,412900,1594,-1.81,21.0,23.5,6,182917.0,-52.2,False
2024-11-01,Levoberezhny,SAO,297200,320900,1238,1.42,21.0,23.5,3,215933.0,-27.3,False
2024-11-01,Lianozovo,SVAO,256000,283500,1067,-6.62,21.0,23.5,2,177300.0,-30.7,False
2024-11-01,Lomonosovsky,YuZAO,463700,508500,1932,-4.84,21.0,23.5,7,299114.0,-35.5,False
2024-11-01,Losinoostrovsky,SVAO,272700,297300,1136,-2.21,21.0,23.5,3,174433.0,-36.0,False
2024-11-01,Marfino,SVAO,293800,316400,1224,1.76,21.0,23.5,5,191140.0,-34.9,False
2024-11-01,Marushkinskoye,NAO,172000,190700,717,-2.42,21.0,23.5,8,91763.0,-46.6,True
2024-11-01,Maryina Roshcha,SVAO,347000,388200,1446,-0.16,21.0,23.5,3,253300.0,-27.0,False
2024-11-01,Meshchansky,CAO,567900,607000,2366,3.5,21.0,23.5,5,370020.0,-34.8,False
2024-11-01,Metrogorodok,VAO,259200,283900,1080,-4.25,21.0,23.5,7,169543.0,-34.6,False
2024-11-01,Mikhaylovo-Yartsevskoye,TAO,116400,128900,485,1.04,21.0,23.5,6,56450.0,-51.5,True
2024-11-01,Mitino,SZAO,319100,353200,1330,0.11,21.0,23.5,8,239325.0,-25.0,False
2024-11-01,Molzhaninovsky,SAO,235500,256800,981,-4.62,21.0,23.5,5,142320.0,-39.6,False
2024-11-01,Moskovsky,NAO,233500,270200,973,5.48,21.0,23.5,1,101400.0,-56.6,True
2024-11-01,Moskvorechye-Saburovo,YuAO,279300,311100,1164,-5.14,21.0,23.5,6,155833.0,-44.2,False
2024-11-01,Mosrentgen,NAO,225700,241400,940,-1.81,21.0,23.5,9,149933.0,-33.6,True
2024-11-01,Mozhaysky,ZAO,360400,395100,1502,-1.71,21.0,23.5,3,201200.0,-44.2,False
2024-11-01,Nagatino-Sadovniki,YuAO,311400,353300,1297,-4.5,21.0,23.5,2,229850.0,-26.2,False
2024-11-01,Nagatinsky Zaton,YuAO,329800,356700,1374,-1.86,21.0,23.5,6,207083.0,-37.2,False
2024-11-01,Nagorny,YuAO,308800,338700,1287,-0.41,21.0,23.5,4,256950.0,-16.8,False
2024-11-01,Novo-Peredelkino,ZAO,300800,328500,1253,-5.04,21.0,23.5,5,166100.0,-44.8,False
2024-11-01,Novofyodorovskoye,TAO,110800,119000,462,-0.72,21.0,23.5,6,54283.0,-51.0,True
2024-11-01,Novogireyevo,VAO,296300,311900,1235,7.88,21.0,23.5,6,187683.0,-36.7,False
2024-11-01,Novokosino,VAO,272900,293900,1137,-0.27,21.0,23.5,5,152380.0,-44.2,False
2024-11-01,Obruchevsky,YuZAO,394400,443900,1643,-4.69,21.0,23.5,5,246520.0,-37.5,False
2024-11-01,Ochakovo-Matveyevskoye,ZAO,348900,371800,1454,-7.99,21.0,23.5,3,248867.0,-28.7,False
2024-11-01,Orekhovo-Borisovo Severnoye,YuAO,257200,294300,1072,3.85,21.0,23.5,8,166350.0,-35.3,False
2024-11-01,Orekhovo-Borisovo Yuzhnoye,YuAO,250200,285400,1042,0.1,21.0,23.5,6,165200.0,-34.0,False
2024-11-01,Ostankinsky,SVAO,350700,382700,1461,1.6,21.0,23.5,5,215500.0,-38.6,False
2024-11-01,Otradnoye,SVAO,289900,308800,1208,-2.15,21.0,23.5,5,162620.0,-43.9,False
2024-11-01,Perovo,VAO,285100,306500,1188,1.63,21.0,23.5,9,275500.0,-3.4,False
2024-11-01,Pervomayskoye,TAO,121700,137600,507,-3.53,21.0,23.5,3,59533.0,-51.1,True
2024-11-01,Pokrovskoye-Streshnevo,SZAO,353600,392600,1473,-3.74,21.0,23.5,4,227050.0,-35.8,False
2024-11-01,Preobrazhenskoye,VAO,311700,333800,1299,-3.45,21.0,23.5,7,269929.0,-13.4,False
2024-11-01,Presnensky,CAO,682000,767400,2842,-3.36,21.0,23.5,5,648580.0,-4.9,False
2024-11-01,Prospekt Vernadskogo,ZAO,459500,488500,1915,-4.42,21.0,23.5,6,374117.0,-18.6,False
2024-11-01,Ramenki,ZAO,483100,516600,2013,-5.82,21.0,23.5,4,371400.0,-23.1,False
2024-11-01,Rogovskoye,TAO,107300,117700,447,-7.25,21.0,23.5,5,62980.0,-41.3,True
2024-11-01,Rostokino,SVAO,280400,314200,1168,-1.97,21.0,23.5,5,176680.0,-37.0,False
2024-11-01,Ryazanovskoye,NAO,173300,198600,722,-3.88,21.0,23.5,6,104033.0,-40.0,True
2024-11-01,Savyolovsky,SAO,363200,401000,1513,-7.77,21.0,23.5,2,294650.0,-18.9,False
2024-11-01,Severnoye Butovo,YuZAO,315700,352600,1315,-2.69,21.0,23.5,4,174550.0,-44.7,False
2024-11-01,Severnoye Izmaylovo,VAO,276200,306600,1151,-2.81,21.0,23.5,5,189580.0,-31.4,False
2024-11-01,Severnoye Medvedkovo,SVAO,278000,313500,1158,-6.0,21.0,23.5,6,165383.0,-40.5,False
2024-11-01,Severnoye Tushino,SZAO,325900,351600,1358,3.56,21.0,23.5,8,187663.0,-42.4,False
2024-11-01,Severny,SVAO,247700,272200,1032,-1.51,21.0,23.5,3,136533.0,-44.9,False
2024-11-01,Shchapovskoye,TAO,120400,137700,502,6.03,21.0,23.5,5,58140.0,-51.7,True
2024-11-01,Shcherbinka,NAO,202700,215600,845,-3.58,21.0,23.5,8,100538.0,-50.4,True
2024-11-01,Shchukino,SZAO,380600,425800,1586,-5.42,21.0,23.5,3,320167.0,-15.9,False
2024-11-01,Sokol,SAO,386200,413800,1609,0.82,21.0,23.5,5,351680.0,-8.9,False
2024-11-01,Sokolinaya Gora,VAO,280400,303600,1168,-5.16,21.0,23.5,2,195550.0,-30.3,False
2024-11-01,Sokolniki,VAO,340700,374600,1419,-1.97,21.0,23.5,7,303486.0,-10.9,False
2024-11-01,Solntsevo,ZAO,315700,342300,1315,-2.2,21.0,23.5,5,170240.0,-46.1,False
2024-11-01,Sosenskoye,NAO,226900,254900,945,-1.62,21.0,23.5,5,128580.0,-43.3,True
2024-11-01,Strogino,SZAO,394700,448000,1645,0.14,21.0,23.5,6,329067.0,-16.6,False
2024-11-01,Sviblovo,SVAO,268100,290500,1117,-11.91,21.0,23.5,2,193700.0,-27.8,False
2024-11-01,Tagansky,CAO,541000,601300,2254,-2.58,21.0,23.5,5,400720.0,-25.9,False
2024-11-01,Timiryazevsky,SAO,323900,366300,1350,-6.97,21.0,23.5,8,237888.0,-26.6,False
2024-11-01,Troitsk,TAO,148600,171200,619,-9.77,21.0,23.5,8,85475.0,-42.5,True
2024-11-01,Troparyovo-Nikulino,ZAO,425900,477100,1774,1.43,21.0,23.5,6,308433.0,-27.6,False
2024-11-01,Tsaritsyno,YuAO,265200,282400,1105,-5.44,21.0,23.5,10,165570.0,-37.6,False
2024-11-01,Tverskoy,CAO,716400,771800,2985,3.08,21.0,23.5,3,501100.0,-30.1,False
2024-11-01,Tyoply Stan,YuZAO,342700,385100,1428,0.11,21.0,23.5,12,220917.0,-35.5,False
2024-11-01,Veshnyaki,VAO,259400,274100,1081,-2.33,21.0,23.5,6,152300.0,-41.3,False
2024-11-01,Vnukovo,ZAO,286500,328000,1194,-1.34,21.0,23.5,2,134400.0,-53.1,False
2024-11-01,Vnukovskoye,NAO,217800,238300,907,-3.29,21.0,23.5,7,125486.0,-42.4,True
2024-11-01,Voronovskoye,TAO,115700,126300,482,-0.86,21.0,23.5,13,60900.0,-47.4,True
2024-11-01,Voskresenskoye,NAO,211200,230700,880,0.13,21.0,23.5,6,117700.0,-44.3,True
2024-11-01,Vostochnoye Izmaylovo,VAO,309400,352500,1289,4.83,21.0,23.5,2,188350.0,-39.1,False
2024-11-01,Vostochny,VAO,247200,271500,1030,0.88,21.0,23.5,7,150200.0,-39.2,False
2024-11-01,Voykovsky,SAO,327300,360800,1364,1.53,21.0,23.5,3,188100.0,-42.5,False
2024-11-01,Yakimanka,CAO,676500,737200,2819,-5.35,21.0,23.5,4,534875.0,-20.9,False
2024-11-01,Yaroslavsky,SVAO,283400,297700,1181,4.36,21.0,23.5,3,165933.0,-41.4,False
2024-11-01,Yasenevo,YuZAO,361800,395400,1507,1.55,21.0,23.5,4,298525.0,-17.5,False
2024-11-01,Yuzhnoye Butovo,YuZAO,306700,336200,1278,2.31,21.0,23.5,1,177800.0,-42.0,False
2024-11-01,Yuzhnoye Medvedkovo,SVAO,278200,305400,1159,-2.15,21.0,23.5,7,158129.0,-43.2,False
2024-11-01,Yuzhnoye Tushino,SZAO,317500,351600,1323,-5.67,21.0,23.5,3,224833.0,-29.2,False
2024-11-01,Zamoskvorechye,CAO,622000,666800,2592,-1.47,21.0,23.5,5,432220.0,-30.5,False
2024-11-01,Zapadnoye Degunino,SAO,260200,296000,1084,-8.07,21.0,23.5,4,137350.0,-47.2,False
2024-11-01,Zelenograd,ZelAO,192600,221600,802,7.24,21.0,23.5,4,99725.0,-48.2,True
2024-11-01,Zyablikovo,YuAO,251700,285300,1049,-3.96,21.0,23.5,2,130150.0,-48.3,False
2024-11-01,Zyuzino,YuZAO,370300,393300,1543,1.04,21.0,23.5,4,220450.0,-40.5,False
2024-12-01,Aeroport,SAO,357800,397000,1491,-2.64,21.0,23.5,4,240125.0,-32.9,False
2024-12-01,Akademichesky,YuZAO,410300,450000,1710,-2.81,21.0,23.5,7,261614.0,-36.2,False
2024-12-01,Alekseevsky,SVAO,335300,377000,1397,-2.71,21.0,23.5,6,259000.0,-22.8,False
2024-12-01,Altufyevsky,SVAO,272400,305600,1135,-0.45,21.0,23.5,4,162375.0,-40.4,False
2024-12-01,Arbat,CAO,722900,794500,3012,-5.22,21.0,23.5,1,493600.0,-31.7,False
2024-12-01,Babushkinsky,SVAO,284200,302200,1184,-5.91,21.0,23.5,5,187520.0,-34.0,False
2024-12-01,Basmanny,CAO,554600,597300,2311,0.13,21.0,23.5,6,463433.0,-16.4,False
2024-12-01,Begovoy,SAO,380800,405200,1587,-3.1,21.0,23.5,8,315925.0,-17.0,False
2024-12-01,Beskudnikovsky,SAO,267000,296200,1112,-5.05,21.0,23.5,8,157213.0,-41.1,False
2024-12-01,Bibirevo,SVAO,266600,305700,1111,0.14,21.0,23.5,5,128860.0,-51.7,False
2024-12-01,Biryulyovo Vostochnoye,YuAO,236700,264100,986,-0.23,21.0,23.5,8,148638.0,-37.2,False
2024-12-01,Biryulyovo Zapadnoye,YuAO,243800,267400,1016,-0.32,21.0,23.5,5,158060.0,-35.2,False
2024-12-01,Bogorodskoye,VAO,276400,315200,1152,-4.52,21.0,23.5,2,209950.0,-24.0,False
2024-12-01,Brateyevo,YuAO,244900,258500,1021,-2.28,21.0,23.5,7,140086.0,-42.8,False
2024-12-01,Butyrsky,SVAO,321200,338300,1338,-4.05,21.0,23.5,7,250057.0,-22.1,False
2024-12-01,Chertanovo Severnoye,YuAO,283300,305500,1181,-2.06,21.0,23.5,6,199467.0,-29.6,False
2024-12-01,Chertanovo Tsentralnoye,YuAO,267100,298800,1113,-3.79,21.0,23.5,2,149950.0,-43.9,False
2024-12-01,Chertanovo Yuzhnoye,YuAO,248500,265500,1035,5.22,21.0,23.5,7,188957.0,-24.0,False
2024-12-01,Cheryomushki,YuZAO,398800,432400,1661,-2.68,21.0,23.5,6,249967.0,-37.3,False
2024-12-01,Danilovsky,YuAO,356400,395900,1485,-0.37,21.0,23.5,3,237267.0,-33.4,False
2024-12-01,Desyonovskoye,NAO,208000,235700,867,2.1,21.0,23.5,5,121160.0,-41.8,True
2024-12-01,Dmitrovsky,SAO,265900,278400,1108,-1.95,21.0,23.5,5,181960.0,-31.6,False
2024-12-01,Donskoy,YuAO,354100,386200,1475,-4.43,21.0,23.5,8,254150.0,-28.2,False
2024-12-01,Dorogomilovo,ZAO,568600,621500,2369,-1.26,21.0,23.5,2,408200.0,-28.2,False
2024-12-01,Fili-Davydkovo,ZAO,422300,444000,1760,-0.29,21.0,23.5,7,306414.0,-27.4,False
2024-12-01,Filimonkovskoye,NAO,186500,204100,777,2.8,21.0,23.5,9,103922.0,-44.3,True
2024-12-01,Filyovsky Park,ZAO,446900,501500,1862,-1.25,21.0,23.5,6,330600.0,-26.0,False
2024-12-01,Gagarinsky,YuZAO,476600,503200,1986,-2.49,21.0,23.5,6,290117.0,-39.1,False
2024-12-01,Golovinsky,SAO,299200,329500,1247,5.86,21.0,23.5,6,191733.0,-35.9,False
2024-12-01,Golyanovo,VAO,275500,296400,1148,6.26,21.0,23.5,9,168400.0,-38.9,False
2024-12-01,Ivanovskoye,VAO,275100,308400,1146,3.34,21.0,23.5,6,147133.0,-46.5,False
2024-12-01,Izmaylovo,VAO,308800,343000,1287,0.98,21.0,23.5,3,210233.0,-31.9,False
2024-12-01,Khamovniki,CAO,780500,893000,3252,2.55,21.0,23.5,10,572960.0,-26.6,False
2024-12-01,Khoroshyovo-Mnyovniki,SZAO,391700,428300,1632,-2.53,21.0,23.5,3,206467.0,-47.3,False
2024-12-01,Khoroshyovsky,SAO,417100,447900,1738,-0.63,21.0,23.5,6,263567.0,-36.8,False
2024-12-01,Khovrino,SAO,272800,301800,1137,-1.43,21.0,23.5,3,203100.0,-25.5,False
2024-12-01,Kievsky,TAO,110700,121500,461,2.36,21.0,23.5,5,59120.0,-46.6,True
2024-12-01,Klyonovskoye,TAO,107700,120400,449,-6.44,21.0,23.5,4,50600.0,-53.0,True
2024-12-01,Kokoshkino,NAO,185700,201500,774,1.73,21.0,23.5,4,103875.0,-44.1,True
2024-12-01,Konkovo,YuZAO,364900,397500,1520,-2.27,21.0,23.5,6,232833.0,-36.2,False
2024-12-01,Koptevo,SAO,308800,353400,1287,5.23,21.0,23.5,5,203200.0,-34.2,False
2024-12-01,Kosino-Ukhtomsky,VAO,253700,287900,1057,3.89,21.0,23.5,6,169483.0,-33.2,False
2024-12-01,Kotlovka,YuZAO,380900,415100,1587,-0.96,21.0,23.5,4,258000.0,-32.3,False
2024-12-01,Krasnopakhorskoye,TAO,123400,138500,514,-7.84,21.0,23.5,3,82567.0,-33.1,True
2024-12-01,Krasnoselsky,CAO,551900,600500,2300,9.03,21.0,23.5,3,419767.0,-23.9,False
2024-12-01,Krylatskoye,SZAO,470400,515500,1960,3.48,21.0,23.5,5,265940.0,-43.5,False
2024-12-01,Kuntsevo,ZAO,393900,426500,1641,-2.3,21.0,23.5,2,296600.0,-24.7,False
2024-12-01,Kurkino,SZAO,364800,412100,1520,-4.61,21.0,23.5,7,233257.0,-36.1,False
2024-12-01,Levoberezhny,SAO,278100,303300,1159,-6.44,21.0,23.5,4,194050.0,-30.2,False
2024-12-01,Lianozovo,SVAO,263900,288700,1099,3.07,21.0,23.5,3,180967.0,-31.4,False
2024-12-01,Lomonosovsky,YuZAO,471700,525100,1966,1.72,21.0,23.5,6,260317.0,-44.8,False
2024-12-01,Losinoostrovsky,SVAO,276500,299900,1152,1.4,21.0,23.5,8,156013.0,-43.6,False
2024-12-01,Marfino,SVAO,284100,317000,1184,-3.32,21.0,23.5,4,185175.0,-34.8,False
2024-12-01,Marushkinskoye,NAO,157700,176600,657,-8.31,21.0,23.5,4,85175.0,-46.0,True
2024-12-01,Maryina Roshcha,SVAO,345600,390100,1440,-0.42,21.0,23.5,3,261900.0,-24.2,False
2024-12-01,Meshchansky,CAO,533700,588000,2224,-6.03,21.0,23.5,6,484233.0,-9.3,False
2024-12-01,Metrogorodok,VAO,257600,286200,1073,-0.62,21.0,23.5,3,190233.0,-26.2,False
2024-12-01,Mikhaylovo-Yartsevskoye,TAO,107400,118800,448,-7.69,21.0,23.5,4,56050.0,-47.8,True
2024-12-01,Mitino,SZAO,323600,339800,1348,1.41,21.0,23.5,5,196880.0,-39.2,False
2024-12-01,Molzhaninovsky,SAO,237500,264300,990,0.86,21.0,23.5,5,141680.0,-40.3,False
2024-12-01,Moskovsky,NAO,220300,233100,918,-5.65,21.0,23.5,8,128275.0,-41.8,True
2024-12-01,Moskvorechye-Saburovo,YuAO,273000,299600,1138,-2.24,21.0,23.5,3,220633.0,-19.2,False
2024-12-01,Mosrentgen,NAO,214600,233800,894,-4.93,21.0,23.5,6,161083.0,-24.9,True
2024-12-01,Mozhaysky,ZAO,360500,390900,1502,0.02,21.0,23.5,2,266200.0,-26.2,False
2024-12-01,Nagatino-Sadovniki,YuAO,303300,338900,1264,-2.59,21.0,23.5,7,185029.0,-39.0,False
2024-12-01,Nagatinsky Zaton,YuAO,334100,358200,1392,1.3,21.0,23.5,7,217814.0,-34.8,False
2024-12-01,Nagorny,YuAO,312200,344400,1301,1.11,21.0,23.5,4,180475.0,-42.2,False
2024-12-01,Novo-Peredelkino,ZAO,296600,316900,1236,-1.39,21.0,23.5,3,192567.0,-35.1,False
2024-12-01,Novofyodorovskoye,TAO,107900,117900,449,-2.62,21.0,23.5,4,65300.0,-39.5,True
2024-12-01,Novogireyevo,VAO,275200,302000,1147,-7.12,21.0,23.5,3,180667.0,-34.4,False
2024-12-01,Novokosino,VAO,259000,286800,1079,-5.09,21.0,23.5,7,167029.0,-35.5,False
2024-12-01,Obruchevsky,YuZAO,388700,414300,1620,-1.44,21.0,23.5,2,245200.0,-36.9,False
2024-12-01,Ochakovo-Matveyevskoye,ZAO,349100,375400,1455,0.07,21.0,23.5,5,223060.0,-36.1,False
2024-12-01,Orekhovo-Borisovo Severnoye,YuAO,243200,270500,1013,-5.44,21.0,23.5,2,178800.0,-26.5,False
2024-12-01,Orekhovo-Borisovo Yuzhnoye,YuAO,258100,272800,1075,3.15,21.0,23.5,4,138475.0,-46.3,False
2024-12-01,Ostankinsky,SVAO,335000,372000,1396,-4.49,21.0,23.5,7,259514.0,-22.5,False
2024-12-01,Otradnoye,SVAO,295300,335300,1231,1.86,21.0,23.5,4,171825.0,-41.8,False
2024-12-01,Perovo,VAO,290500,322000,1210,1.88,21.0,23.5,1,266100.0,-8.4,False
2024-12-01,Pervomayskoye,TAO,128400,140700,535,5.5,21.0,23.5,8,64800.0,-49.5,True
2024-12-01,Pokrovskoye-Streshnevo,SZAO,350300,385500,1460,-0.92,21.0,23.5,8,206450.0,-41.1,False
2024-12-01,Preobrazhenskoye,VAO,315100,356400,1313,1.08,21.0,23.5,5,211680.0,-32.8,False
2024-12-01,Presnensky,CAO,733500,798300,3056,7.55,21.0,23.5,5,491620.0,-33.0,False
2024-12-01,Prospekt Vernadskogo,ZAO,465900,534300,1941,1.39,21.0,23.5,6,336617.0,-27.7,False
2024-12-01,Ramenki,ZAO,483500,539300,2015,0.08,21.0,23.5,9,309444.0,-36.0,False
2024-12-01,Rogovskoye,TAO,107800,118400,449,0.45,21.0,23.5,5,58720.0,-45.5,True
2024-12-01,Rostokino,SVAO,288500,328200,1202,2.88,21.0,23.5,6,184167.0,-36.2,False
2024-12-01,Ryazanovskoye,NAO,174800,185400,728,0.85,21.0,23.5,8,95325.0,-45.5,True
2024-12-01,Savyolovsky,SAO,367200,400400,1530,1.09,21.0,23.5,1,260100.0,-29.2,False
2024-12-01,Severnoye Butovo,YuZAO,311800,328900,1299,-1.25,21.0,23.5,8,206250.0,-33.9,False
2024-12-01,Severnoye Izmaylovo,VAO,283000,323500,1179,2.44,21.0,23.5,5,179940.0,-36.4,False
2024-12-01,Severnoye Medvedkovo,SVAO,284400,305600,1185,2.31,21.0,23.5,3,156800.0,-44.9,False
2024-12-01,Severnoye Tushino,SZAO,305000,353700,1271,-6.41,21.0,23.5,5,182600.0,-40.1,False
2024-12-01,Severny,SVAO,248500,269400,1035,0.33,21.0,23.5,5,117700.0,-52.6,False
2024-12-01,Shchapovskoye,TAO,117200,129300,488,-2.67,21.0,23.5,7,57914.0,-50.6,True
2024-12-01,Shcherbinka,NAO,206300,233900,860,1.77,21.0,23.5,6,117833.0,-42.9,True
2024-12-01,Shchukino,SZAO,387300,432300,1614,1.75,21.0,23.5,2,252500.0,-34.8,False
2024-12-01,Sokol,SAO,375000,406300,1563,-2.88,21.0,23.5,6,344950.0,-8.0,False
2024-12-01,Sokolinaya Gora,VAO,283000,313200,1179,0.93,21.0,23.5,7,194043.0,-31.4,False
2024-12-01,Sokolniki,VAO,350700,396200,1461,2.95,21.0,23.5,6,236600.0,-32.5,False
2024-12-01,Solntsevo,ZAO,323300,352900,1347,2.44,21.0,23.5,2,166350.0,-48.5,False
2024-12-01,Sosenskoye,NAO,214700,241600,895,-5.36,21.0,23.5,2,118500.0,-44.8,True
2024-12-01,Strogino,SZAO,405300,459400,1689,2.68,21.0,23.5,7,323414.0,-20.2,False
2024-12-01,Sviblovo,SVAO,289200,313700,1205,7.86,21.0,23.5,2,228100.0,-21.1,False
2024-12-01,Tagansky,CAO,542000,590300,2258,0.17,21.0,23.5,13,399746.0,-26.2,False
2024-12-01,Timiryazevsky,SAO,339100,378000,1413,4.69,21.0,23.5,5,216280.0,-36.2,False
2024-12-01,Troitsk,TAO,149100,165200,621,0.37,21.0,23.5,8,89850.0,-39.7,True
2024-12-01,Troparyovo-Nikulino,ZAO,422800,462900,1762,-0.71,21.0,23.5,7,314886.0,-25.5,False
2024-12-01,Tsaritsyno,YuAO,258000,286900,1075,-2.73,21.0,23.5,3,146100.0,-43.4,False
2024-12-01,Tverskoy,CAO,726400,769300,3026,1.39,21.0,23.5,2,514700.0,-29.1,False
2024-12-01,Tyoply Stan,YuZAO,325700,348200,1357,-4.96,21.0,23.5,0,,,False
2024-12-01,Veshnyaki,VAO,254400,278400,1060,-1.92,21.0,23.5,7,151986.0,-40.3,False
2024-12-01,Vnukovo,ZAO,280300,312900,1168,-2.14,21.0,23.5,3,189633.0,-32.3,False
2024-12-01,Vnukovskoye,NAO,234000,255900,975,7.44,21.0,23.5,1,136600.0,-41.6,True
2024-12-01,Voronovskoye,TAO,113900,126300,474,-1.62,21.0,23.5,4,53725.0,-52.8,True
2024-12-01,Voskresenskoye,NAO,213800,230000,891,1.21,21.0,23.5,3,99933.0,-53.3,True
2024-12-01,Vostochnoye Izmaylovo,VAO,289300,320900,1205,-6.51,21.0,23.5,6,184317.0,-36.3,False
2024-12-01,Vostochny,VAO,240100,264800,1000,-2.89,21.0,23.5,7,131957.0,-45.0,False
2024-12-01,Voykovsky,SAO,327500,360200,1365,0.06,21.0,23.5,8,235688.0,-28.0,False
2024-12-01,Yakimanka,CAO,702500,782000,2927,3.84,21.0,23.5,7,547600.0,-22.0,False
2024-12-01,Yaroslavsky,SVAO,269600,306600,1124,-4.86,21.0,23.5,5,149440.0,-44.6,False
2024-12-01,Yasenevo,YuZAO,350800,374900,1461,-3.04,21.0,23.5,4,276475.0,-21.2,False
2024-12-01,Yuzhnoye Butovo,YuZAO,296700,319500,1236,-3.28,21.0,23.5,4,173025.0,-41.7,False
2024-12-01,Yuzhnoye Medvedkovo,SVAO,283300,303200,1180,1.81,21.0,23.5,8,167650.0,-40.8,False
2024-12-01,Yuzhnoye Tushino,SZAO,343200,381200,1430,8.11,21.0,23.5,4,198400.0,-42.2,False
2024-12-01,Zamoskvorechye,CAO,594600,689400,2477,-4.42,21.0,23.5,7,477086.0,-19.8,False
2024-12-01,Zapadnoye Degunino,SAO,268500,299200,1119,3.19,21.0,23.5,7,142243.0,-47.0,False
2024-12-01,Zelenograd,ZelAO,189600,199000,790,-1.52,21.0,23.5,3,100500.0,-47.0,True
2024-12-01,Zyablikovo,YuAO,259900,285400,1083,3.29,21.0,23.5,3,158767.0,-38.9,False
2024-12-01,Zyuzino,YuZAO,369000,413100,1538,-0.36,21.0,23.5,3,242833.0,-34.2,False
2025-01-01,Aeroport,SAO,363200,398800,1513,1.5,21.0,23.5,6,254750.0,-29.9,False
2025-01-01,Akademichesky,YuZAO,426400,476400,1776,3.92,21.0,23.5,5,234100.0,-45.1,False
2025-01-01,Alekseevsky,SVAO,350200,390900,1459,4.45,21.0,23.5,3,192267.0,-45.1,False
2025-01-01,Altufyevsky,SVAO,250100,262600,1042,-8.17,21.0,23.5,2,133700.0,-46.5,False
2025-01-01,Arbat,CAO,748000,826800,3117,3.47,21.0,23.5,6,543883.0,-27.3,False
2025-01-01,Babushkinsky,SVAO,292100,315700,1217,2.78,21.0,23.5,6,206550.0,-29.3,False
2025-01-01,Basmanny,CAO,558500,603400,2327,0.71,21.0,23.5,6,362683.0,-35.1,False
2025-01-01,Begovoy,SAO,380000,400400,1583,-0.23,21.0,23.5,6,298200.0,-21.5,False
2025-01-01,Beskudnikovsky,SAO,281200,314500,1172,5.33,21.0,23.5,12,156517.0,-44.3,False
2025-01-01,Bibirevo,SVAO,266700,299400,1111,0.07,21.0,23.5,5,161840.0,-39.3,False
2025-01-01,Biryulyovo Vostochnoye,YuAO,250900,279400,1046,6.01,21.0,23.5,5,136760.0,-45.5,False
2025-01-01,Biryulyovo Zapadnoye,YuAO,241400,252000,1006,-0.99,21.0,23.5,9,159367.0,-34.0,False
2025-01-01,Bogorodskoye,VAO,289100,318500,1205,4.61,21.0,23.5,5,166560.0,-42.4,False
2025-01-01,Brateyevo,YuAO,246500,266200,1027,0.62,21.0,23.5,1,119800.0,-51.4,False
2025-01-01,Butyrsky,SVAO,327900,353400,1366,2.09,21.0,23.5,5,216080.0,-34.1,False
2025-01-01,Chertanovo Severnoye,YuAO,268400,307700,1118,-5.27,21.0,23.5,9,197689.0,-26.3,False
2025-01-01,Chertanovo Tsentralnoye,YuAO,269700,301200,1124,0.96,21.0,23.5,5,157300.0,-41.7,False
2025-01-01,Chertanovo Yuzhnoye,YuAO,252300,271600,1051,1.54,21.0,23.5,5,187340.0,-25.7,False
2025-01-01,Cheryomushki,YuZAO,386500,414400,1610,-3.08,21.0,23.5,7,311086.0,-19.5,False
2025-01-01,Danilovsky,YuAO,342300,380800,1426,-3.95,21.0,23.5,3,294967.0,-13.8,False
2025-01-01,Desyonovskoye,NAO,198800,225600,828,-4.44,21.0,23.5,5,108020.0,-45.7,True
2025-01-01,Dmitrovsky,SAO,256400,274500,1068,-3.55,21.0,23.5,8,141375.0,-44.9,False
2025-01-01,Donskoy,YuAO,370900,394100,1545,4.75,21.0,23.5,2,189650.0,-48.9,False
2025-01-01,Dorogomilovo,ZAO,547700,592000,2282,-3.68,21.0,23.5,3,411333.0,-24.9,False
2025-01-01,Fili-Davydkovo,ZAO,421600,463400,1757,-0.17,21.0,23.5,5,365600.0,-13.3,False
2025-01-01,Filimonkovskoye,NAO,178400,195600,744,-4.34,21.0,23.5,7,92414.0,-48.2,True
2025-01-01,Filyovsky Park,ZAO,416200,476400,1734,-6.86,21.0,23.5,4,310200.0,-25.5,False
2025-01-01,Gagarinsky,YuZAO,475800,521400,1983,-0.15,21.0,23.5,2,359050.0,-24.5,False
2025-01-01,Golovinsky,SAO,289500,323400,1206,-3.26,21.0,23.5,4,171825.0,-40.6,False
2025-01-01,Golyanovo,VAO,263100,291900,1096,-4.54,21.0,23.5,5,152280.0,-42.1,False
2025-01-01,Ivanovskoye,VAO,272700,289000,1136,-0.88,21.0,23.5,2,153750.0,-43.6,False
2025-01-01,Izmaylovo,VAO,301500,337500,1256,-2.35,21.0,23.5,5,180420.0,-40.2,False
2025-01-01,Khamovniki,CAO,770300,834300,3209,-1.31,21.0,23.5,6,638033.0,-17.2,False
2025-01-01,Khoroshyovo-Mnyovniki,SZAO,393300,429900,1639,0.4,21.0,23.5,1,238000.0,-39.5,False
2025-01-01,Khoroshyovsky,SAO,395700,433300,1649,-5.13,21.0,23.5,7,278243.0,-29.7,False
2025-01-01,Khovrino,SAO,270700,296900,1128,-0.77,21.0,23.5,6,150317.0,-44.5,False
2025-01-01,Kievsky,TAO,106700,115400,444,-3.59,21.0,23.5,4,60550.0,-43.3,True
2025-01-01,Klyonovskoye,TAO,106400,119600,443,-1.22,21.0,23.5,5,48500.0,-54.4,True
2025-01-01,Kokoshkino,NAO,182800,206100,762,-1.56,21.0,23.5,5,96020.0,-47.5,True
2025-01-01,Konkovo,YuZAO,338600,355100,1411,-7.21,21.0,23.5,6,193617.0,-42.8,False
2025-01-01,Koptevo,SAO,294800,326500,1228,-4.55,21.0,23.5,5,185680.0,-37.0,False
2025-01-01,Kosino-Ukhtomsky,VAO,255000,277200,1063,0.54,21.0,23.5,6,150433.0,-41.0,False
2025-01-01,Kotlovka,YuZAO,370000,415400,1542,-2.87,21.0,23.5,5,266040.0,-28.1,False
2025-01-01,Krasnopakhorskoye,TAO,128200,138600,534,3.89,21.0,23.5,2,64400.0,-49.8,True
2025-01-01,Krasnoselsky,CAO,497200,515700,2072,-9.91,21.0,23.5,4,376675.0,-24.2,False
2025-01-01,Krylatskoye,SZAO,433400,497900,1806,-7.87,21.0,23.5,2,217250.0,-49.9,False
2025-01-01,Kuntsevo,ZAO,389000,413500,1621,-1.25,21.0,23.5,0,,,False
2025-01-01,Kurkino,SZAO,365000,412400,1521,0.04,21.0,23.5,7,225157.0,-38.3,False
2025-01-01,Levoberezhny,SAO,293000,313200,1221,5.35,21.0,23.5,5,173080.0,-40.9,False
2025-01-01,Lianozovo,SVAO,256000,279500,1067,-2.97,21.0,23.5,5,132100.0,-48.4,False
2025-01-01,Lomonosovsky,YuZAO,467800,496200,1949,-0.83,21.0,23.5,2,331450.0,-29.1,False
2025-01-01,Losinoostrovsky,SVAO,300800,331900,1253,8.78,21.0,23.5,6,169933.0,-43.5,False
2025-01-01,Marfino,SVAO,278700,299200,1161,-1.88,21.0,23.5,7,175329.0,-37.1,False
2025-01-01,Marushkinskoye,NAO,174100,186800,725,10.38,21.0,23.5,4,86075.0,-50.6,True
2025-01-01,Maryina Roshcha,SVAO,344000,375800,1433,-0.47,21.0,23.5,6,258217.0,-24.9,False
2025-01-01,Meshchansky,CAO,564000,626700,2350,5.69,21.0,23.5,3,461300.0,-18.2,False
2025-01-01,Metrogorodok,VAO,246300,274100,1026,-4.38,21.0,23.5,6,148133.0,-39.9,False
2025-01-01,Mikhaylovo-Yartsevskoye,TAO,117500,133000,490,9.35,21.0,23.5,9,60744.0,-48.3,True
2025-01-01,Mitino,SZAO,313300,335600,1305,-3.19,21.0,23.5,3,201700.0,-35.6,False
2025-01-01,Molzhaninovsky,SAO,229400,248000,956,-3.42,21.0,23.5,6,130233.0,-43.2,False
2025-01-01,Moskovsky,NAO,217400,238900,906,-1.31,21.0,23.5,6,129933.0,-40.2,True
2025-01-01,Moskvorechye-Saburovo,YuAO,279900,309300,1166,2.51,21.0,23.5,3,172367.0,-38.4,False
2025-01-01,Mosrentgen,NAO,219400,243200,914,2.26,21.0,23.5,2,127600.0,-41.8,True
2025-01-01,Mozhaysky,ZAO,351900,415000,1466,-2.4,21.0,23.5,5,205160.0,-41.7,False
2025-01-01,Nagatino-Sadovniki,YuAO,317200,357700,1321,4.56,21.0,23.5,4,305275.0,-3.8,False
2025-01-01,Nagatinsky Zaton,YuAO,318400,364200,1327,-4.69,21.0,23.5,3,203733.0,-36.0,False
2025-01-01,Nagorny,YuAO,304400,329400,1268,-2.51,21.0,23.5,6,209067.0,-31.3,False
2025-01-01,Novo-Peredelkino,ZAO,295900,313800,1233,-0.23,21.0,23.5,5,162700.0,-45.0,False
2025-01-01,Novofyodorovskoye,TAO,108600,119700,453,0.7,21.0,23.5,5,53560.0,-50.7,True
2025-01-01,Novogireyevo,VAO,278000,301300,1159,1.04,21.0,23.5,4,211100.0,-24.1,False
2025-01-01,Novokosino,VAO,272000,288600,1133,5.02,21.0,23.5,8,182763.0,-32.8,False
2025-01-01,Obruchevsky,YuZAO,381500,424700,1590,-1.85,21.0,23.5,4,232350.0,-39.1,False
2025-01-01,Ochakovo-Matveyevskoye,ZAO,360100,401500,1500,3.13,21.0,23.5,3,225033.0,-37.5,False
2025-01-01,Orekhovo-Borisovo Severnoye,YuAO,259900,276300,1083,6.86,21.0,23.5,2,167450.0,-35.6,False
2025-01-01,Orekhovo-Borisovo Yuzhnoye,YuAO,245700,275400,1024,-4.8,21.0,23.5,7,138543.0,-43.6,False
2025-01-01,Ostankinsky,SVAO,349900,382700,1458,4.46,21.0,23.5,1,258300.0,-26.2,False
2025-01-01,Otradnoye,SVAO,289500,328700,1206,-1.98,21.0,23.5,3,168133.0,-41.9,False
2025-01-01,Perovo,VAO,287400,308200,1198,-1.04,21.0,23.5,6,268317.0,-6.6,False
2025-01-01,Pervomayskoye,TAO,120700,130900,503,-6.02,21.0,23.5,5,60200.0,-50.1,True
2025-01-01,Pokrovskoye-Streshnevo,SZAO,348100,384400,1451,-0.62,21.0,23.5,3,222600.0,-36.1,False
2025-01-01,Preobrazhenskoye,VAO,307500,340800,1281,-2.41,21.0,23.5,7,264271.0,-14.1,False
2025-01-01,Presnensky,CAO,686400,765900,2860,-6.41,21.0,23.5,6,566050.0,-17.5,False
2025-01-01,Prospekt Vernadskogo,ZAO,491700,543200,2049,5.54,21.0,23.5,6,356017.0,-27.6,False
2025-01-01,Ramenki,ZAO,486500,528700,2027,0.63,21.0,23.5,3,284767.0,-41.5,False
2025-01-01,Rogovskoye,TAO,104200,117700,434,-3.32,21.0,23.5,4,60700.0,-41.7,True
2025-01-01,Rostokino,SVAO,281700,307000,1174,-2.37,21.0,23.5,6,198900.0,-29.4,False
2025-01-01,Ryazanovskoye,NAO,168600,183000,703,-3.51,21.0,23.5,2,87550.0,-48.1,True
2025-01-01,Savyolovsky,SAO,373700,413500,1557,1.77,21.0,23.5,5,213360.0,-42.9,False
2025-01-01,Severnoye Butovo,YuZAO,318500,356800,1327,2.17,21.0,23.5,3,209233.0,-34.3,False
2025-01-01,Severnoye Izmaylovo,VAO,283400,300300,1181,0.15,21.0,23.5,5,215840.0,-23.8,False
2025-01-01,Severnoye Medvedkovo,SVAO,272800,296100,1137,-4.07,21.0,23.5,4,172600.0,-36.7,False
2025-01-01,Severnoye Tushino,SZAO,341400,356800,1423,11.92,21.0,23.5,4,170750.0,-50.0,False
2025-01-01,Severny,SVAO,244900,271000,1020,-1.44,21.0,23.5,8,130125.0,-46.9,False
2025-01-01,Shchapovskoye,TAO,110300,123800,459,-5.92,21.0,23.5,5,68960.0,-37.5,True
2025-01-01,Shcherbinka,NAO,203000,221000,846,-1.59,21.0,23.5,3,107267.0,-47.2,True
2025-01-01,Shchukino,SZAO,381200,423600,1589,-1.56,21.0,23.5,8,343663.0,-9.8,False
2025-01-01,Sokol,SAO,387200,431600,1613,3.24,21.0,23.5,8,264775.0,-31.6,False
2025-01-01,Sokolinaya Gora,VAO,279500,297000,1165,-1.23,21.0,23.5,5,185300.0,-33.7,False
2025-01-01,Sokolniki,VAO,335900,362000,1400,-4.21,21.0,23.5,4,240550.0,-28.4,False
2025-01-01,Solntsevo,ZAO,323800,355900,1349,0.14,21.0,23.5,5,179880.0,-44.4,False
2025-01-01,Sosenskoye,NAO,222900,237700,929,3.82,21.0,23.5,5,122820.0,-44.9,True
2025-01-01,Strogino,SZAO,396900,441500,1654,-2.08,21.0,23.5,7,304271.0,-23.3,False
2025-01-01,Sviblovo,SVAO,281200,319900,1172,-2.74,21.0,23.5,10,215570.0,-23.3,False
2025-01-01,Tagansky,CAO,559700,618900,2332,3.28,21.0,23.5,2,315350.0,-43.7,False
2025-01-01,Timiryazevsky,SAO,337000,377300,1404,-0.62,21.0,23.5,7,246643.0,-26.8,False
2025-01-01,Troitsk,TAO,150500,160600,627,0.89,21.0,23.5,3,73500.0,-51.2,True
2025-01-01,Troparyovo-Nikulino,ZAO,414800,451200,1728,-1.91,21.0,23.5,10,292800.0,-29.4,False
2025-01-01,Tsaritsyno,YuAO,272400,293500,1135,5.57,21.0,23.5,9,154967.0,-43.1,False
2025-01-01,Tverskoy,CAO,668500,761100,2785,-7.97,21.0,23.5,8,531138.0,-20.5,False
2025-01-01,Tyoply Stan,YuZAO,322700,355200,1345,-0.92,21.0,23.5,2,216550.0,-32.9,False
2025-01-01,Veshnyaki,VAO,261600,283700,1090,2.83,21.0,23.5,6,142850.0,-45.4,False
2025-01-01,Vnukovo,ZAO,272100,294200,1134,-2.92,21.0,23.5,2,144900.0,-46.7,False
2025-01-01,Vnukovskoye,NAO,215000,231600,896,-8.09,21.0,23.5,1,116600.0,-45.8,True
2025-01-01,Voronovskoye,TAO,114600,128600,478,0.68,21.0,23.5,3,68367.0,-40.3,True
2025-01-01,Voskresenskoye,NAO,206600,230200,861,-3.38,21.0,23.5,5,111500.0,-46.0,True
2025-01-01,Vostochnoye Izmaylovo,VAO,282700,309100,1178,-2.27,21.0,23.5,3,178667.0,-36.8,False
2025-01-01,Vostochny,VAO,237000,260400,987,-1.28,21.0,23.5,5,135280.0,-42.9,False
2025-01-01,Voykovsky,SAO,304600,320600,1269,-7.01,21.0,23.5,4,240800.0,-20.9,False
2025-01-01,Yakimanka,CAO,701000,774900,2921,-0.21,21.0,23.5,7,499271.0,-28.8,False
2025-01-01,Yaroslavsky,SVAO,276400,304300,1152,2.5,21.0,23.5,8,143438.0,-48.1,False
2025-01-01,Yasenevo,YuZAO,359000,407200,1496,2.35,21.0,23.5,3,337567.0,-6.0,False
2025-01-01,Yuzhnoye Butovo,YuZAO,287000,322800,1196,-3.25,21.0,23.5,5,164900.0,-42.5,False
2025-01-01,Yuzhnoye Medvedkovo,SVAO,283100,329500,1180,-0.06,21.0,23.5,4,159575.0,-43.6,False
2025-01-01,Yuzhnoye Tushino,SZAO,335700,377600,1399,-2.17,21.0,23.5,9,228122.0,-32.0,False
2025-01-01,Zamoskvorechye,CAO,606400,688500,2527,1.99,21.0,23.5,9,475911.0,-21.5,False
2025-01-01,Zapadnoye Degunino,SAO,276800,301000,1153,3.11,21.0,23.5,4,169800.0,-38.7,False
2025-01-01,Zelenograd,ZelAO,180800,211200,753,-4.65,21.0,23.5,4,99450.0,-45.0,True
2025-01-01,Zyablikovo,YuAO,246400,267700,1027,-5.22,21.0,23.5,10,153590.0,-37.7,False
2025-01-01,Zyuzino,YuZAO,371200,414300,1547,0.6,21.0,23.5,4,223300.0,-39.8,False
2025-02-01,Aeroport,SAO,346800,388000,1445,-4.52,21.0,23.5,8,244413.0,-29.5,False
2025-02-01,Akademichesky,YuZAO,418700,446000,1745,-1.79,21.0,23.5,8,301825.0,-27.9,False
2025-02-01,Alekseevsky,SVAO,342500,377500,1427,-2.19,21.0,23.5,5,238880.0,-30.3,False
2025-02-01,Altufyevsky,SVAO,256100,296500,1067,2.4,21.0,23.5,5,183860.0,-28.2,False
2025-02-01,Arbat,CAO,710800,803900,2962,-4.98,21.0,23.5,7,660600.0,-7.1,False
2025-02-01,Babushkinsky,SVAO,295500,330900,1231,1.15,21.0,23.5,6,163850.0,-44.6,False
2025-02-01,Basmanny,CAO,586400,635000,2443,4.99,21.0,23.5,7,432957.0,-26.2,False
2025-02-01,Begovoy,SAO,380800,420800,1587,0.21,21.0,23.5,3,374200.0,-1.7,False
2025-02-01,Beskudnikovsky,SAO,264600,290800,1103,-5.9,21.0,23.5,6,187350.0,-29.2,False
2025-02-01,Bibirevo,SVAO,272700,300900,1136,2.22,21.0,23.5,4,160525.0,-41.1,False
2025-02-01,Biryulyovo Vostochnoye,YuAO,237500,255200,989,-5.36,21.0,23.5,5,127760.0,-46.2,False
2025-02-01,Biryulyovo Zapadnoye,YuAO,225500,241100,940,-6.55,21.0,23.5,3,157400.0,-30.2,False
2025-02-01,Bogorodskoye,VAO,271500,306500,1131,-6.08,21.0,23.5,1,191100.0,-29.6,False
2025-02-01,Brateyevo,YuAO,251000,273800,1046,1.83,21.0,23.5,4,128550.0,-48.8,False
2025-02-01,Butyrsky,SVAO,327600,357800,1365,-0.07,21.0,23.5,4,223050.0,-31.9,False
2025-02-01,Chertanovo Severnoye,YuAO,276200,306900,1151,2.9,21.0,23.5,2,211000.0,-23.6,False
2025-02-01,Chertanovo Tsentralnoye,YuAO,267300,295800,1114,-0.89,21.0,23.5,2,169750.0,-36.5,False
2025-02-01,Chertanovo Yuzhnoye,YuAO,262200,297600,1093,3.93,21.0,23.5,5,183300.0,-30.1,False
2025-02-01,Cheryomushki,YuZAO,382400,434700,1594,-1.05,21.0,23.5,7,300714.0,-21.4,False
2025-02-01,Danilovsky,YuAO,358100,373600,1492,4.6,21.0,23.5,3,269833.0,-24.6,False
2025-02-01,Desyonovskoye,NAO,201100,218100,838,1.18,21.0,23.5,4,126675.0,-37.0,True
2025-02-01,Dmitrovsky,SAO,268900,295700,1120,4.84,21.0,23.5,6,161267.0,-40.0,False
2025-02-01,Donskoy,YuAO,356200,376900,1484,-3.96,21.0,23.5,5,224980.0,-36.8,False
2025-02-01,Dorogomilovo,ZAO,543200,619200,2263,-0.82,21.0,23.5,8,354400.0,-34.8,False
2025-02-01,Fili-Davydkovo,ZAO,421900,467400,1758,0.08,21.0,23.5,3,265467.0,-37.1,False
2025-02-01,Filimonkovskoye,NAO,181400,198700,756,1.65,21.0,23.5,4,105475.0,-41.9,True
2025-02-01,Filyovsky Park,ZAO,455600,494100,1898,9.46,21.0,23.5,4,314900.0,-30.9,False
2025-02-01,Gagarinsky,YuZAO,488000,526400,2033,2.56,21.0,23.5,3,330000.0,-32.4,False
2025-02-01,Golovinsky,SAO,300400,326400,1252,3.79,21.0,23.5,6,204150.0,-32.0,False
2025-02-01,Golyanovo,VAO,265200,293400,1105,0.83,21.0,23.5,5,156660.0,-40.9,False
2025-02-01,Ivanovskoye,VAO,264300,293300,1101,-3.07,21.0,23.5,4,161200.0,-39.0,False
2025-02-01,Izmaylovo,VAO,314400,348700,1310,4.27,21.0,23.5,4,191850.0,-39.0,False
2025-02-01,Khamovniki,CAO,769100,814700,3205,-0.15,21.0,23.5,5,502840.0,-34.6,False
2025-02-01,Khoroshyovo-Mnyovniki,SZAO,387000,419000,1613,-1.58,21.0,23.5,3,243567.0,-37.1,False
2025-02-01,Khoroshyovsky,SAO,423100,474600,1763,6.93,21.0,23.5,5,267780.0,-36.7,False
2025-02-01,Khovrino,SAO,266100,285900,1109,-1.68,21.0,23.5,5,174840.0,-34.3,False
2025-02-01,Kievsky,TAO,107700,119100,449,0.94,21.0,23.5,2,47200.0,-56.2,True
2025-02-01,Klyonovskoye,TAO,113400,124000,472,6.6,21.0,23.5,4,47425.0,-58.2,True
2025-02-01,Kokoshkino,NAO,177700,198800,740,-2.78,21.0,23.5,2,103400.0,-41.8,True
2025-02-01,Konkovo,YuZAO,345300,377500,1439,1.97,21.0,23.5,3,191700.0,-44.5,False
2025-02-01,Koptevo,SAO,293900,329300,1224,-0.3,21.0,23.5,6,186750.0,-36.5,False
2025-02-01,Kosino-Ukhtomsky,VAO,239700,258600,999,-6.0,21.0,23.5,3,162367.0,-32.3,False
2025-02-01,Kotlovka,YuZAO,374300,402600,1560,1.17,21.0,23.5,4,256650.0,-31.4,False
2025-02-01,Krasnopakhorskoye,TAO,129900,143400,541,1.37,21.0,23.5,7,65300.0,-49.7,True
2025-02-01,Krasnoselsky,CAO,527100,561400,2196,6.0,21.0,23.5,5,371820.0,-29.5,False
2025-02-01,Krylatskoye,SZAO,448400,496600,1868,3.47,21.0,23.5,4,271075.0,-39.5,False
2025-02-01,Kuntsevo,ZAO,387400,414800,1614,-0.41,21.0,23.5,9,239744.0,-38.1,False
2025-02-01,Kurkino,SZAO,380300,407300,1584,4.19,21.0,23.5,2,168050.0,-55.8,False
2025-02-01,Levoberezhny,SAO,293200,315900,1222,0.1,21.0,23.5,5,183540.0,-37.4,False
2025-02-01,Lianozovo,SVAO,258800,287900,1078,1.1,21.0,23.5,2,152050.0,-41.2,False
2025-02-01,Lomonosovsky,YuZAO,477700,523800,1990,2.12,21.0,23.5,5,344660.0,-27.9,False
2025-02-01,Losinoostrovsky,SVAO,280400,313800,1168,-6.79,21.0,23.5,8,158150.0,-43.6,False
2025-02-01,Marfino,SVAO,287800,323400,1199,3.25,21.0,23.5,3,197667.0,-31.3,False
2025-02-01,Marushkinskoye,NAO,161100,178900,671,-7.48,21.0,23.5,3,88100.0,-45.3,True
2025-02-01,Maryina Roshcha,SVAO,324800,361900,1353,-5.56,21.0,23.5,3,227067.0,-30.1,False
2025-02-01,Meshchansky,CAO,569300,628100,2372,0.93,21.0,23.5,6,414100.0,-27.3,False
2025-02-01,Metrogorodok,VAO,247100,267200,1030,0.32,21.0,23.5,6,203133.0,-17.8,False
2025-02-01,Mikhaylovo-Yartsevskoye,TAO,111300,122500,464,-5.3,21.0,23.5,2,63200.0,-43.2,True
2025-02-01,Mitino,SZAO,320500,349500,1335,2.3,21.0,23.5,4,204775.0,-36.1,False
2025-02-01,Molzhaninovsky,SAO,241400,269700,1006,5.22,21.0,23.5,2,119650.0,-50.4,False
2025-02-01,Moskovsky,NAO,219000,244800,912,0.71,21.0,23.5,7,115557.0,-47.2,True
2025-02-01,Moskvorechye-Saburovo,YuAO,289500,334100,1206,3.45,21.0,23.5,5,193840.0,-33.0,False
2025-02-01,Mosrentgen,NAO,226900,236000,945,3.39,21.0,23.5,3,211433.0,-6.8,True
2025-02-01,Mozhaysky,ZAO,367000,405500,1529,4.3,21.0,23.5,1,272600.0,-25.7,False
2025-02-01,Nagatino-Sadovniki,YuAO,307100,340300,1279,-3.18,21.0,23.5,6,222083.0,-27.7,False
2025-02-01,Nagatinsky Zaton,YuAO,330700,358100,1378,3.87,21.0,23.5,4,191825.0,-42.0,False
2025-02-01,Nagorny,YuAO,317700,355300,1324,4.39,21.0,23.5,5,209260.0,-34.1,False
2025-02-01,Novo-Peredelkino,ZAO,294900,319500,1229,-0.35,21.0,23.5,6,144417.0,-51.0,False
2025-02-01,Novofyodorovskoye,TAO,107800,125200,449,-0.79,21.0,23.5,4,50875.0,-52.8,True
2025-02-01,Novogireyevo,VAO,288000,310600,1200,3.59,21.0,23.5,5,167820.0,-41.7,False
2025-02-01,Novokosino,VAO,258300,270900,1076,-5.02,21.0,23.5,5,151080.0,-41.5,False
2025-02-01,Obruchevsky,YuZAO,389200,427400,1622,2.02,21.0,23.5,2,256850.0,-34.0,False
2025-02-01,Ochakovo-Matveyevskoye,ZAO,351600,386900,1465,-2.35,21.0,23.5,3,200033.0,-43.1,False
2025-02-01,Orekhovo-Borisovo Severnoye,YuAO,246000,270900,1025,-5.37,21.0,23.5,2,131900.0,-46.4,False
2025-02-01,Orekhovo-Borisovo Yuzhnoye,YuAO,257100,285300,1071,4.66,21.0,23.5,3,154500.0,-39.9,False
2025-02-01,Ostankinsky,SVAO,347400,397700,1448,-0.71,21.0,23.5,10,255840.0,-26.4,False
2025-02-01,Otradnoye,SVAO,298600,330500,1244,3.13,21.0,23.5,5,170940.0,-42.8,False
2025-02-01,Perovo,VAO,292500,320600,1219,1.75,21.0,23.5,6,231733.0,-20.8,False
2025-02-01,Pervomayskoye,TAO,119100,130300,496,-1.32,21.0,23.5,3,57167.0,-52.0,True
2025-02-01,Pokrovskoye-Streshnevo,SZAO,344900,378800,1437,-0.92,21.0,23.5,8,220438.0,-36.1,False
2025-02-01,Preobrazhenskoye,VAO,298100,327000,1242,-3.07,21.0,23.5,4,287650.0,-3.5,False
2025-02-01,Presnensky,CAO,682700,741100,2845,-0.54,21.0,23.5,11,487891.0,-28.5,False
2025-02-01,Prospekt Vernadskogo,ZAO,485700,523400,2024,-1.23,21.0,23.5,6,335267.0,-31.0,False
2025-02-01,Ramenki,ZAO,497700,552500,2074,2.29,21.0,23.5,8,292338.0,-41.3,False
2025-02-01,Rogovskoye,TAO,106300,116000,443,1.97,21.0,23.5,3,61567.0,-42.1,True
2025-02-01,Rostokino,SVAO,286800,317800,1195,1.82,21.0,23.5,4,169725.0,-40.8,False
2025-02-01,Ryazanovskoye,NAO,167100,180100,696,-0.93,21.0,23.5,9,86344.0,-48.3,True
2025-02-01,Savyolovsky,SAO,369300,412700,1539,-1.18,21.0,23.5,8,234550.0,-36.5,False
2025-02-01,Severnoye Butovo,YuZAO,321300,356200,1339,0.87,21.0,23.5,5,169960.0,-47.1,False
2025-02-01,Severnoye Izmaylovo,VAO,286300,313200,1193,1.03,21.0,23.5,9,181356.0,-36.7,False
2025-02-01,Severnoye Medvedkovo,SVAO,287900,311600,1200,5.52,21.0,23.5,1,171900.0,-40.3,False
2025-02-01,Severnoye Tushino,SZAO,321200,351800,1338,-5.91,21.0,23.5,5,173340.0,-46.0,False
2025-02-01,Severny,SVAO,250400,275000,1043,2.24,21.0,23.5,9,130200.0,-48.0,False
2025-02-01,Shchapovskoye,TAO,113500,126700,473,2.95,21.0,23.5,2,50700.0,-55.3,True
2025-02-01,Shcherbinka,NAO,204600,225800,853,0.78,21.0,23.5,3,97833.0,-52.2,True
2025-02-01,Shchukino,SZAO,398300,432200,1659,4.47,21.0,23.5,4,301550.0,-24.3,False
2025-02-01,Sokol,SAO,376800,422600,1570,-2.68,21.0,23.5,4,272625.0,-27.6,False
2025-02-01,Sokolinaya Gora,VAO,287700,309200,1199,2.95,21.0,23.5,6,203900.0,-29.1,False
2025-02-01,Sokolniki,VAO,341700,391200,1424,1.72,21.0,23.5,3,258867.0,-24.2,False
2025-02-01,Solntsevo,ZAO,309500,334300,1289,-4.43,21.0,23.5,2,146800.0,-52.6,False
2025-02-01,Sosenskoye,NAO,223000,254500,929,0.02,21.0,23.5,4,106900.0,-52.1,True
2025-02-01,Strogino,SZAO,397400,441100,1656,0.14,21.0,23.5,5,336380.0,-15.4,False
2025-02-01,Sviblovo,SVAO,280600,313200,1169,-0.23,21.0,23.5,6,206967.0,-26.2,False
2025-02-01,Tagansky,CAO,557600,618900,2323,-0.39,21.0,23.5,5,431900.0,-22.5,False
2025-02-01,Timiryazevsky,SAO,330400,370700,1377,-1.93,21.0,23.5,2,170200.0,-48.5,False
2025-02-01,Troitsk,TAO,159800,174000,666,6.23,21.0,23.5,3,88633.0,-44.5,True
2025-02-01,Troparyovo-Nikulino,ZAO,422100,456200,1759,1.76,21.0,23.5,4,338625.0,-19.8,False
2025-02-01,Tsaritsyno,YuAO,256400,284400,1068,-5.87,21.0,23.5,3,173300.0,-32.4,False
2025-02-01,Tverskoy,CAO,709100,767300,2954,6.07,21.0,23.5,2,487750.0,-31.2,False
2025-02-01,Tyoply Stan,YuZAO,324400,363100,1352,0.51,21.0,23.5,2,229150.0,-29.4,False
2025-02-01,Veshnyaki,VAO,256700,276600,1070,-1.87,21.0,23.5,5,160300.0,-37.6,False
2025-02-01,Vnukovo,ZAO,292700,315600,1220,7.56,21.0,23.5,3,160700.0,-45.1,False
2025-02-01,Vnukovskoye,NAO,222900,245500,929,3.67,21.0,23.5,2,117600.0,-47.2,True
2025-02-01,Voronovskoye,TAO,116900,123000,487,1.93,21.0,23.5,4,56400.0,-51.8,True
2025-02-01,Voskresenskoye,NAO,201700,229300,840,-2.37,21.0,23.5,4,108650.0,-46.1,True
2025-02-01,Vostochnoye Izmaylovo,VAO,285000,300600,1188,0.81,21.0,23.5,4,157725.0,-44.7,False
2025-02-01,Vostochny,VAO,236900,255800,987,-0.05,21.0,23.5,4,140325.0,-40.8,False
2025-02-01,Voykovsky,SAO,313800,337500,1308,3.04,21.0,23.5,7,221729.0,-29.3,False
2025-02-01,Yakimanka,CAO,672800,730500,2803,-4.03,21.0,23.5,1,698100.0,3.8,False
2025-02-01,Yaroslavsky,SVAO,262600,285100,1094,-5.0,21.0,23.5,8,168663.0,-35.8,False
2025-02-01,Yasenevo,YuZAO,361300,405700,1506,0.65,21.0,23.5,9,325944.0,-9.8,False
2025-02-01,Yuzhnoye Butovo,YuZAO,305900,330900,1274,6.56,21.0,23.5,5,186020.0,-39.2,False
2025-02-01,Yuzhnoye Medvedkovo,SVAO,279800,310600,1166,-1.16,21.0,23.5,7,173586.0,-38.0,False
2025-02-01,Yuzhnoye Tushino,SZAO,356400,388200,1485,6.14,21.0,23.5,3,196900.0,-44.8,False
2025-02-01,Zamoskvorechye,CAO,610000,707100,2542,0.59,21.0,23.5,6,449133.0,-26.4,False
2025-02-01,Zapadnoye Degunino,SAO,272000,309900,1133,-1.74,21.0,23.5,4,157225.0,-42.2,False
2025-02-01,Zelenograd,ZelAO,190200,204600,793,5.2,21.0,23.5,1,97600.0,-48.7,True
2025-02-01,Zyablikovo,YuAO,248400,279100,1035,0.83,21.0,23.5,4,162975.0,-34.4,False
2025-02-01,Zyuzino,YuZAO,372400,419000,1552,0.33,21.0,23.5,4,293250.0,-21.3,False
2025-03-01,Aeroport,SAO,349300,379900,1455,0.72,21.0,23.5,2,178600.0,-48.9,False
2025-03-01,Akademichesky,YuZAO,432800,475600,1803,3.36,21.0,23.5,8,303363.0,-29.9,False
2025-03-01,Alekseevsky,SVAO,355700,395300,1482,3.85,21.0,23.5,6,182267.0,-48.8,False
2025-03-01,Altufyevsky,SVAO,256600,278600,1069,0.19,21.0,23.5,4,162225.0,-36.8,False
2025-03-01,Arbat,CAO,700200,771700,2917,-1.49,21.0,23.5,8,578550.0,-17.4,False
2025-03-01,Babushkinsky,SVAO,290900,322900,1212,-1.53,21.0,23.5,10,179840.0,-38.2,False
2025-03-01,Basmanny,CAO,569500,642100,2373,-2.88,21.0,23.5,7,359529.0,-36.9,False
2025-03-01,Begovoy,SAO,389500,434400,1623,2.3,21.0,23.5,6,267567.0,-31.3,False
2025-03-01,Beskudnikovsky,SAO,275000,293300,1146,3.95,21.0,23.5,4,148925.0,-45.8,False
2025-03-01,Bibirevo,SVAO,263200,281700,1097,-3.48,21.0,23.5,9,164822.0,-37.4,False
2025-03-01,Biryulyovo Vostochnoye,YuAO,247600,275400,1032,4.25,21.0,23.5,7,137243.0,-44.6,False
2025-03-01,Biryulyovo Zapadnoye,YuAO,233600,256100,973,3.58,21.0,23.5,2,114900.0,-50.8,False
2025-03-01,Bogorodskoye,VAO,271000,312200,1129,-0.21,21.0,23.5,3,195267.0,-27.9,False
2025-03-01,Brateyevo,YuAO,255900,280300,1066,1.98,21.0,23.5,5,143260.0,-44.0,False
2025-03-01,Butyrsky,SVAO,324400,360500,1352,-0.99,21.0,23.5,4,208950.0,-35.6,False
2025-03-01,Chertanovo Severnoye,YuAO,277100,296100,1155,0.34,21.0,23.5,7,207857.0,-25.0,False
2025-03-01,Chertanovo Tsentralnoye,YuAO,260500,278300,1085,-2.55,21.0,23.5,8,166713.0,-36.0,False
2025-03-01,Chertanovo Yuzhnoye,YuAO,252600,277800,1052,-3.68,21.0,23.5,5,174420.0,-31.0,False
2025-03-01,Cheryomushki,YuZAO,385700,430900,1607,0.86,21.0,23.5,4,285925.0,-25.9,False
2025-03-01,Danilovsky,YuAO,340100,387600,1417,-5.03,21.0,23.5,4,228650.0,-32.8,False
2025-03-01,Desyonovskoye,NAO,204300,226700,851,1.55,21.0,23.5,3,118667.0,-41.9,True
2025-03-01,Dmitrovsky,SAO,264500,291700,1102,-1.61,21.0,23.5,6,137433.0,-48.0,False
2025-03-01,Donskoy,YuAO,374800,436000,1562,5.22,21.0,23.5,6,206700.0,-44.9,False
2025-03-01,Dorogomilovo,ZAO,552500,565400,2302,1.72,21.0,23.5,4,409975.0,-25.8,False
2025-03-01,Fili-Davydkovo,ZAO,420600,453900,1753,-0.3,21.0,23.5,1,298800.0,-29.0,False
2025-03-01,Filimonkovskoye,NAO,180600,208100,753,-0.42,21.0,23.5,5,96960.0,-46.3,True
2025-03-01,Filyovsky Park,ZAO,446800,476300,1862,-1.94,21.0,23.5,7,290914.0,-34.9,False
2025-03-01,Gagarinsky,YuZAO,470800,501900,1962,-3.53,21.0,23.5,7,335243.0,-28.8,False
2025-03-01,Golovinsky,SAO,290100,314100,1209,-3.44,21.0,23.5,5,149700.0,-48.4,False
2025-03-01,Golyanovo,VAO,263400,294200,1098,-0.68,21.0,23.5,4,175475.0,-33.4,False
2025-03-01,Ivanovskoye,VAO,266900,286700,1112,0.96,21.0,23.5,5,196880.0,-26.2,False
2025-03-01,Izmaylovo,VAO,321400,375400,1339,2.24,21.0,23.5,5,202600.0,-37.0,False
2025-03-01,Khamovniki,CAO,768500,846500,3202,-0.08,21.0,23.5,7,574000.0,-25.3,False
2025-03-01,Khoroshyovo-Mnyovniki,SZAO,393000,429400,1638,1.55,21.0,23.5,7,225443.0,-42.6,False
2025-03-01,Khoroshyovsky,SAO,390700,416800,1628,-7.68,21.0,23.5,5,262580.0,-32.8,False
2025-03-01,Khovrino,SAO,273400,317900,1139,2.71,21.0,23.5,3,152467.0,-44.2,False
2025-03-01,Kievsky,TAO,109500,121000,456,1.65,21.0,23.5,11,63245.0,-42.2,True
2025-03-01,Klyonovskoye,TAO,109200,121500,455,-3.71,21.0,23.5,7,57771.0,-47.1,True
2025-03-01,Kokoshkino,NAO,175900,195700,733,-1.0,21.0,23.5,5,120860.0,-31.3,True
2025-03-01,Konkovo,YuZAO,352800,375400,1470,2.18,21.0,23.5,3,227967.0,-35.4,False
2025-03-01,Koptevo,SAO,290700,322200,1211,-1.09,21.0,23.5,0,,,False
2025-03-01,Kosino-Ukhtomsky,VAO,255100,286300,1063,6.4,21.0,23.5,5,153340.0,-39.9,False
2025-03-01,Kotlovka,YuZAO,379100,411900,1580,1.3,21.0,23.5,4,242100.0,-36.1,False
2025-03-01,Krasnopakhorskoye,TAO,129900,136000,541,-0.04,21.0,23.5,12,65950.0,-49.2,True
2025-03-01,Krasnoselsky,CAO,539400,587800,2247,2.33,21.0,23.5,3,367200.0,-31.9,False
2025-03-01,Krylatskoye,SZAO,459700,511100,1916,2.53,21.0,23.5,2,223750.0,-51.3,False
2025-03-01,Kuntsevo,ZAO,380300,399900,1585,-1.84,21.0,23.5,12,246975.0,-35.1,False
2025-03-01,Kurkino,SZAO,383600,411000,1598,0.87,21.0,23.5,7,208586.0,-45.6,False
2025-03-01,Levoberezhny,SAO,306100,353900,1275,4.37,21.0,23.5,10,214290.0,-30.0,False
2025-03-01,Lianozovo,SVAO,273200,293300,1138,5.53,21.0,23.5,3,158333.0,-42.0,False
2025-03-01,Lomonosovsky,YuZAO,473700,529200,1974,-0.84,21.0,23.5,6,360250.0,-23.9,False
2025-03-01,Losinoostrovsky,SVAO,286300,314200,1193,2.1,21.0,23.5,7,185543.0,-35.2,False
2025-03-01,Marfino,SVAO,282500,298400,1177,-1.84,21.0,23.5,3,195133.0,-30.9,False
2025-03-01,Marushkinskoye,NAO,170100,194700,709,5.6,21.0,23.5,4,95475.0,-43.9,True
2025-03-01,Maryina Roshcha,SVAO,347600,387500,1449,7.03,21.0,23.5,4,273200.0,-21.4,False
2025-03-01,Meshchansky,CAO,547100,619600,2280,-3.89,21.0,23.5,2,444500.0,-18.8,False
2025-03-01,Metrogorodok,VAO,260600,275300,1086,5.46,21.0,23.5,7,187757.0,-28.0,False
2025-03-01,Mikhaylovo-Yartsevskoye,TAO,112100,119900,467,0.72,21.0,23.5,5,60220.0,-46.3,True
2025-03-01,Mitino,SZAO,313100,328800,1304,-2.32,21.0,23.5,3,215067.0,-31.3,False
2025-03-01,Molzhaninovsky,SAO,240600,278400,1003,-0.33,21.0,23.5,5,115720.0,-51.9,False
2025-03-01,Moskovsky,NAO,224900,248300,937,2.7,21.0,23.5,3,120033.0,-46.6,True
2025-03-01,Moskvorechye-Saburovo,YuAO,270700,303800,1128,-6.5,21.0,23.5,3,209833.0,-22.5,False
2025-03-01,Mosrentgen,NAO,223900,248200,933,-1.31,21.0,23.5,4,140075.0,-37.4,True
2025-03-01,Mozhaysky,ZAO,350600,395800,1461,-4.45,21.0,23.5,5,217180.0,-38.1,False
2025-03-01,Nagatino-Sadovniki,YuAO,294500,333400,1227,-4.1,21.0,23.5,5,219440.0,-25.5,False
2025-03-01,Nagatinsky Zaton,YuAO,339800,369500,1416,2.73,21.0,23.5,5,202900.0,-40.3,False
2025-03-01,Nagorny,YuAO,318400,361500,1327,0.22,21.0,23.5,5,239080.0,-24.9,False
2025-03-01,Novo-Peredelkino,ZAO,292500,311100,1219,-0.81,21.0,23.5,4,144600.0,-50.6,False
2025-03-01,Novofyodorovskoye,TAO,106500,116400,444,-1.15,21.0,23.5,8,55338.0,-48.0,True
2025-03-01,Novogireyevo,VAO,279300,305400,1164,-3.05,21.0,23.5,8,196425.0,-29.7,False
2025-03-01,Novokosino,VAO,258400,290800,1077,0.05,21.0,23.5,8,140650.0,-45.6,False
2025-03-01,Obruchevsky,YuZAO,384700,428100,1603,-1.17,21.0,23.5,3,284433.0,-26.1,False
2025-03-01,Ochakovo-Matveyevskoye,ZAO,371400,404900,1547,5.63,21.0,23.5,1,212900.0,-42.7,False
2025-03-01,Orekhovo-Borisovo Severnoye,YuAO,261100,295000,1088,6.15,21.0,23.5,8,136138.0,-47.9,False
2025-03-01,Orekhovo-Borisovo Yuzhnoye,YuAO,251700,290000,1049,-2.11,21.0,23.5,5,141960.0,-43.6,False
2025-03-01,Ostankinsky,SVAO,343900,377400,1433,-1.0,21.0,23.5,5,230580.0,-33.0,False
2025-03-01,Otradnoye,SVAO,286900,310500,1196,-3.89,21.0,23.5,2,178550.0,-37.8,False
2025-03-01,Perovo,VAO,280900,304800,1171,-3.94,21.0,23.5,5,264260.0,-5.9,False
2025-03-01,Pervomayskoye,TAO,120900,124100,504,1.47,21.0,23.5,7,75343.0,-37.7,True
2025-03-01,Pokrovskoye-Streshnevo,SZAO,342400,386300,1427,-0.73,21.0,23.5,1,231200.0,-32.5,False
2025-03-01,Preobrazhenskoye,VAO,312900,341500,1304,4.99,21.0,23.5,9,259700.0,-17.0,False
2025-03-01,Presnensky,CAO,700600,763200,2919,2.62,21.0,23.5,7,581957.0,-16.9,False
2025-03-01,Prospekt Vernadskogo,ZAO,459200,506600,1913,-5.45,21.0,23.5,3,359400.0,-21.7,False
2025-03-01,Ramenki,ZAO,482400,527000,2010,-3.08,21.0,23.5,6,317100.0,-34.3,False
2025-03-01,Rogovskoye,TAO,110400,126300,460,3.87,21.0,23.5,3,53800.0,-51.3,True
2025-03-01,Rostokino,SVAO,292300,321600,1218,1.91,21.0,23.5,4,164900.0,-43.6,False
2025-03-01,Ryazanovskoye,NAO,172000,188300,717,2.99,21.0,23.5,5,96140.0,-44.1,True
2025-03-01,Savyolovsky,SAO,384100,438600,1601,4.02,21.0,23.5,4,253350.0,-34.0,False
2025-03-01,Severnoye Butovo,YuZAO,317300,334300,1322,-1.24,21.0,23.5,8,182275.0,-42.6,False
2025-03-01,Severnoye Izmaylovo,VAO,290900,320900,1212,1.61,21.0,23.5,4,195050.0,-32.9,False
2025-03-01,Severnoye Medvedkovo,SVAO,294300,323100,1226,2.23,21.0,23.5,6,161450.0,-45.1,False
2025-03-01,Severnoye Tushino,SZAO,312200,345300,1301,-2.82,21.0,23.5,7,187771.0,-39.9,False
2025-03-01,Severny,SVAO,254100,290500,1059,1.48,21.0,23.5,6,133950.0,-47.3,False
2025-03-01,Shchapovskoye,TAO,118600,128700,494,4.51,21.0,23.5,5,65200.0,-45.0,True
2025-03-01,Shcherbinka,NAO,203700,228000,849,-0.47,21.0,23.5,4,103850.0,-49.0,True
2025-03-01,Shchukino,SZAO,396400,433800,1652,-0.47,21.0,23.5,6,271033.0,-31.6,False
2025-03-01,Sokol,SAO,383300,431600,1597,1.74,21.0,23.5,6,298000.0,-22.3,False
2025-03-01,Sokolinaya Gora,VAO,273700,301100,1140,-4.89,21.0,23.5,4,163975.0,-40.1,False
2025-03-01,Sokolniki,VAO,339400,384400,1414,-0.68,21.0,23.5,5,206540.0,-39.1,False
2025-03-01,Solntsevo,ZAO,315700,338800,1315,2.02,21.0,23.5,4,221825.0,-29.7,False
2025-03-01,Sosenskoye,NAO,230100,253700,959,3.19,21.0,23.5,4,121050.0,-47.4,True
2025-03-01,Strogino,SZAO,390800,422300,1628,-1.67,21.0,23.5,6,340133.0,-13.0,False
2025-03-01,Sviblovo,SVAO,278400,301500,1160,-0.79,21.0,23.5,4,212950.0,-23.5,False
2025-03-01,Tagansky,CAO,557100,588200,2321,-0.07,21.0,23.5,2,387300.0,-30.5,False
2025-03-01,Timiryazevsky,SAO,342900,364600,1429,3.77,21.0,23.5,5,227300.0,-33.7,False
2025-03-01,Troitsk,TAO,152900,168700,637,-4.33,21.0,23.5,8,83375.0,-45.5,True
2025-03-01,Troparyovo-Nikulino,ZAO,415900,458400,1733,-1.46,21.0,23.5,7,275643.0,-33.7,False
2025-03-01,Tsaritsyno,YuAO,259100,286200,1079,1.04,21.0,23.5,3,188600.0,-27.2,False
2025-03-01,Tverskoy,CAO,739700,817900,3082,4.32,21.0,23.5,10,526920.0,-28.8,False
2025-03-01,Tyoply Stan,YuZAO,324000,347500,1350,-0.12,21.0,23.5,7,242243.0,-25.2,False
2025-03-01,Veshnyaki,VAO,249000,280800,1038,-3.0,21.0,23.5,3,161333.0,-35.2,False
2025-03-01,Vnukovo,ZAO,294500,333200,1227,0.62,21.0,23.5,7,158857.0,-46.1,False
2025-03-01,Vnukovskoye,NAO,221700,244000,924,-0.54,21.0,23.5,2,134750.0,-39.2,True
2025-03-01,Voronovskoye,TAO,116700,127200,486,-0.15,21.0,23.5,5,66340.0,-43.2,True
2025-03-01,Voskresenskoye,NAO,217600,238700,907,7.9,21.0,23.5,6,110383.0,-49.3,True
2025-03-01,Vostochnoye Izmaylovo,VAO,290700,328100,1211,2.0,21.0,23.5,3,172533.0,-40.6,False
2025-03-01,Vostochny,VAO,234800,260600,978,-0.87,21.0,23.5,3,131767.0,-43.9,False
2025-03-01,Voykovsky,SAO,311400,351000,1298,-0.76,21.0,23.5,4,233350.0,-25.1,False
2025-03-01,Yakimanka,CAO,707800,770800,2949,5.2,21.0,23.5,4,495150.0,-30.0,False
2025-03-01,Yaroslavsky,SVAO,276600,290900,1153,5.35,21.0,23.5,5,155280.0,-43.9,False
2025-03-01,Yasenevo,YuZAO,360700,372200,1503,-0.18,21.0,23.5,12,268633.0,-25.5,False
2025-03-01,Yuzhnoye Butovo,YuZAO,298600,320200,1244,-2.38,21.0,23.5,9,172056.0,-42.4,False
2025-03-01,Yuzhnoye Medvedkovo,SVAO,282200,317500,1176,0.85,21.0,23.5,7,186043.0,-34.1,False
2025-03-01,Yuzhnoye Tushino,SZAO,327600,361800,1365,-8.07,21.0,23.5,4,219975.0,-32.9,False
2025-03-01,Zamoskvorechye,CAO,634400,722600,2643,4.0,21.0,23.5,5,405480.0,-36.1,False
2025-03-01,Zapadnoye Degunino,SAO,267900,303700,1116,-1.52,21.0,23.5,5,159940.0,-40.3,False
2025-03-01,Zelenograd,ZelAO,176600,187800,736,-7.15,21.0,23.5,7,93057.0,-47.3,True
2025-03-01,Zyablikovo,YuAO,264000,286900,1100,6.28,21.0,23.5,5,139340.0,-47.2,False
2025-03-01,Zyuzino,YuZAO,367100,402000,1530,-1.42,21.0,23.5,10,253790.0,-30.9,False
2025-04-01,Aeroport,SAO,355900,390200,1483,1.9,21.0,23.5,2,242050.0,-32.0,False
2025-04-01,Akademichesky,YuZAO,430400,498800,1793,-0.57,21.0,23.5,5,243300.0,-43.5,False
2025-04-01,Alekseevsky,SVAO,325600,363700,1357,-8.46,21.0,23.5,4,256075.0,-21.4,False
2025-04-01,Altufyevsky,SVAO,269700,298700,1124,5.11,21.0,23.5,7,159871.0,-40.7,False
2025-04-01,Arbat,CAO,734400,838800,3060,4.89,21.0,23.5,6,505183.0,-31.2,False
2025-04-01,Babushkinsky,SVAO,295700,331300,1232,1.63,21.0,23.5,2,143750.0,-51.4,False
2025-04-01,Basmanny,CAO,564400,630400,2352,-0.89,21.0,23.5,5,384840.0,-31.8,False
2025-04-01,Begovoy,SAO,388400,440800,1618,-0.29,21.0,23.5,3,288433.0,-25.7,False
2025-04-01,Beskudnikovsky,SAO,260300,293000,1085,-5.36,21.0,23.5,7,147514.0,-43.3,False
2025-04-01,Bibirevo,SVAO,264600,275000,1102,0.52,21.0,23.5,5,144240.0,-45.5,False
2025-04-01,Biryulyovo Vostochnoye,YuAO,240700,273900,1003,-2.76,21.0,23.5,4,133050.0,-44.7,False
2025-04-01,Biryulyovo Zapadnoye,YuAO,232100,247300,967,-0.65,21.0,23.5,6,133600.0,-42.4,False
2025-04-01,Bogorodskoye,VAO,276600,315900,1153,2.08,21.0,23.5,3,147833.0,-46.6,False
2025-04-01,Brateyevo,YuAO,250600,278300,1044,-2.09,21.0,23.5,3,176800.0,-29.4,False
2025-04-01,Butyrsky,SVAO,328700,356200,1370,1.33,21.0,23.5,8,208813.0,-36.5,False
2025-04-01,Chertanovo Severnoye,YuAO,277000,290200,1154,-0.05,21.0,23.5,4,161875.0,-41.6,False
2025-04-01,Chertanovo Tsentralnoye,YuAO,270800,297000,1128,3.97,21.0,23.5,1,130700.0,-51.7,False
2025-04-01,Chertanovo Yuzhnoye,YuAO,252600,276200,1053,0.02,21.0,23.5,2,260550.0,3.1,False
2025-04-01,Cheryomushki,YuZAO,385000,423700,1604,-0.18,21.0,23.5,6,318350.0,-17.3,False
2025-04-01,Danilovsky,YuAO,341500,376200,1423,0.41,21.0,23.5,5,228960.0,-33.0,False
2025-04-01,Desyonovskoye,NAO,216700,236800,903,6.08,21.0,23.5,4,100050.0,-53.8,True
2025-04-01,Dmitrovsky,SAO,254800,281800,1062,-3.69,21.0,23.5,2,145250.0,-43.0,False
2025-04-01,Donskoy,YuAO,372100,390800,1551,-0.71,21.0,23.5,4,278300.0,-25.2,False
2025-04-01,Dorogomilovo,ZAO,553800,599100,2307,0.23,21.0,23.5,5,365380.0,-34.0,False
2025-04-01,Fili-Davydkovo,ZAO,403600,451100,1682,-4.05,21.0,23.5,3,271367.0,-32.8,False
2025-04-01,Filimonkovskoye,NAO,185100,201500,771,2.48,21.0,23.5,10,92910.0,-49.8,True
2025-04-01,Filyovsky Park,ZAO,443500,498500,1848,-0.73,21.0,23.5,6,296817.0,-33.1,False
2025-04-01,Gagarinsky,YuZAO,490000,527200,2042,4.08,21.0,23.5,6,331567.0,-32.3,False
2025-04-01,Golovinsky,SAO,294300,321200,1226,1.45,21.0,23.5,7,189800.0,-35.5,False
2025-04-01,Golyanovo,VAO,257000,278500,1071,-2.44,21.0,23.5,2,217800.0,-15.3,False
2025-04-01,Ivanovskoye,VAO,268300,295300,1118,0.52,21.0,23.5,7,161629.0,-39.8,False
2025-04-01,Izmaylovo,VAO,310700,337600,1295,-3.33,21.0,23.5,5,207060.0,-33.4,False
2025-04-01,Khamovniki,CAO,736300,784700,3068,-4.19,21.0,23.5,6,570383.0,-22.5,False
2025-04-01,Khoroshyovo-Mnyovniki,SZAO,399000,436400,1663,1.53,21.0,23.5,4,288075.0,-27.8,False
2025-04-01,Khoroshyovsky,SAO,393700,434900,1640,0.78,21.0,23.5,5,293520.0,-25.4,False
2025-04-01,Khovrino,SAO,268600,298100,1119,-1.74,21.0,23.5,7,150057.0,-44.1,False
2025-04-01,Kievsky,TAO,110900,119000,462,1.31,21.0,23.5,5,56300.0,-49.2,True
2025-04-01,Klyonovskoye,TAO,112300,121000,468,2.85,21.0,23.5,1,63200.0,-43.7,True
2025-04-01,Kokoshkino,NAO,185800,210500,774,5.59,21.0,23.5,3,102233.0,-45.0,True
2025-04-01,Konkovo,YuZAO,358700,398800,1495,1.68,21.0,23.5,3,226867.0,-36.8,False
2025-04-01,Koptevo,SAO,304100,328300,1267,4.64,21.0,23.5,2,171000.0,-43.8,False
2025-04-01,Kosino-Ukhtomsky,VAO,256700,285700,1070,0.64,21.0,23.5,4,153100.0,-40.4,False
2025-04-01,Kotlovka,YuZAO,392700,442900,1636,3.56,21.0,23.5,5,249820.0,-36.4,False
2025-04-01,Krasnopakhorskoye,TAO,127800,142300,533,-1.58,21.0,23.5,11,67900.0,-46.9,True
2025-04-01,Krasnoselsky,CAO,503800,569100,2099,-6.6,21.0,23.5,4,361475.0,-28.3,False
2025-04-01,Krylatskoye,SZAO,450800,491200,1879,-1.93,21.0,23.5,2,308050.0,-31.7,False
2025-04-01,Kuntsevo,ZAO,386400,423900,1610,1.62,21.0,23.5,7,210029.0,-45.6,False
2025-04-01,Kurkino,SZAO,373900,400100,1558,-2.51,21.0,23.5,12,191767.0,-48.7,False
2025-04-01,Levoberezhny,SAO,286700,320700,1195,-6.32,21.0,23.5,9,181756.0,-36.6,False
2025-04-01,Lianozovo,SVAO,266600,292400,1111,-2.41,21.0,23.5,6,147250.0,-44.8,False
2025-04-01,Lomonosovsky,YuZAO,453500,483100,1889,-4.27,21.0,23.5,5,369220.0,-18.6,False
2025-04-01,Losinoostrovsky,SVAO,287000,318400,1196,0.24,21.0,23.5,2,229650.0,-20.0,False
2025-04-01,Marfino,SVAO,284300,316500,1184,0.62,21.0,23.5,3,156633.0,-44.9,False
2025-04-01,Marushkinskoye,NAO,166900,178000,695,-1.88,21.0,23.5,4,86075.0,-48.4,True
2025-04-01,Maryina Roshcha,SVAO,352800,380300,1470,1.49,21.0,23.5,4,244725.0,-30.6,False
2025-04-01,Meshchansky,CAO,558200,638700,2326,2.03,21.0,23.5,7,430329.0,-22.9,False
2025-04-01,Metrogorodok,VAO,256200,286400,1068,-1.68,21.0,23.5,2,190150.0,-25.8,False
2025-04-01,Mikhaylovo-Yartsevskoye,TAO,115200,127300,480,2.83,21.0,23.5,4,63650.0,-44.7,True
2025-04-01,Mitino,SZAO,306800,345000,1278,-2.0,21.0,23.5,3,157700.0,-48.6,False
2025-04-01,Molzhaninovsky,SAO,241000,274600,1004,0.16,21.0,23.5,3,142667.0,-40.8,False
2025-04-01,Moskovsky,NAO,225200,252400,938,0.13,21.0,23.5,4,104100.0,-53.8,True
2025-04-01,Moskvorechye-Saburovo,YuAO,280800,312500,1170,3.73,21.0,23.5,3,177400.0,-36.8,False
2025-04-01,Mosrentgen,NAO,210300,232200,876,-6.06,21.0,23.5,4,159025.0,-24.4,True
2025-04-01,Mozhaysky,ZAO,382600,423500,1594,9.11,21.0,23.5,4,229450.0,-40.0,False
2025-04-01,Nagatino-Sadovniki,YuAO,325000,361900,1354,10.36,21.0,23.5,2,210100.0,-35.4,False
2025-04-01,Nagatinsky Zaton,YuAO,332700,363400,1386,-2.08,21.0,23.5,6,220967.0,-33.6,False
2025-04-01,Nagorny,YuAO,323500,359400,1348,1.58,21.0,23.5,1,231500.0,-28.4,False
2025-04-01,Novo-Peredelkino,ZAO,296700,328100,1236,1.44,21.0,23.5,7,173900.0,-41.4,False
2025-04-01,Novofyodorovskoye,TAO,110800,116200,462,4.02,21.0,23.5,1,54200.0,-51.1,True
2025-04-01,Novogireyevo,VAO,286800,319700,1195,2.7,21.0,23.5,5,203320.0,-29.1,False
2025-04-01,Novokosino,VAO,275400,291400,1147,6.55,21.0,23.5,10,179140.0,-35.0,False
2025-04-01,Obruchevsky,YuZAO,388900,427600,1620,1.1,21.0,23.5,5,290680.0,-25.3,False
2025-04-01,Ochakovo-Matveyevskoye,ZAO,357900,412800,1491,-3.63,21.0,23.5,6,232267.0,-35.1,False
2025-04-01,Orekhovo-Borisovo Severnoye,YuAO,252900,277700,1054,-3.14,21.0,23.5,6,133717.0,-47.1,False
2025-04-01,Orekhovo-Borisovo Yuzhnoye,YuAO,251300,280100,1047,-0.15,21.0,23.5,4,161025.0,-35.9,False
2025-04-01,Ostankinsky,SVAO,346600,381100,1444,0.76,21.0,23.5,4,222125.0,-35.9,False
2025-04-01,Otradnoye,SVAO,296900,324000,1237,3.47,21.0,23.5,4,182425.0,-38.6,False
2025-04-01,Perovo,VAO,277300,311200,1155,-1.31,21.0,23.5,5,214340.0,-22.7,False
2025-04-01,Pervomayskoye,TAO,119900,124300,499,-0.83,21.0,23.5,3,60233.0,-49.8,True
2025-04-01,Pokrovskoye-Streshnevo,SZAO,345300,385000,1439,0.83,21.0,23.5,2,238050.0,-31.1,False
2025-04-01,Preobrazhenskoye,VAO,309900,354100,1291,-0.98,21.0,23.5,4,269025.0,-13.2,False
2025-04-01,Presnensky,CAO,687300,740200,2864,-1.89,21.0,23.5,7,532200.0,-22.6,False
2025-04-01,Prospekt Vernadskogo,ZAO,496500,553700,2069,8.13,21.0,23.5,3,344667.0,-30.6,False
2025-04-01,Ramenki,ZAO,481100,530100,2005,-0.26,21.0,23.5,5,265720.0,-44.8,False
2025-04-01,Rogovskoye,TAO,104600,118600,436,-5.23,21.0,23.5,6,61533.0,-41.2,True
2025-04-01,Rostokino,SVAO,302300,331700,1259,3.42,21.0,23.5,5,175640.0,-41.9,False
2025-04-01,Ryazanovskoye,NAO,179900,197600,749,4.55,21.0,23.5,1,62600.0,-65.2,True
2025-04-01,Savyolovsky,SAO,345600,379000,1440,-10.03,21.0,23.5,1,197800.0,-42.8,False
2025-04-01,Severnoye Butovo,YuZAO,306400,336800,1277,-3.43,21.0,23.5,7,177843.0,-42.0,False
2025-04-01,Severnoye Izmaylovo,VAO,284700,321700,1186,-2.14,21.0,23.5,4,184975.0,-35.0,False
2025-04-01,Severnoye Medvedkovo,SVAO,276600,307700,1152,-6.03,21.0,23.5,5,162420.0,-41.3,False
2025-04-01,Severnoye Tushino,SZAO,327200,354400,1363,4.8,21.0,23.5,11,200091.0,-38.8,False
2025-04-01,Severny,SVAO,246700,268400,1028,-2.92,21.0,23.5,2,128050.0,-48.1,False
2025-04-01,Shchapovskoye,TAO,113400,125800,472,-4.4,21.0,23.5,3,58233.0,-48.6,True
2025-04-01,Shcherbinka,NAO,208000,231400,867,2.11,21.0,23.5,5,94860.0,-54.4,True
2025-04-01,Shchukino,SZAO,401100,455700,1671,1.2,21.0,23.5,8,288863.0,-28.0,False
2025-04-01,Sokol,SAO,373800,401200,1557,-2.49,21.0,23.5,7,252257.0,-32.5,False
2025-04-01,Sokolinaya Gora,VAO,269100,285900,1121,-1.68,21.0,23.5,1,179100.0,-33.4,False
2025-04-01,Sokolniki,VAO,327600,358700,1365,-3.47,21.0,23.5,5,261960.0,-20.0,False
2025-04-01,Solntsevo,ZAO,305900,348600,1275,-3.11,21.0,23.5,7,178071.0,-41.8,False
2025-04-01,Sosenskoye,NAO,217500,251000,906,-5.47,21.0,23.5,4,106900.0,-50.9,True
2025-04-01,Strogino,SZAO,407500,438600,1698,4.28,21.0,23.5,3,293567.0,-28.0,False
2025-04-01,Sviblovo,SVAO,270900,290800,1129,-2.67,21.0,23.5,7,193243.0,-28.7,False
2025-04-01,Tagansky,CAO,542200,590600,2259,-2.69,21.0,23.5,5,474240.0,-12.5,False
2025-04-01,Timiryazevsky,SAO,336200,371900,1401,-1.96,21.0,23.5,4,227300.0,-32.4,False
2025-04-01,Troitsk,TAO,154400,166400,643,0.98,21.0,23.5,4,96100.0,-37.8,True
2025-04-01,Troparyovo-Nikulino,ZAO,422000,468400,1758,1.46,21.0,23.5,4,260025.0,-38.4,False
2025-04-01,Tsaritsyno,YuAO,265300,284300,1105,2.41,21.0,23.5,6,155150.0,-41.5,False
2025-04-01,Tverskoy,CAO,693100,756100,2888,-6.29,21.0,23.5,2,484450.0,-30.1,False
2025-04-01,Tyoply Stan,YuZAO,324600,356100,1353,0.19,21.0,23.5,6,238433.0,-26.5,False
2025-04-01,Veshnyaki,VAO,251900,273200,1050,1.16,21.0,23.5,7,155614.0,-38.2,False
2025-04-01,Vnukovo,ZAO,287100,316000,1196,-2.51,21.0,23.5,3,157333.0,-45.2,False
2025-04-01,Vnukovskoye,NAO,228200,257500,951,2.92,21.0,23.5,1,131200.0,-42.5,True
2025-04-01,Voronovskoye,TAO,112400,118900,468,-3.65,21.0,23.5,3,84867.0,-24.5,True
2025-04-01,Voskresenskoye,NAO,204500,219300,852,-6.0,21.0,23.5,5,105500.0,-48.4,True
2025-04-01,Vostochnoye Izmaylovo,VAO,268400,288600,1118,-7.68,21.0,23.5,7,178200.0,-33.6,False
2025-04-01,Vostochny,VAO,240800,262000,1003,2.57,21.0,23.5,5,150820.0,-37.4,False
2025-04-01,Voykovsky,SAO,316300,347900,1318,1.57,21.0,23.5,7,226400.0,-28.4,False
2025-04-01,Yakimanka,CAO,685700,742900,2857,-3.11,21.0,23.5,8,506975.0,-26.1,False
2025-04-01,Yaroslavsky,SVAO,264000,291000,1100,-4.55,21.0,23.5,5,157220.0,-40.4,False
2025-04-01,Yasenevo,YuZAO,353600,393300,1473,-1.95,21.0,23.5,9,323844.0,-8.4,False
2025-04-01,Yuzhnoye Butovo,YuZAO,318300,359200,1326,6.59,21.0,23.5,4,171550.0,-46.1,False
2025-04-01,Yuzhnoye Medvedkovo,SVAO,279000,303200,1162,-1.14,21.0,23.5,4,154700.0,-44.6,False
2025-04-01,Yuzhnoye Tushino,SZAO,330800,351000,1378,0.97,21.0,23.5,2,190250.0,-42.5,False
2025-04-01,Zamoskvorechye,CAO,585300,638700,2439,-7.74,21.0,23.5,6,458267.0,-21.7,False
2025-04-01,Zapadnoye Degunino,SAO,272000,300900,1133,1.53,21.0,23.5,4,169375.0,-37.7,False
2025-04-01,Zelenograd,ZelAO,186600,208000,778,5.66,21.0,23.5,8,84463.0,-54.7,True
2025-04-01,Zyablikovo,YuAO,246300,271100,1026,-6.73,21.0,23.5,2,131900.0,-46.4,False
2025-04-01,Zyuzino,YuZAO,379800,418000,1582,3.44,21.0,23.5,4,256800.0,-32.4,False
2025-05-01,Aeroport,SAO,330800,370800,1378,-7.05,21.0,23.5,6,238267.0,-28.0,False
2025-05-01,Akademichesky,YuZAO,438300,492200,1826,1.84,21.0,23.5,7,312186.0,-28.8,False
2025-05-01,Alekseevsky,SVAO,351300,402000,1464,7.9,21.0,23.5,5,300220.0,-14.5,False
2025-05-01,Altufyevsky,SVAO,267600,296000,1115,-0.8,21.0,23.5,6,160500.0,-40.0,False
2025-05-01,Arbat,CAO,746000,815400,3108,1.58,21.0,23.5,2,553400.0,-25.8,False
2025-05-01,Babushkinsky,SVAO,292600,323100,1219,-1.05,21.0,23.5,3,173067.0,-40.9,False
2025-05-01,Basmanny,CAO,556400,619600,2318,-1.42,21.0,23.5,4,359525.0,-35.4,False
2025-05-01,Begovoy,SAO,378700,419200,1578,-2.51,21.0,23.5,11,303236.0,-19.9,False
2025-05-01,Beskudnikovsky,SAO,268800,299300,1120,3.27,21.0,23.5,5,173140.0,-35.6,False
2025-05-01,Bibirevo,SVAO,277200,291300,1155,4.79,21.0,23.5,5,167840.0,-39.5,False
2025-05-01,Biryulyovo Vostochnoye,YuAO,246700,267300,1028,2.47,21.0,23.5,5,140200.0,-43.2,False
2025-05-01,Biryulyovo Zapadnoye,YuAO,242100,268700,1009,4.31,21.0,23.5,5,132520.0,-45.3,False
2025-05-01,Bogorodskoye,VAO,283800,307300,1183,2.6,21.0,23.5,9,181411.0,-36.1,False
2025-05-01,Brateyevo,YuAO,251200,276200,1047,0.22,21.0,23.5,5,177940.0,-29.2,False
2025-05-01,Butyrsky,SVAO,314400,338700,1310,-4.35,21.0,23.5,4,228825.0,-27.2,False
2025-05-01,Chertanovo Severnoye,YuAO,283900,300200,1183,2.5,21.0,23.5,2,148900.0,-47.6,False
2025-05-01,Chertanovo Tsentralnoye,YuAO,261300,305700,1089,-3.5,21.0,23.5,3,149633.0,-42.7,False
2025-05-01,Chertanovo Yuzhnoye,YuAO,248000,273700,1034,-1.81,21.0,23.5,6,205933.0,-17.0,False
2025-05-01,Cheryomushki,YuZAO,395200,429100,1647,2.63,21.0,23.5,5,293460.0,-25.7,False
2025-05-01,Danilovsky,YuAO,334400,370700,1393,-2.08,21.0,23.5,7,252657.0,-24.4,False
2025-05-01,Desyonovskoye,NAO,210400,220800,877,-2.9,21.0,23.5,5,102500.0,-51.3,True
2025-05-01,Dmitrovsky,SAO,259700,284600,1082,1.95,21.0,23.5,0,,,False
2025-05-01,Donskoy,YuAO,367800,406400,1533,-1.15,21.0,23.5,7,253429.0,-31.1,False
2025-05-01,Dorogomilovo,ZAO,562900,623300,2345,1.65,21.0,23.5,4,404850.0,-28.1,False
2025-05-01,Fili-Davydkovo,ZAO,408000,423800,1700,1.08,21.0,23.5,8,311250.0,-23.7,False
2025-05-01,Filimonkovskoye,NAO,189700,206900,790,2.48,21.0,23.5,8,92375.0,-51.3,True
2025-05-01,Filyovsky Park,ZAO,438400,485700,1827,-1.15,21.0,23.5,6,339000.0,-22.7,False
2025-05-01,Gagarinsky,YuZAO,481000,531700,2004,-1.85,21.0,23.5,1,291100.0,-39.5,False
2025-05-01,Golovinsky,SAO,294000,328600,1225,-0.12,21.0,23.5,5,176140.0,-40.1,False
2025-05-01,Golyanovo,VAO,257700,276900,1074,0.29,21.0,23.5,4,173600.0,-32.6,False
2025-05-01,Ivanovskoye,VAO,273700,308700,1141,2.04,21.0,23.5,5,172820.0,-36.9,False
2025-05-01,Izmaylovo,VAO,305700,350400,1274,-1.62,21.0,23.5,9,227211.0,-25.7,False
2025-05-01,Khamovniki,CAO,750300,845900,3126,1.9,21.0,23.5,3,521267.0,-30.5,False
2025-05-01,Khoroshyovo-Mnyovniki,SZAO,395100,450600,1646,-1.0,21.0,23.5,4,222650.0,-43.6,False
2025-05-01,Khoroshyovsky,SAO,396000,444100,1650,0.58,21.0,23.5,4,299575.0,-24.3,False
2025-05-01,Khovrino,SAO,278300,301100,1160,3.6,21.0,23.5,4,149125.0,-46.4,False
2025-05-01,Kievsky,TAO,108900,116900,454,-1.79,21.0,23.5,8,57550.0,-47.2,True
2025-05-01,Klyonovskoye,TAO,106400,119200,444,-5.2,21.0,23.5,5,59020.0,-44.5,True
2025-05-01,Kokoshkino,NAO,178000,201400,742,-4.19,21.0,23.5,6,99500.0,-44.1,True
2025-05-01,Konkovo,YuZAO,373500,411400,1556,4.13,21.0,23.5,4,218100.0,-41.6,False
2025-05-01,Koptevo,SAO,302600,323100,1261,-0.5,21.0,23.5,2,156500.0,-48.3,False
2025-05-01,Kosino-Ukhtomsky,VAO,243300,280000,1014,-5.22,21.0,23.5,7,154200.0,-36.6,False
2025-05-01,Kotlovka,YuZAO,386000,424000,1608,-1.68,21.0,23.5,2,293200.0,-24.0,False
2025-05-01,Krasnopakhorskoye,TAO,126300,134800,526,-1.22,21.0,23.5,12,65450.0,-48.2,True
2025-05-01,Krasnoselsky,CAO,536300,597800,2235,6.46,21.0,23.5,5,390360.0,-27.2,False
2025-05-01,Krylatskoye,SZAO,452300,499900,1884,0.32,21.0,23.5,2,283200.0,-37.4,False
2025-05-01,Kuntsevo,ZAO,403900,459000,1683,4.53,21.0,23.5,1,172100.0,-57.4,False
2025-05-01,Kurkino,SZAO,386900,440900,1612,3.47,21.0,23.5,4,199675.0,-48.4,False
2025-05-01,Levoberezhny,SAO,288000,317200,1200,0.45,21.0,23.5,4,196950.0,-31.6,False
2025-05-01,Lianozovo,SVAO,271500,288900,1131,1.86,21.0,23.5,5,156460.0,-42.4,False
2025-05-01,Lomonosovsky,YuZAO,494600,541300,2061,9.07,21.0,23.5,6,281400.0,-43.1,False
2025-05-01,Losinoostrovsky,SVAO,281000,301500,1171,-2.08,21.0,23.5,5,151380.0,-46.1,False
2025-05-01,Marfino,SVAO,286600,326400,1194,0.81,21.0,23.5,4,182925.0,-36.2,False
2025-05-01,Marushkinskoye,NAO,165500,188300,690,-0.84,21.0,23.5,7,90357.0,-45.4,True
2025-05-01,Maryina Roshcha,SVAO,351600,381200,1465,-0.35,21.0,23.5,9,272578.0,-22.5,False
2025-05-01,Meshchansky,CAO,576500,618300,2402,3.27,21.0,23.5,7,449786.0,-22.0,False
2025-05-01,Metrogorodok,VAO,252000,272600,1050,-1.63,21.0,23.5,6,195817.0,-22.3,False
2025-05-01,Mikhaylovo-Yartsevskoye,TAO,111800,124400,466,-2.97,21.0,23.5,5,61000.0,-45.4,True
2025-05-01,Mitino,SZAO,332500,362000,1385,8.37,21.0,23.5,6,213317.0,-35.8,False
2025-05-01,Molzhaninovsky,SAO,234900,247600,979,-2.54,21.0,23.5,8,121525.0,-48.3,False
2025-05-01,Moskovsky,NAO,231300,246900,964,2.69,21.0,23.5,6,113217.0,-51.1,True
2025-05-01,Moskvorechye-Saburovo,YuAO,291300,323300,1214,3.75,21.0,23.5,2,159750.0,-45.2,False
2025-05-01,Mosrentgen,NAO,221400,245200,922,5.25,21.0,23.5,3,145000.0,-34.5,True
2025-05-01,Mozhaysky,ZAO,363200,394600,1513,-5.06,21.0,23.5,1,172900.0,-52.4,False
2025-05-01,Nagatino-Sadovniki,YuAO,315000,351500,1313,-3.06,21.0,23.5,9,213400.0,-32.3,False
2025-05-01,Nagatinsky Zaton,YuAO,327800,362900,1366,-1.47,21.0,23.5,4,190675.0,-41.8,False
2025-05-01,Nagorny,YuAO,311900,347800,1299,-3.58,21.0,23.5,6,257700.0,-17.4,False
2025-05-01,Novo-Peredelkino,ZAO,288200,325200,1201,-2.86,21.0,23.5,2,137450.0,-52.3,False
2025-05-01,Novofyodorovskoye,TAO,109800,115800,458,-0.88,21.0,23.5,3,55300.0,-49.6,True
2025-05-01,Novogireyevo,VAO,281600,316100,1173,-1.82,21.0,23.5,11,206091.0,-26.8,False
2025-05-01,Novokosino,VAO,269400,301800,1122,-2.18,21.0,23.5,5,137240.0,-49.1,False
2025-05-01,Obruchevsky,YuZAO,401600,442400,1673,3.27,21.0,23.5,10,251850.0,-37.3,False
2025-05-01,Ochakovo-Matveyevskoye,ZAO,367900,398600,1533,2.81,21.0,23.5,2,225200.0,-38.8,False
2025-05-01,Orekhovo-Borisovo Severnoye,YuAO,241800,256700,1007,-4.4,21.0,23.5,6,152683.0,-36.9,False
2025-05-01,Orekhovo-Borisovo Yuzhnoye,YuAO,255200,270600,1063,1.53,21.0,23.5,5,155940.0,-38.9,False
2025-05-01,Ostankinsky,SVAO,354300,389100,1476,2.24,21.0,23.5,6,230850.0,-34.8,False
2025-05-01,Otradnoye,SVAO,296300,310600,1235,-0.2,21.0,23.5,4,195000.0,-34.2,False
2025-05-01,Perovo,VAO,290400,315400,1210,4.72,21.0,23.5,1,293800.0,1.2,False
2025-05-01,Pervomayskoye,TAO,123400,130300,514,2.99,21.0,23.5,7,68271.0,-44.7,True
2025-05-01,Pokrovskoye-Streshnevo,SZAO,346300,374500,1443,0.28,21.0,23.5,6,213767.0,-38.3,False
2025-05-01,Preobrazhenskoye,VAO,310300,324200,1293,0.12,21.0,23.5,5,298740.0,-3.7,False
2025-05-01,Presnensky,CAO,708100,763100,2950,3.02,21.0,23.5,5,526980.0,-25.6,False
2025-05-01,Prospekt Vernadskogo,ZAO,495400,521000,2064,-0.23,21.0,23.5,11,350082.0,-29.3,False
2025-05-01,Ramenki,ZAO,517200,573900,2155,7.5,21.0,23.5,4,279050.0,-46.0,False
2025-05-01,Rogovskoye,TAO,112200,124300,468,7.26,21.0,23.5,1,69200.0,-38.3,True
2025-05-01,Rostokino,SVAO,277200,313200,1155,-8.31,21.0,23.5,4,212175.0,-23.5,False
2025-05-01,Ryazanovskoye,NAO,178500,198400,744,-0.78,21.0,23.5,5,107920.0,-39.5,True
2025-05-01,Savyolovsky,SAO,376400,409600,1568,8.92,21.0,23.5,4,273850.0,-27.2,False
2025-05-01,Severnoye Butovo,YuZAO,332500,371400,1385,8.5,21.0,23.5,4,178325.0,-46.4,False
2025-05-01,Severnoye Izmaylovo,VAO,289000,312900,1204,1.49,21.0,23.5,4,253700.0,-12.2,False
2025-05-01,Severnoye Medvedkovo,SVAO,293800,331200,1224,6.23,21.0,23.5,4,159950.0,-45.6,False
2025-05-01,Severnoye Tushino,SZAO,330800,362900,1378,1.12,21.0,23.5,3,181500.0,-45.1,False
2025-05-01,Severny,SVAO,242600,268400,1011,-1.66,21.0,23.5,4,116225.0,-52.1,False
2025-05-01,Shchapovskoye,TAO,113700,123900,474,0.26,21.0,23.5,6,65283.0,-42.6,True
2025-05-01,Shcherbinka,NAO,210300,233200,876,1.13,21.0,23.5,7,115600.0,-45.0,True
2025-05-01,Shchukino,SZAO,412400,438000,1718,2.8,21.0,23.5,5,222400.0,-46.1,False
2025-05-01,Sokol,SAO,368800,413700,1537,-1.34,21.0,23.5,5,276980.0,-24.9,False
2025-05-01,Sokolinaya Gora,VAO,282900,303200,1179,5.16,21.0,23.5,6,180967.0,-36.0,False
2025-05-01,Sokolniki,VAO,334300,382800,1393,2.04,21.0,23.5,7,236214.0,-29.3,False
2025-05-01,Solntsevo,ZAO,341300,376600,1422,11.57,21.0,23.5,3,227733.0,-33.3,False
2025-05-01,Sosenskoye,NAO,220300,248600,918,1.31,21.0,23.5,3,134867.0,-38.8,True
2025-05-01,Strogino,SZAO,408400,448700,1701,0.21,21.0,23.5,3,300967.0,-26.3,False
2025-05-01,Sviblovo,SVAO,284800,300300,1186,5.11,21.0,23.5,9,211411.0,-25.8,False
2025-05-01,Tagansky,CAO,566400,653800,2360,4.47,21.0,23.5,4,394775.0,-30.3,False
2025-05-01,Timiryazevsky,SAO,338200,367300,1409,0.6,21.0,23.5,1,258000.0,-23.7,False
2025-05-01,Troitsk,TAO,158000,172500,658,2.33,21.0,23.5,6,76200.0,-51.8,True
2025-05-01,Troparyovo-Nikulino,ZAO,435600,475700,1815,3.22,21.0,23.5,6,267900.0,-38.5,False
2025-05-01,Tsaritsyno,YuAO,287800,316700,1199,8.48,21.0,23.5,4,161675.0,-43.8,False
2025-05-01,Tverskoy,CAO,748600,813100,3119,8.01,21.0,23.5,4,550575.0,-26.5,False
2025-05-01,Tyoply Stan,YuZAO,320200,349900,1334,-1.37,21.0,23.5,8,222575.0,-30.5,False
2025-05-01,Veshnyaki,VAO,257600,283600,1073,2.26,21.0,23.5,5,138780.0,-46.1,False
2025-05-01,Vnukovo,ZAO,291200,313700,1213,1.4,21.0,23.5,7,159843.0,-45.1,False
2025-05-01,Vnukovskoye,NAO,220200,237400,917,-3.53,21.0,23.5,5,129980.0,-41.0,True
2025-05-01,Voronovskoye,TAO,113100,129200,471,0.58,21.0,23.5,13,58454.0,-48.3,True
2025-05-01,Voskresenskoye,NAO,219100,230900,913,7.13,21.0,23.5,5,101100.0,-53.9,True
2025-05-01,Vostochnoye Izmaylovo,VAO,279400,308500,1164,4.11,21.0,23.5,2,150400.0,-46.2,False
2025-05-01,Vostochny,VAO,231400,262400,964,-3.93,21.0,23.5,7,134500.0,-41.9,False
2025-05-01,Voykovsky,SAO,311700,339700,1299,-1.48,21.0,23.5,7,255257.0,-18.1,False
2025-05-01,Yakimanka,CAO,665500,751400,2773,-2.96,21.0,23.5,7,499471.0,-24.9,False
2025-05-01,Yaroslavsky,SVAO,267000,286800,1112,1.12,21.0,23.5,5,156880.0,-41.2,False
2025-05-01,Yasenevo,YuZAO,352900,381600,1470,-0.22,21.0,23.5,6,302333.0,-14.3,False
2025-05-01,Yuzhnoye Butovo,YuZAO,295000,338100,1229,-7.32,21.0,23.5,9,159922.0,-45.8,False
2025-05-01,Yuzhnoye Medvedkovo,SVAO,289300,330700,1205,3.69,21.0,23.5,8,165663.0,-42.7,False
2025-05-01,Yuzhnoye Tushino,SZAO,322400,345700,1343,-2.54,21.0,23.5,4,186400.0,-42.2,False
2025-05-01,Zamoskvorechye,CAO,578300,627500,2409,-1.2,21.0,23.5,7,488071.0,-15.6,False
2025-05-01,Zapadnoye Degunino,SAO,270300,296300,1126,-0.61,21.0,23.5,5,164960.0,-39.0,False
2025-05-01,Zelenograd,ZelAO,195100,213600,813,4.53,21.0,23.5,5,108360.0,-44.5,True
2025-05-01,Zyablikovo,YuAO,248500,269100,1035,0.89,21.0,23.5,4,149025.0,-40.0,False
2025-05-01,Zyuzino,YuZAO,363300,383300,1514,-4.35,21.0,23.5,10,214390.0,-41.0,False
2025-06-01,Aeroport,SAO,357500,400600,1490,8.08,21.0,23.5,6,208817.0,-41.6,False
2025-06-01,Akademichesky,YuZAO,431700,459000,1799,-1.49,21.0,23.5,9,287500.0,-33.4,False
2025-06-01,Alekseevsky,SVAO,346400,383200,1443,-1.39,21.0,23.5,10,237480.0,-31.4,False
2025-06-01,Altufyevsky,SVAO,254400,273800,1060,-4.94,21.0,23.5,0,,,False
2025-06-01,Arbat,CAO,723800,808300,3016,-2.98,21.0,23.5,17,560029.0,-22.6,False
2025-06-01,Babushkinsky,SVAO,278100,316400,1159,-4.96,21.0,23.5,1,142400.0,-48.8,False
2025-06-01,Basmanny,CAO,546600,605800,2278,-1.75,21.0,23.5,5,422800.0,-22.6,False
2025-06-01,Begovoy,SAO,403500,447900,1681,6.56,21.0,23.5,4,272325.0,-32.5,False
2025-06-01,Beskudnikovsky,SAO,279200,305000,1163,3.85,21.0,23.5,10,170190.0,-39.0,False
2025-06-01,Bibirevo,SVAO,284200,332400,1184,2.52,21.0,23.5,4,174700.0,-38.5,False
2025-06-01,Biryulyovo Vostochnoye,YuAO,240300,264000,1001,-2.59,21.0,23.5,6,136950.0,-43.0,False
2025-06-01,Biryulyovo Zapadnoye,YuAO,248100,272700,1034,2.46,21.0,23.5,5,129100.0,-48.0,False
2025-06-01,Bogorodskoye,VAO,293400,329400,1222,3.37,21.0,23.5,4,222850.0,-24.0,False
2025-06-01,Brateyevo,YuAO,247800,262800,1032,-1.35,21.0,23.5,5,128600.0,-48.1,False
2025-06-01,Butyrsky,SVAO,323100,345500,1346,2.75,21.0,23.5,2,225000.0,-30.4,False
2025-06-01,Chertanovo Severnoye,YuAO,273300,292600,1139,-3.72,21.0,23.5,3,182233.0,-33.3,False
2025-06-01,Chertanovo Tsentralnoye,YuAO,265200,297900,1105,1.46,21.0,23.5,7,182286.0,-31.3,False
2025-06-01,Chertanovo Yuzhnoye,YuAO,257700,282500,1074,3.89,21.0,23.5,7,194214.0,-24.6,False
2025-06-01,Cheryomushki,YuZAO,385900,423400,1608,-2.35,21.0,23.5,6,345183.0,-10.6,False
2025-06-01,Danilovsky,YuAO,372900,434200,1554,11.52,21.0,23.5,3,262933.0,-29.5,False
2025-06-01,Desyonovskoye,NAO,198700,217900,828,-5.56,21.0,23.5,4,125900.0,-36.6,True
2025-06-01,Dmitrovsky,SAO,263800,288600,1099,1.55,21.0,23.5,7,160543.0,-39.1,False
2025-06-01,Donskoy,YuAO,372600,412500,1552,1.29,21.0,23.5,4,261650.0,-29.8,False
2025-06-01,Dorogomilovo,ZAO,575500,642300,2398,2.23,21.0,23.5,6,452733.0,-21.3,False
2025-06-01,Fili-Davydkovo,ZAO,419300,449200,1747,2.78,21.0,23.5,4,331325.0,-21.0,False
2025-06-01,Filimonkovskoye,NAO,178300,186000,743,-6.0,21.0,23.5,7,91400.0,-48.7,True
2025-06-01,Filyovsky Park,ZAO,447400,497400,1864,2.05,21.0,23.5,7,296743.0,-33.7,False
2025-06-01,Gagarinsky,YuZAO,477100,530500,1988,-0.82,21.0,23.5,5,328600.0,-31.1,False
2025-06-01,Golovinsky,SAO,286600,319000,1194,-2.5,21.0,23.5,11,197300.0,-31.2,False
2025-06-01,Golyanovo,VAO,258100,279600,1076,0.16,21.0,23.5,3,211700.0,-18.0,False
2025-06-01,Ivanovskoye,VAO,272300,293200,1135,-0.53,21.0,23.5,2,181300.0,-33.4,False
2025-06-01,Izmaylovo,VAO,315100,379400,1313,3.08,21.0,23.5,5,199280.0,-36.8,False
2025-06-01,Khamovniki,CAO,785500,841600,3273,4.7,21.0,23.5,9,577800.0,-26.4,False
2025-06-01,Khoroshyovo-Mnyovniki,SZAO,394800,446100,1645,-0.06,21.0,23.5,5,270780.0,-31.4,False
2025-06-01,Khoroshyovsky,SAO,411400,451800,1714,3.9,21.0,23.5,5,299680.0,-27.2,False
2025-06-01,Khovrino,SAO,277600,305000,1157,-0.25,21.0,23.5,3,178867.0,-35.6,False
2025-06-01,Kievsky,TAO,110200,115800,459,1.19,21.0,23.5,4,57025.0,-48.3,True
2025-06-01,Klyonovskoye,TAO,109300,120900,455,2.66,21.0,23.5,4,57625.0,-47.3,True
2025-06-01,Kokoshkino,NAO,174900,197500,729,-1.71,21.0,23.5,9,84478.0,-51.7,True
2025-06-01,Konkovo,YuZAO,361500,390300,1506,-3.21,21.0,23.5,8,227413.0,-37.1,False
2025-06-01,Koptevo,SAO,310000,344400,1292,2.43,21.0,23.5,4,164250.0,-47.0,False
2025-06-01,Kosino-Ukhtomsky,VAO,248900,268400,1037,2.3,21.0,23.5,4,140650.0,-43.5,False
2025-06-01,Kotlovka,YuZAO,377800,397500,1574,-2.13,21.0,23.5,4,205575.0,-45.6,False
2025-06-01,Krasnopakhorskoye,TAO,130900,142900,545,3.67,21.0,23.5,3,54667.0,-58.2,True
2025-06-01,Krasnoselsky,CAO,540700,584500,2253,0.81,21.0,23.5,2,467200.0,-13.6,False
2025-06-01,Krylatskoye,SZAO,433800,464200,1807,-4.09,21.0,23.5,8,269900.0,-37.8,False
2025-06-01,Kuntsevo,ZAO,388900,422800,1620,-3.73,21.0,23.5,4,248050.0,-36.2,False
2025-06-01,Kurkino,SZAO,364200,400800,1517,-5.87,21.0,23.5,3,195100.0,-46.4,False
2025-06-01,Levoberezhny,SAO,291500,337500,1215,1.22,21.0,23.5,4,182800.0,-37.3,False
2025-06-01,Lianozovo,SVAO,260000,276100,1083,-4.24,21.0,23.5,4,148950.0,-42.7,False
2025-06-01,Lomonosovsky,YuZAO,493500,549000,2056,-0.22,21.0,23.5,7,373714.0,-24.3,False
2025-06-01,Losinoostrovsky,SVAO,281600,308800,1173,0.21,21.0,23.5,5,150980.0,-46.4,False
2025-06-01,Marfino,SVAO,281500,306200,1173,-1.77,21.0,23.5,2,186850.0,-33.6,False
2025-06-01,Marushkinskoye,NAO,160800,180000,670,-2.83,21.0,23.5,6,74567.0,-53.6,True
2025-06-01,Maryina Roshcha,SVAO,330600,356400,1378,-5.96,21.0,23.5,3,252067.0,-23.8,False
2025-06-01,Meshchansky,CAO,569600,647500,2373,-1.19,21.0,23.5,5,491720.0,-13.7,False
2025-06-01,Metrogorodok,VAO,249100,281300,1038,-1.17,21.0,23.5,3,167533.0,-32.7,False
2025-06-01,Mikhaylovo-Yartsevskoye,TAO,116200,127200,484,3.93,21.0,23.5,5,56720.0,-51.2,True
2025-06-01,Mitino,SZAO,313100,345700,1305,-5.82,21.0,23.5,4,235700.0,-24.7,False
2025-06-01,Molzhaninovsky,SAO,239700,257100,999,2.03,21.0,23.5,6,123117.0,-48.6,False
2025-06-01,Moskovsky,NAO,219700,247100,915,-5.0,21.0,23.5,2,122400.0,-44.3,True
2025-06-01,Moskvorechye-Saburovo,YuAO,283200,324600,1180,-2.8,21.0,23.5,5,189840.0,-33.0,False
2025-06-01,Mosrentgen,NAO,225100,241700,938,1.69,21.0,23.5,6,147950.0,-34.3,True
2025-06-01,Mozhaysky,ZAO,359500,393600,1498,-1.01,21.0,23.5,6,218667.0,-39.2,False
2025-06-01,Nagatino-Sadovniki,YuAO,297100,326900,1238,-5.67,21.0,23.5,4,194050.0,-34.7,False
2025-06-01,Nagatinsky Zaton,YuAO,349300,396200,1455,6.56,21.0,23.5,4,204000.0,-41.6,False
2025-06-01,Nagorny,YuAO,322100,346800,1342,3.27,21.0,23.5,3,183500.0,-43.0,False
2025-06-01,Novo-Peredelkino,ZAO,304000,348700,1267,5.47,21.0,23.5,6,156067.0,-48.7,False
2025-06-01,Novofyodorovskoye,TAO,109800,117700,458,0.01,21.0,23.5,6,52567.0,-52.1,True
2025-06-01,Novogireyevo,VAO,285200,319500,1188,1.29,21.0,23.5,3,173867.0,-39.0,False
2025-06-01,Novokosino,VAO,265600,289200,1107,-1.39,21.0,23.5,5,172840.0,-34.9,False
2025-06-01,Obruchevsky,YuZAO,399600,450500,1665,-0.51,21.0,23.5,5,259440.0,-35.1,False
2025-06-01,Ochakovo-Matveyevskoye,ZAO,360500,408700,1502,-2.02,21.0,23.5,4,215350.0,-40.3,False
2025-06-01,Orekhovo-Borisovo Severnoye,YuAO,249700,278300,1040,3.29,21.0,23.5,5,140880.0,-43.6,False
2025-06-01,Orekhovo-Borisovo Yuzhnoye,YuAO,247400,265400,1031,-3.05,21.0,23.5,6,162117.0,-34.5,False
2025-06-01,Ostankinsky,SVAO,337300,387600,1405,-4.81,21.0,23.5,7,248214.0,-26.4,False
2025-06-01,Otradnoye,SVAO,289400,321600,1206,-2.34,21.0,23.5,8,182363.0,-37.0,False
2025-06-01,Perovo,VAO,279100,320400,1163,-3.89,21.0,23.5,7,256071.0,-8.3,False
2025-06-01,Pervomayskoye,TAO,122300,138900,510,-0.89,21.0,23.5,1,71200.0,-41.8,True
2025-06-01,Pokrovskoye-Streshnevo,SZAO,376500,421500,1569,8.72,21.0,23.5,1,252700.0,-32.9,False
2025-06-01,Preobrazhenskoye,VAO,294600,311600,1227,-5.05,21.0,23.5,5,293160.0,-0.5,False
2025-06-01,Presnensky,CAO,683500,761700,2848,-3.46,21.0,23.5,6,595633.0,-12.9,False
2025-06-01,Prospekt Vernadskogo,ZAO,468000,494000,1950,-5.52,21.0,23.5,8,351138.0,-25.0,False
2025-06-01,Ramenki,ZAO,480600,516700,2002,-7.08,21.0,23.5,3,296533.0,-38.3,False
2025-06-01,Rogovskoye,TAO,109100,114900,455,-2.76,21.0,23.5,4,61100.0,-44.0,True
2025-06-01,Rostokino,SVAO,289600,308100,1207,4.49,21.0,23.5,5,205860.0,-28.9,False
2025-06-01,Ryazanovskoye,NAO,182900,206700,762,2.46,21.0,23.5,4,85925.0,-53.0,True
2025-06-01,Savyolovsky,SAO,378200,392800,1576,0.46,21.0,23.5,4,223375.0,-40.9,False
2025-06-01,Severnoye Butovo,YuZAO,319200,343500,1330,-4.0,21.0,23.5,7,179200.0,-43.9,False
2025-06-01,Severnoye Izmaylovo,VAO,270600,291600,1127,-6.36,21.0,23.5,8,227013.0,-16.1,False
2025-06-01,Severnoye Medvedkovo,SVAO,292500,314100,1219,-0.44,21.0,23.5,6,151567.0,-48.2,False
2025-06-01,Severnoye Tushino,SZAO,336700,355200,1403,1.79,21.0,23.5,5,186020.0,-44.8,False
2025-06-01,Severny,SVAO,242900,272800,1012,0.13,21.0,23.5,7,123800.0,-49.0,False
2025-06-01,Shchapovskoye,TAO,115800,126400,482,1.84,21.0,23.5,4,66725.0,-42.4,True
2025-06-01,Shcherbinka,NAO,202600,219300,844,-3.66,21.0,23.5,6,108300.0,-46.5,True
2025-06-01,Shchukino,SZAO,393000,439800,1638,-4.7,21.0,23.5,2,373600.0,-4.9,False
2025-06-01,Sokol,SAO,386400,429300,1610,4.79,21.0,23.5,3,260700.0,-32.5,False
2025-06-01,Sokolinaya Gora,VAO,289200,327400,1205,2.2,21.0,23.5,6,208650.0,-27.9,False
2025-06-01,Sokolniki,VAO,328100,355800,1367,-1.84,21.0,23.5,2,342450.0,4.4,False
2025-06-01,Solntsevo,ZAO,298000,325800,1242,-12.68,21.0,23.5,4,179125.0,-39.9,False
2025-06-01,Sosenskoye,NAO,226900,242600,945,2.98,21.0,23.5,4,108150.0,-52.3,True
2025-06-01,Strogino,SZAO,424100,458600,1767,3.85,21.0,23.5,5,330800.0,-22.0,False
2025-06-01,Sviblovo,SVAO,281600,317300,1173,-1.11,21.0,23.5,3,259433.0,-7.9,False
2025-06-01,Tagansky,CAO,535100,583300,2230,-5.52,21.0,23.5,3,332233.0,-37.9,False
2025-06-01,Timiryazevsky,SAO,332700,352700,1386,-1.62,21.0,23.5,9,249978.0,-24.9,False
2025-06-01,Troitsk,TAO,152200,169500,634,-3.7,21.0,23.5,4,98450.0,-35.3,True
2025-06-01,Troparyovo-Nikulino,ZAO,423800,468400,1766,-2.71,21.0,23.5,5,333980.0,-21.2,False
2025-06-01,Tsaritsyno,YuAO,268100,299400,1117,-6.86,21.0,23.5,3,154200.0,-42.5,False
2025-06-01,Tverskoy,CAO,700900,784900,2920,-6.38,21.0,23.5,6,612067.0,-12.7,False
2025-06-01,Tyoply Stan,YuZAO,337800,385200,1407,5.49,21.0,23.5,4,227550.0,-32.6,False
2025-06-01,Veshnyaki,VAO,259800,284400,1082,0.84,21.0,23.5,4,146200.0,-43.7,False
2025-06-01,Vnukovo,ZAO,285000,310600,1188,-2.1,21.0,23.5,2,143900.0,-49.5,False
2025-06-01,Vnukovskoye,NAO,220400,248100,918,0.09,21.0,23.5,4,112500.0,-49.0,True
2025-06-01,Voronovskoye,TAO,115700,127500,482,2.35,21.0,23.5,5,63240.0,-45.3,True
2025-06-01,Voskresenskoye,NAO,211900,229800,883,-3.29,21.0,23.5,6,107833.0,-49.1,True
2025-06-01,Vostochnoye Izmaylovo,VAO,283400,325900,1181,1.41,21.0,23.5,9,186544.0,-34.2,False
2025-06-01,Vostochny,VAO,248500,268700,1035,7.39,21.0,23.5,3,153733.0,-38.1,False
2025-06-01,Voykovsky,SAO,316400,355000,1318,1.53,21.0,23.5,7,292200.0,-7.6,False
2025-06-01,Yakimanka,CAO,700300,750500,2918,5.24,21.0,23.5,9,503700.0,-28.1,False
2025-06-01,Yaroslavsky,SVAO,269900,288300,1124,1.09,21.0,23.5,1,128300.0,-52.5,False
2025-06-01,Yasenevo,YuZAO,374200,411000,1559,6.05,21.0,23.5,3,283367.0,-24.3,False
2025-06-01,Yuzhnoye Butovo,YuZAO,296100,312200,1234,0.38,21.0,23.5,6,165800.0,-44.0,False
2025-06-01,Yuzhnoye Medvedkovo,SVAO,285700,314500,1191,-1.23,21.0,23.5,5,167020.0,-41.5,False
2025-06-01,Yuzhnoye Tushino,SZAO,329000,371300,1371,2.05,21.0,23.5,3,163967.0,-50.2,False
2025-06-01,Zamoskvorechye,CAO,631100,676400,2629,9.13,21.0,23.5,7,420771.0,-33.3,False
2025-06-01,Zapadnoye Degunino,SAO,273500,300900,1140,1.19,21.0,23.5,2,167150.0,-38.9,False
2025-06-01,Zelenograd,ZelAO,181700,197300,757,-6.85,21.0,23.5,6,99233.0,-45.4,True
2025-06-01,Zyablikovo,YuAO,261500,286200,1090,5.27,21.0,23.5,14,134121.0,-48.7,False
2025-06-01,Zyuzino,YuZAO,393100,422800,1638,8.2,21.0,23.5,5,240760.0,-38.8,False
2025-07-01,Aeroport,SAO,358900,398800,1496,0.39,17.0,19.5,3,212833.0,-40.7,False
2025-07-01,Akademichesky,YuZAO,427200,468400,1780,-1.05,17.0,19.5,6,279033.0,-34.7,False
2025-07-01,Alekseevsky,SVAO,337800,367000,1407,-2.5,17.0,19.5,7,209629.0,-37.9,False
2025-07-01,Altufyevsky,SVAO,257700,294900,1074,1.3,17.0,19.5,5,146780.0,-43.0,False
2025-07-01,Arbat,CAO,729500,784600,3040,0.79,17.0,19.5,7,646200.0,-11.4,False
2025-07-01,Babushkinsky,SVAO,273200,293600,1138,-1.77,17.0,19.5,5,175320.0,-35.8,False
2025-07-01,Basmanny,CAO,588700,629800,2453,7.7,17.0,19.5,2,463100.0,-21.3,False
2025-07-01,Begovoy,SAO,383800,440000,1599,-4.87,17.0,19.5,7,300929.0,-21.6,False
2025-07-01,Beskudnikovsky,SAO,276700,298900,1153,-0.87,17.0,19.5,2,162000.0,-41.5,False
2025-07-01,Bibirevo,SVAO,274200,299900,1143,-3.52,17.0,19.5,5,159840.0,-41.7,False
2025-07-01,Biryulyovo Vostochnoye,YuAO,247100,266100,1030,2.83,17.0,19.5,4,128000.0,-48.2,False
2025-07-01,Biryulyovo Zapadnoye,YuAO,241100,273800,1005,-2.8,17.0,19.5,6,134100.0,-44.4,False
2025-07-01,Bogorodskoye,VAO,283100,296400,1180,-3.49,17.0,19.5,3,186867.0,-34.0,False
2025-07-01,Brateyevo,YuAO,263400,282300,1097,6.3,17.0,19.5,7,163471.0,-37.9,False
2025-07-01,Butyrsky,SVAO,331700,372000,1382,2.67,17.0,19.5,2,216150.0,-34.8,False
2025-07-01,Chertanovo Severnoye,YuAO,283600,301100,1182,3.77,17.0,19.5,10,173630.0,-38.8,False
2025-07-01,Chertanovo Tsentralnoye,YuAO,269100,302200,1121,1.5,17.0,19.5,3,176400.0,-34.4,False
2025-07-01,Chertanovo Yuzhnoye,YuAO,242400,267700,1010,-5.92,17.0,19.5,3,179000.0,-26.2,False
2025-07-01,Cheryomushki,YuZAO,392600,424700,1636,1.74,17.0,19.5,4,319350.0,-18.7,False
2025-07-01,Danilovsky,YuAO,362800,408500,1512,-2.7,17.0,19.5,7,247086.0,-31.9,False
2025-07-01,Desyonovskoye,NAO,217000,236100,904,9.2,17.0,19.5,7,107786.0,-50.3,True
2025-07-01,Dmitrovsky,SAO,259200,294600,1080,-1.71,17.0,19.5,7,149957.0,-42.1,False
2025-07-01,Donskoy,YuAO,380900,424100,1587,2.23,17.0,19.5,7,232629.0,-38.9,False
2025-07-01,Dorogomilovo,ZAO,547800,653800,2283,-4.8,17.0,19.5,3,385667.0,-29.6,False
2025-07-01,Fili-Davydkovo,ZAO,418500,493600,1744,-0.19,17.0,19.5,6,265367.0,-36.6,False
2025-07-01,Filimonkovskoye,NAO,184000,200600,767,3.21,17.0,19.5,7,90700.0,-50.7,True
2025-07-01,Filyovsky Park,ZAO,453000,496300,1888,1.26,17.0,19.5,5,310120.0,-31.5,False
2025-07-01,Gagarinsky,YuZAO,499600,516700,2082,4.72,17.0,19.5,8,323713.0,-35.2,False
2025-07-01,Golovinsky,SAO,288700,305500,1203,0.72,17.0,19.5,8,168550.0,-41.6,False
2025-07-01,Golyanovo,VAO,262000,296700,1092,1.49,17.0,19.5,4,160100.0,-38.9,False
2025-07-01,Ivanovskoye,VAO,265300,289400,1106,-2.55,17.0,19.5,5,166800.0,-37.1,False
2025-07-01,Izmaylovo,VAO,299200,342300,1247,-5.05,17.0,19.5,3,226167.0,-24.4,False
2025-07-01,Khamovniki,CAO,746700,819500,3111,-4.94,17.0,19.5,2,529400.0,-29.1,False
2025-07-01,Khoroshyovo-Mnyovniki,SZAO,376000,420200,1567,-4.77,17.0,19.5,4,242675.0,-35.5,False
2025-07-01,Khoroshyovsky,SAO,429300,474300,1789,4.34,17.0,19.5,4,295350.0,-31.2,False
2025-07-01,Khovrino,SAO,259400,276200,1081,-6.57,17.0,19.5,8,159850.0,-38.4,False
2025-07-01,Kievsky,TAO,106300,117500,443,-3.56,17.0,19.5,5,52820.0,-50.3,True
2025-07-01,Klyonovskoye,TAO,108400,121800,452,-0.77,17.0,19.5,4,57200.0,-47.2,True
2025-07-01,Kokoshkino,NAO,179000,197700,746,2.32,17.0,19.5,6,100283.0,-44.0,True
2025-07-01,Konkovo,YuZAO,368100,386500,1534,1.81,17.0,19.5,6,205533.0,-44.2,False
2025-07-01,Koptevo,SAO,303200,352000,1263,-2.18,17.0,19.5,5,166020.0,-45.2,False
2025-07-01,Kosino-Ukhtomsky,VAO,247300,274900,1030,-0.65,17.0,19.5,6,152767.0,-38.2,False
2025-07-01,Kotlovka,YuZAO,369400,415000,1539,-2.24,17.0,19.5,4,281825.0,-23.7,False
2025-07-01,Krasnopakhorskoye,TAO,128100,140500,534,-2.11,17.0,19.5,4,59075.0,-53.9,True
2025-07-01,Krasnoselsky,CAO,515700,553300,2149,-4.62,17.0,19.5,8,370375.0,-28.2,False
2025-07-01,Krylatskoye,SZAO,441400,495300,1839,1.74,17.0,19.5,5,272420.0,-38.3,False
2025-07-01,Kuntsevo,ZAO,393300,416900,1639,1.15,17.0,19.5,3,234300.0,-40.4,False
2025-07-01,Kurkino,SZAO,377700,403500,1574,3.71,17.0,19.5,3,184667.0,-51.1,False
2025-07-01,Levoberezhny,SAO,283100,310400,1180,-2.89,17.0,19.5,2,199450.0,-29.5,False
2025-07-01,Lianozovo,SVAO,262000,292600,1092,0.78,17.0,19.5,4,133675.0,-49.0,False
2025-07-01,Lomonosovsky,YuZAO,486600,547200,2028,-1.39,17.0,19.5,5,380300.0,-21.8,False
2025-07-01,Losinoostrovsky,SVAO,274500,302900,1144,-2.51,17.0,19.5,5,188980.0,-31.2,False
2025-07-01,Marfino,SVAO,284600,309200,1186,1.09,17.0,19.5,9,205756.0,-27.7,False
2025-07-01,Marushkinskoye,NAO,167600,180800,698,4.23,17.0,19.5,6,82750.0,-50.6,True
2025-07-01,Maryina Roshcha,SVAO,351300,396000,1464,6.24,17.0,19.5,7,261200.0,-25.6,False
2025-07-01,Meshchansky,CAO,566100,600800,2359,-0.62,17.0,19.5,3,469333.0,-17.1,False
2025-07-01,Metrogorodok,VAO,259800,282300,1082,4.28,17.0,19.5,4,169975.0,-34.6,False
2025-07-01,Mikhaylovo-Yartsevskoye,TAO,116300,128600,485,0.1,17.0,19.5,7,58914.0,-49.3,True
2025-07-01,Mitino,SZAO,320100,348900,1334,2.22,17.0,19.5,3,206500.0,-35.5,False
2025-07-01,Molzhaninovsky,SAO,228000,241700,950,-4.87,17.0,19.5,5,139520.0,-38.8,False
2025-07-01,Moskovsky,NAO,226000,249100,942,2.86,17.0,19.5,5,121760.0,-46.1,True
2025-07-01,Moskvorechye-Saburovo,YuAO,268700,302000,1120,-5.09,17.0,19.5,6,179583.0,-33.2,False
2025-07-01,Mosrentgen,NAO,223200,239400,930,-0.86,17.0,19.5,7,179286.0,-19.7,True
2025-07-01,Mozhaysky,ZAO,351800,393900,1466,-2.15,17.0,19.5,2,267750.0,-23.9,False
2025-07-01,Nagatino-Sadovniki,YuAO,309700,340900,1290,4.23,17.0,19.5,3,236967.0,-23.5,False
2025-07-01,Nagatinsky Zaton,YuAO,334800,364500,1395,-4.13,17.0,19.5,4,215250.0,-35.7,False
2025-07-01,Nagorny,YuAO,332500,361300,1385,3.24,17.0,19.5,7,231057.0,-30.5,False
2025-07-01,Novo-Peredelkino,ZAO,294200,334300,1226,-3.23,17.0,19.5,8,162525.0,-44.8,False
2025-07-01,Novofyodorovskoye,TAO,105500,119300,439,-3.98,17.0,19.5,7,57829.0,-45.2,True
2025-07-01,Novogireyevo,VAO,289200,312300,1205,1.39,17.0,19.5,5,200020.0,-30.8,False
2025-07-01,Novokosino,VAO,261300,282200,1089,-1.63,17.0,19.5,5,147480.0,-43.6,False
2025-07-01,Obruchevsky,YuZAO,393700,430000,1641,-1.46,17.0,19.5,2,241100.0,-38.8,False
2025-07-01,Ochakovo-Matveyevskoye,ZAO,370600,406400,1544,2.81,17.0,19.5,7,227429.0,-38.6,False
2025-07-01,Orekhovo-Borisovo Severnoye,YuAO,251600,287300,1048,0.77,17.0,19.5,5,167480.0,-33.4,False
2025-07-01,Orekhovo-Borisovo Yuzhnoye,YuAO,248200,261100,1034,0.31,17.0,19.5,7,150814.0,-39.2,False
2025-07-01,Ostankinsky,SVAO,343900,381600,1433,1.97,17.0,19.5,4,273825.0,-20.4,False
2025-07-01,Otradnoye,SVAO,285500,312800,1190,-1.32,17.0,19.5,9,174578.0,-38.9,False
2025-07-01,Perovo,VAO,292800,321300,1220,4.94,17.0,19.5,3,190967.0,-34.8,False
2025-07-01,Pervomayskoye,TAO,124400,137500,518,1.69,17.0,19.5,4,62775.0,-49.5,True
2025-07-01,Pokrovskoye-Streshnevo,SZAO,368000,405800,1534,-2.24,17.0,19.5,6,215933.0,-41.3,False
2025-07-01,Preobrazhenskoye,VAO,303700,334400,1266,3.11,17.0,19.5,6,258683.0,-14.8,False
2025-07-01,Presnensky,CAO,702000,806500,2925,2.7,17.0,19.5,3,646467.0,-7.9,False
2025-07-01,Prospekt Vernadskogo,ZAO,467400,509000,1947,-0.14,17.0,19.5,4,350875.0,-24.9,False
2025-07-01,Ramenki,ZAO,484200,516700,2017,0.75,17.0,19.5,4,378375.0,-21.9,False
2025-07-01,Rogovskoye,TAO,116200,130200,484,6.48,17.0,19.5,7,52757.0,-54.6,True
2025-07-01,Rostokino,SVAO,284900,305800,1187,-1.63,17.0,19.5,4,173100.0,-39.2,False
2025-07-01,Ryazanovskoye,NAO,176000,201300,734,-3.73,17.0,19.5,3,92067.0,-47.7,True
2025-07-01,Savyolovsky,SAO,376600,412900,1569,-0.41,17.0,19.5,2,288400.0,-23.4,False
2025-07-01,Severnoye Butovo,YuZAO,325100,357800,1355,1.86,17.0,19.5,7,190900.0,-41.3,False
2025-07-01,Severnoye Izmaylovo,VAO,286800,309600,1195,5.99,17.0,19.5,2,166150.0,-42.1,False
2025-07-01,Severnoye Medvedkovo,SVAO,279500,307500,1165,-4.44,17.0,19.5,7,182357.0,-34.8,False
2025-07-01,Severnoye Tushino,SZAO,340500,394400,1419,1.11,17.0,19.5,3,218000.0,-36.0,False
2025-07-01,Severny,SVAO,245400,273100,1022,1.03,17.0,19.5,4,138600.0,-43.5,False
2025-07-01,Shchapovskoye,TAO,115300,124100,480,-0.45,17.0,19.5,3,53233.0,-53.8,True
2025-07-01,Shcherbinka,NAO,207500,233200,865,2.41,17.0,19.5,6,108450.0,-47.7,True
2025-07-01,Shchukino,SZAO,403300,458600,1680,2.62,17.0,19.5,8,321600.0,-20.3,False
2025-07-01,Sokol,SAO,387200,416900,1613,0.19,17.0,19.5,6,295233.0,-23.8,False
2025-07-01,Sokolinaya Gora,VAO,278200,319500,1159,-3.79,17.0,19.5,2,168000.0,-39.6,False
2025-07-01,Sokolniki,VAO,342900,376400,1429,4.51,17.0,19.5,3,224033.0,-34.7,False
2025-07-01,Solntsevo,ZAO,329000,351300,1371,10.39,17.0,19.5,9,180944.0,-45.0,False
2025-07-01,Sosenskoye,NAO,221600,242200,923,-2.33,17.0,19.5,5,104180.0,-53.0,True
2025-07-01,Strogino,SZAO,402800,454700,1679,-5.01,17.0,19.5,3,403433.0,0.2,False
2025-07-01,Sviblovo,SVAO,284000,321700,1183,0.86,17.0,19.5,0,,,False
2025-07-01,Tagansky,CAO,542800,581100,2262,1.43,17.0,19.5,2,371600.0,-31.5,False
2025-07-01,Timiryazevsky,SAO,334800,369700,1395,0.64,17.0,19.5,3,313567.0,-6.3,False
2025-07-01,Troitsk,TAO,156600,172100,652,2.91,17.0,19.5,6,78033.0,-50.2,True
2025-07-01,Troparyovo-Nikulino,ZAO,411800,467600,1716,-2.82,17.0,19.5,7,253114.0,-38.5,False
2025-07-01,Tsaritsyno,YuAO,278700,315400,1161,3.95,17.0,19.5,7,151814.0,-45.5,False
2025-07-01,Tverskoy,CAO,715500,823900,2981,2.08,17.0,19.5,3,672667.0,-6.0,False
2025-07-01,Tyoply Stan,YuZAO,338200,359600,1409,0.14,17.0,19.5,2,217200.0,-35.8,False
2025-07-01,Veshnyaki,VAO,248300,259100,1035,-4.4,17.0,19.5,5,138480.0,-44.2,False
2025-07-01,Vnukovo,ZAO,293000,318700,1221,2.79,17.0,19.5,6,155150.0,-47.0,False
2025-07-01,Vnukovskoye,NAO,224100,260500,934,1.68,17.0,19.5,2,125100.0,-44.2,True
2025-07-01,Voronovskoye,TAO,115100,126800,480,-0.53,17.0,19.5,4,53075.0,-53.9,True
2025-07-01,Voskresenskoye,NAO,211400,232500,881,-0.21,17.0,19.5,2,133100.0,-37.0,True
2025-07-01,Vostochnoye Izmaylovo,VAO,285200,307800,1188,0.63,17.0,19.5,6,164800.0,-42.2,False
2025-07-01,Vostochny,VAO,239400,262300,997,-3.66,17.0,19.5,8,133888.0,-44.1,False
2025-07-01,Voykovsky,SAO,321400,355600,1339,1.59,17.0,19.5,6,236783.0,-26.3,False
2025-07-01,Yakimanka,CAO,658900,767700,2745,-5.91,17.0,19.5,4,508900.0,-22.8,False
2025-07-01,Yaroslavsky,SVAO,262100,288800,1092,-2.89,17.0,19.5,3,135067.0,-48.5,False
2025-07-01,Yasenevo,YuZAO,372700,409000,1553,-0.4,17.0,19.5,2,237700.0,-36.2,False
2025-07-01,Yuzhnoye Butovo,YuZAO,296400,330300,1235,0.11,17.0,19.5,3,132033.0,-55.5,False
2025-07-01,Yuzhnoye Medvedkovo,SVAO,285900,303600,1191,0.04,17.0,19.5,0,,,False
2025-07-01,Yuzhnoye Tushino,SZAO,349200,390200,1455,6.14,17.0,19.5,3,190533.0,-45.4,False
2025-07-01,Zamoskvorechye,CAO,611100,665500,2546,-3.17,17.0,19.5,3,397800.0,-34.9,False
2025-07-01,Zapadnoye Degunino,SAO,262100,282900,1092,-4.17,17.0,19.5,0,,,False
2025-07-01,Zelenograd,ZelAO,183700,210200,765,1.06,17.0,19.5,2,85800.0,-53.3,True
2025-07-01,Zyablikovo,YuAO,247200,275300,1030,-5.49,17.0,19.5,2,185500.0,-25.0,False
2025-07-01,Zyuzino,YuZAO,377100,413000,1571,-4.06,17.0,19.5,4,197675.0,-47.6,False
2025-08-01,Aeroport,SAO,355100,382300,1479,-1.08,17.0,19.5,4,230800.0,-35.0,False
2025-08-01,Akademichesky,YuZAO,416900,447700,1737,-2.41,17.0,19.5,6,305700.0,-26.7,False
2025-08-01,Alekseevsky,SVAO,353900,378800,1475,4.79,17.0,19.5,7,218486.0,-38.3,False
2025-08-01,Altufyevsky,SVAO,257500,278200,1073,-0.07,17.0,19.5,5,136340.0,-47.1,False
2025-08-01,Arbat,CAO,754400,827200,3143,3.4,17.0,19.5,5,585680.0,-22.4,False
2025-08-01,Babushkinsky,SVAO,298000,337500,1242,9.1,17.0,19.5,8,174513.0,-41.4,False
2025-08-01,Basmanny,CAO,561200,627500,2338,-4.68,17.0,19.5,2,379800.0,-32.3,False
2025-08-01,Begovoy,SAO,390100,420200,1626,1.64,17.0,19.5,3,321700.0,-17.5,False
2025-08-01,Beskudnikovsky,SAO,286100,322200,1192,3.39,17.0,19.5,5,165440.0,-42.2,False
2025-08-01,Bibirevo,SVAO,274500,305500,1144,0.11,17.0,19.5,4,165625.0,-39.7,False
2025-08-01,Biryulyovo Vostochnoye,YuAO,250100,260800,1042,1.22,17.0,19.5,5,123480.0,-50.6,False
2025-08-01,Biryulyovo Zapadnoye,YuAO,247100,268300,1030,2.47,17.0,19.5,5,139780.0,-43.4,False
2025-08-01,Bogorodskoye,VAO,290600,325900,1211,2.64,17.0,19.5,2,264300.0,-9.1,False
2025-08-01,Brateyevo,YuAO,261500,291300,1089,-0.74,17.0,19.5,6,167583.0,-35.9,False
2025-08-01,Butyrsky,SVAO,334800,362800,1395,0.93,17.0,19.5,6,252633.0,-24.5,False
2025-08-01,Chertanovo Severnoye,YuAO,280400,301100,1169,-1.13,17.0,19.5,0,,,False
2025-08-01,Chertanovo Tsentralnoye,YuAO,275200,296300,1147,2.27,17.0,19.5,10,156920.0,-43.0,False
2025-08-01,Chertanovo Yuzhnoye,YuAO,261600,282600,1090,7.89,17.0,19.5,5,167520.0,-36.0,False
2025-08-01,Cheryomushki,YuZAO,412700,475800,1720,5.13,17.0,19.5,3,254100.0,-38.4,False
2025-08-01,Danilovsky,YuAO,353500,380500,1473,-2.58,17.0,19.5,8,256413.0,-27.5,False
2025-08-01,Desyonovskoye,NAO,207500,227800,864,-4.38,17.0,19.5,7,117243.0,-43.5,True
2025-08-01,Dmitrovsky,SAO,268100,282900,1117,3.42,17.0,19.5,3,163667.0,-39.0,False
2025-08-01,Donskoy,YuAO,381000,425400,1588,0.03,17.0,19.5,3,330667.0,-13.2,False
2025-08-01,Dorogomilovo,ZAO,570900,639500,2379,4.22,17.0,19.5,6,332383.0,-41.8,False
2025-08-01,Fili-Davydkovo,ZAO,409800,463100,1707,-2.08,17.0,19.5,8,315250.0,-23.1,False
2025-08-01,Filimonkovskoye,NAO,192700,206500,803,4.71,17.0,19.5,9,96800.0,-49.8,True
2025-08-01,Filyovsky Park,ZAO,429100,453400,1788,-5.28,17.0,19.5,6,287967.0,-32.9,False
2025-08-01,Gagarinsky,YuZAO,478100,531500,1992,-4.3,17.0,19.5,2,313950.0,-34.3,False
2025-08-01,Golovinsky,SAO,301300,340100,1255,4.39,17.0,19.5,9,193367.0,-35.8,False
2025-08-01,Golyanovo,VAO,264800,288200,1103,1.07,17.0,19.5,6,162433.0,-38.7,False
2025-08-01,Ivanovskoye,VAO,273500,303300,1140,3.07,17.0,19.5,4,184700.0,-32.5,False
2025-08-01,Izmaylovo,VAO,308600,340900,1286,3.15,17.0,19.5,10,216430.0,-29.9,False
2025-08-01,Khamovniki,CAO,770000,837000,3208,3.11,17.0,19.5,3,580767.0,-24.6,False
2025-08-01,Khoroshyovo-Mnyovniki,SZAO,398700,436000,1661,6.03,17.0,19.5,6,231267.0,-42.0,False
2025-08-01,Khoroshyovsky,SAO,407300,458200,1697,-5.13,17.0,19.5,8,293888.0,-27.8,False
2025-08-01,Khovrino,SAO,269900,301100,1125,4.08,17.0,19.5,2,155700.0,-42.3,False
2025-08-01,Kievsky,TAO,108900,119400,454,2.44,17.0,19.5,8,55075.0,-49.4,True
2025-08-01,Klyonovskoye,TAO,108300,119300,451,-0.13,17.0,19.5,3,67100.0,-38.0,True
2025-08-01,Kokoshkino,NAO,183400,202000,764,2.44,17.0,19.5,7,84529.0,-53.9,True
2025-08-01,Konkovo,YuZAO,353300,377300,1472,-4.02,17.0,19.5,6,202317.0,-42.7,False
2025-08-01,Koptevo,SAO,302700,327600,1261,-0.16,17.0,19.5,3,189067.0,-37.5,False
2025-08-01,Kosino-Ukhtomsky,VAO,254900,291200,1062,3.06,17.0,19.5,7,168300.0,-34.0,False
2025-08-01,Kotlovka,YuZAO,396200,436600,1651,7.28,17.0,19.5,5,254460.0,-35.8,False
2025-08-01,Krasnopakhorskoye,TAO,130300,133300,543,1.7,17.0,19.5,7,73400.0,-43.7,True
2025-08-01,Krasnoselsky,CAO,541200,609600,2255,4.94,17.0,19.5,4,374175.0,-30.9,False
2025-08-01,Krylatskoye,SZAO,431200,467100,1797,-2.3,17.0,19.5,3,289267.0,-32.9,False
2025-08-01,Kuntsevo,ZAO,410800,430200,1711,4.43,17.0,19.5,6,245783.0,-40.2,False
2025-08-01,Kurkino,SZAO,378100,430200,1575,0.11,17.0,19.5,6,198567.0,-47.5,False
2025-08-01,Levoberezhny,SAO,292400,323500,1218,3.29,17.0,19.5,6,218317.0,-25.3,False
2025-08-01,Lianozovo,SVAO,261800,295600,1091,-0.1,17.0,19.5,5,170360.0,-34.9,False
2025-08-01,Lomonosovsky,YuZAO,476200,507200,1984,-2.15,17.0,19.5,5,302960.0,-36.4,False
2025-08-01,Losinoostrovsky,SVAO,274900,301900,1145,0.13,17.0,19.5,6,166700.0,-39.4,False
2025-08-01,Marfino,SVAO,300500,321500,1252,5.59,17.0,19.5,10,185210.0,-38.4,False
2025-08-01,Marushkinskoye,NAO,170400,189600,710,1.66,17.0,19.5,3,102567.0,-39.8,True
2025-08-01,Maryina Roshcha,SVAO,350000,392900,1458,-0.37,17.0,19.5,6,219550.0,-37.3,False
2025-08-01,Meshchansky,CAO,527300,566600,2197,-6.86,17.0,19.5,1,433000.0,-17.9,False
2025-08-01,Metrogorodok,VAO,261400,286600,1089,0.63,17.0,19.5,8,189850.0,-27.4,False
2025-08-01,Mikhaylovo-Yartsevskoye,TAO,116900,133400,487,0.51,17.0,19.5,7,63529.0,-45.7,True
2025-08-01,Mitino,SZAO,316900,358600,1321,-0.99,17.0,19.5,2,204150.0,-35.6,False
2025-08-01,Molzhaninovsky,SAO,236200,255100,984,3.61,17.0,19.5,5,133140.0,-43.6,False
2025-08-01,Moskovsky,NAO,222400,234500,927,-1.58,17.0,19.5,4,133725.0,-39.9,True
2025-08-01,Moskvorechye-Saburovo,YuAO,265500,293700,1106,-1.19,17.0,19.5,7,166686.0,-37.2,False
2025-08-01,Mosrentgen,NAO,225300,248100,939,0.93,17.0,19.5,3,152033.0,-32.5,True
2025-08-01,Mozhaysky,ZAO,364600,386100,1519,3.62,17.0,19.5,1,265000.0,-27.3,False
2025-08-01,Nagatino-Sadovniki,YuAO,306900,335000,1279,-0.91,17.0,19.5,7,203400.0,-33.7,False
2025-08-01,Nagatinsky Zaton,YuAO,352800,380000,1470,5.37,17.0,19.5,9,223589.0,-36.6,False
2025-08-01,Nagorny,YuAO,316400,353900,1318,-4.85,17.0,19.5,5,198900.0,-37.1,False
2025-08-01,Novo-Peredelkino,ZAO,298800,333300,1245,1.57,17.0,19.5,2,152150.0,-49.1,False
2025-08-01,Novofyodorovskoye,TAO,112200,126300,467,6.38,17.0,19.5,3,51133.0,-54.4,True
2025-08-01,Novogireyevo,VAO,284000,308600,1183,-1.8,17.0,19.5,4,194850.0,-31.4,False
2025-08-01,Novokosino,VAO,262600,302200,1094,0.49,17.0,19.5,4,126325.0,-51.9,False
2025-08-01,Obruchevsky,YuZAO,406100,447400,1692,3.13,17.0,19.5,4,294950.0,-27.4,False
2025-08-01,Ochakovo-Matveyevskoye,ZAO,360300,395400,1501,-2.79,17.0,19.5,5,221740.0,-38.5,False
2025-08-01,Orekhovo-Borisovo Severnoye,YuAO,252700,292800,1053,0.42,17.0,19.5,5,148580.0,-41.2,False
2025-08-01,Orekhovo-Borisovo Yuzhnoye,YuAO,256500,275800,1069,3.35,17.0,19.5,5,154580.0,-39.7,False
2025-08-01,Ostankinsky,SVAO,348400,379300,1452,1.31,17.0,19.5,2,221500.0,-36.4,False
2025-08-01,Otradnoye,SVAO,298800,335100,1245,4.65,17.0,19.5,3,228067.0,-23.7,False
2025-08-01,Perovo,VAO,275400,302000,1148,-5.94,17.0,19.5,7,244171.0,-11.3,False
2025-08-01,Pervomayskoye,TAO,122200,135200,509,-1.8,17.0,19.5,4,63750.0,-47.8,True
2025-08-01,Pokrovskoye-Streshnevo,SZAO,362200,394300,1509,-1.58,17.0,19.5,2,192100.0,-47.0,False
2025-08-01,Preobrazhenskoye,VAO,310300,346300,1293,2.16,17.0,19.5,3,258167.0,-16.8,False
2025-08-01,Presnensky,CAO,663100,756200,2763,-5.54,17.0,19.5,8,596675.0,-10.0,False
2025-08-01,Prospekt Vernadskogo,ZAO,449800,498800,1874,-3.75,17.0,19.5,3,320033.0,-28.8,False
2025-08-01,Ramenki,ZAO,475800,517500,1983,-1.73,17.0,19.5,1,368700.0,-22.5,False
2025-08-01,Rogovskoye,TAO,108500,121600,452,-6.65,17.0,19.5,9,53022.0,-51.1,True
2025-08-01,Rostokino,SVAO,296800,321700,1237,4.18,17.0,19.5,7,163929.0,-44.8,False
2025-08-01,Ryazanovskoye,NAO,173800,187000,724,-1.26,17.0,19.5,9,102578.0,-41.0,True
2025-08-01,Savyolovsky,SAO,375400,419400,1564,-0.32,17.0,19.5,7,275414.0,-26.6,False
2025-08-01,Severnoye Butovo,YuZAO,320900,361400,1337,-1.32,17.0,19.5,10,193570.0,-39.7,False
2025-08-01,Severnoye Izmaylovo,VAO,286600,307700,1194,-0.05,17.0,19.5,4,205625.0,-28.3,False
2025-08-01,Severnoye Medvedkovo,SVAO,284100,318200,1184,1.64,17.0,19.5,6,173817.0,-38.8,False
2025-08-01,Severnoye Tushino,SZAO,344900,398100,1437,1.3,17.0,19.5,9,178767.0,-48.2,False
2025-08-01,Severny,SVAO,249800,276500,1041,1.79,17.0,19.5,3,140633.0,-43.7,False
2025-08-01,Shchapovskoye,TAO,114700,123600,478,-0.48,17.0,19.5,1,41100.0,-64.2,True
2025-08-01,Shcherbinka,NAO,205000,220500,854,-1.19,17.0,19.5,8,109600.0,-46.5,True
2025-08-01,Shchukino,SZAO,383600,429300,1598,-4.88,17.0,19.5,8,337713.0,-12.0,False
2025-08-01,Sokol,SAO,383900,437400,1600,-0.84,17.0,19.5,5,284100.0,-26.0,False
2025-08-01,Sokolinaya Gora,VAO,279500,304400,1165,0.47,17.0,19.5,5,187980.0,-32.7,False
2025-08-01,Sokolniki,VAO,355200,385000,1480,3.57,17.0,19.5,3,230000.0,-35.2,False
2025-08-01,Solntsevo,ZAO,331500,368400,1381,0.77,17.0,19.5,4,164525.0,-50.4,False
2025-08-01,Sosenskoye,NAO,221900,235500,925,0.14,17.0,19.5,4,132275.0,-40.4,True
2025-08-01,Strogino,SZAO,420200,456600,1751,4.32,17.0,19.5,10,307040.0,-26.9,False
2025-08-01,Sviblovo,SVAO,293300,301900,1222,3.26,17.0,19.5,6,195800.0,-33.2,False
2025-08-01,Tagansky,CAO,558200,592300,2326,2.84,17.0,19.5,5,411900.0,-26.2,False
2025-08-01,Timiryazevsky,SAO,328300,357600,1368,-1.97,17.0,19.5,7,224957.0,-31.5,False
2025-08-01,Troitsk,TAO,155600,176300,648,-0.61,17.0,19.5,7,78800.0,-49.4,True
2025-08-01,Troparyovo-Nikulino,ZAO,431000,487800,1796,4.65,17.0,19.5,1,214300.0,-50.3,False
2025-08-01,Tsaritsyno,YuAO,271700,308400,1132,-2.51,17.0,19.5,6,166500.0,-38.7,False
2025-08-01,Tverskoy,CAO,704700,796100,2936,-1.52,17.0,19.5,5,545640.0,-22.6,False
2025-08-01,Tyoply Stan,YuZAO,333700,368400,1390,-1.34,17.0,19.5,8,212525.0,-36.3,False
2025-08-01,Veshnyaki,VAO,261200,290300,1088,5.16,17.0,19.5,3,150767.0,-42.3,False
2025-08-01,Vnukovo,ZAO,279200,299400,1163,-4.7,17.0,19.5,7,172014.0,-38.4,False
2025-08-01,Vnukovskoye,NAO,231700,260100,965,3.41,17.0,19.5,5,128560.0,-44.5,True
2025-08-01,Voronovskoye,TAO,113500,127500,473,-1.36,17.0,19.5,4,55425.0,-51.2,True
2025-08-01,Voskresenskoye,NAO,212900,231200,887,0.67,17.0,19.5,5,122740.0,-42.3,True
2025-08-01,Vostochnoye Izmaylovo,VAO,285800,299000,1191,0.22,17.0,19.5,5,227540.0,-20.4,False
2025-08-01,Vostochny,VAO,241200,268800,1005,0.76,17.0,19.5,4,134875.0,-44.1,False
2025-08-01,Voykovsky,SAO,330000,367900,1375,2.67,17.0,19.5,9,259211.0,-21.5,False
2025-08-01,Yakimanka,CAO,703800,766500,2932,6.82,17.0,19.5,3,398267.0,-43.4,False
2025-08-01,Yaroslavsky,SVAO,268100,296100,1117,2.3,17.0,19.5,7,149800.0,-44.1,False
2025-08-01,Yasenevo,YuZAO,364600,400500,1519,-2.18,17.0,19.5,5,267560.0,-26.6,False
2025-08-01,Yuzhnoye Butovo,YuZAO,314500,356200,1311,6.11,17.0,19.5,3,162233.0,-48.4,False
2025-08-01,Yuzhnoye Medvedkovo,SVAO,283300,304800,1181,-0.88,17.0,19.5,7,150243.0,-47.0,False
2025-08-01,Yuzhnoye Tushino,SZAO,341500,371600,1423,-2.21,17.0,19.5,7,199571.0,-41.6,False
2025-08-01,Zamoskvorechye,CAO,653400,706600,2722,6.92,17.0,19.5,4,473375.0,-27.6,False
2025-08-01,Zapadnoye Degunino,SAO,274400,294900,1143,4.68,17.0,19.5,2,168900.0,-38.4,False
2025-08-01,Zelenograd,ZelAO,178600,203800,744,-2.75,17.0,19.5,5,103720.0,-41.9,True
2025-08-01,Zyablikovo,YuAO,248300,275900,1035,0.46,17.0,19.5,3,155767.0,-37.3,False
2025-08-01,Zyuzino,YuZAO,371200,411900,1547,-1.57,17.0,19.5,7,219486.0,-40.9,False
2025-09-01,Aeroport,SAO,339100,367900,1413,-4.5,17.0,19.5,6,250100.0,-26.2,False
2025-09-01,Akademichesky,YuZAO,411600,446400,1715,-1.27,17.0,19.5,3,296900.0,-27.9,False
2025-09-01,Alekseevsky,SVAO,347800,390700,1449,-1.74,17.0,19.5,2,207350.0,-40.4,False
2025-09-01,Altufyevsky,SVAO,260800,276300,1087,1.27,17.0,19.5,5,167320.0,-35.8,False
2025-09-01,Arbat,CAO,728200,806300,3034,-3.47,17.0,19.5,6,500933.0,-31.2,False
2025-09-01,Babushkinsky,SVAO,289200,316600,1205,-2.95,17.0,19.5,5,170840.0,-40.9,False
2025-09-01,Basmanny,CAO,572000,614400,2383,1.93,17.0,19.5,4,519375.0,-9.2,False
2025-09-01,Begovoy,SAO,393100,444900,1638,0.77,17.0,19.5,4,248625.0,-36.8,False
2025-09-01,Beskudnikovsky,SAO,282600,313200,1178,-1.23,17.0,19.5,1,178700.0,-36.8,False
2025-09-01,Bibirevo,SVAO,273100,306600,1138,-0.5,17.0,19.5,7,175643.0,-35.7,False
2025-09-01,Biryulyovo Vostochnoye,YuAO,241100,257200,1005,-3.6,17.0,19.5,4,163500.0,-32.2,False
2025-09-01,Biryulyovo Zapadnoye,YuAO,250300,268100,1043,1.28,17.0,19.5,5,142600.0,-43.0,False
2025-09-01,Bogorodskoye,VAO,282300,322500,1176,-2.85,17.0,19.5,6,198400.0,-29.7,False
2025-09-01,Brateyevo,YuAO,264600,306400,1103,1.21,17.0,19.5,7,139414.0,-47.3,False
2025-09-01,Butyrsky,SVAO,329500,357800,1373,-1.57,17.0,19.5,2,226050.0,-31.4,False
2025-09-01,Chertanovo Severnoye,YuAO,274400,300700,1143,-2.14,17.0,19.5,5,198320.0,-27.7,False
2025-09-01,Chertanovo Tsentralnoye,YuAO,271900,294000,1133,-1.2,17.0,19.5,8,165725.0,-39.0,False
2025-09-01,Chertanovo Yuzhnoye,YuAO,256700,287100,1069,-1.87,17.0,19.5,2,249900.0,-2.6,False
2025-09-01,Cheryomushki,YuZAO,397900,439100,1658,-3.59,17.0,19.5,4,329875.0,-17.1,False
2025-09-01,Danilovsky,YuAO,358000,382500,1492,1.29,17.0,19.5,4,257475.0,-28.1,False
2025-09-01,Desyonovskoye,NAO,207900,226700,866,0.23,17.0,19.5,7,105657.0,-49.2,True
2025-09-01,Dmitrovsky,SAO,271500,299300,1131,1.27,17.0,19.5,5,158520.0,-41.6,False
2025-09-01,Donskoy,YuAO,380400,411900,1585,-0.15,17.0,19.5,6,275717.0,-27.5,False
2025-09-01,Dorogomilovo,ZAO,562800,609600,2345,-1.42,17.0,19.5,8,360863.0,-35.9,False
2025-09-01,Fili-Davydkovo,ZAO,407000,440800,1696,-0.68,17.0,19.5,5,341380.0,-16.1,False
2025-09-01,Filimonkovskoye,NAO,188700,208300,786,-2.09,17.0,19.5,0,,,True
2025-09-01,Filyovsky Park,ZAO,443800,490300,1849,3.43,17.0,19.5,2,289400.0,-34.8,False
2025-09-01,Gagarinsky,YuZAO,490100,553300,2042,2.51,17.0,19.5,4,327750.0,-33.1,False
2025-09-01,Golovinsky,SAO,296000,330100,1233,-1.77,17.0,19.5,7,181843.0,-38.6,False
2025-09-01,Golyanovo,VAO,259400,285600,1081,-2.05,17.0,19.5,7,166686.0,-35.7,False
2025-09-01,Ivanovskoye,VAO,272400,307000,1135,-0.39,17.0,19.5,7,164914.0,-39.5,False
2025-09-01,Izmaylovo,VAO,310300,328500,1293,0.54,17.0,19.5,3,230233.0,-25.8,False
2025-09-01,Khamovniki,CAO,787100,876500,3280,2.23,17.0,19.5,3,520000.0,-33.9,False
2025-09-01,Khoroshyovo-Mnyovniki,SZAO,413400,444200,1723,3.71,17.0,19.5,6,250467.0,-39.4,False
2025-09-01,Khoroshyovsky,SAO,410000,462400,1708,0.67,17.0,19.5,4,313300.0,-23.6,False
2025-09-01,Khovrino,SAO,261300,293300,1089,-3.18,17.0,19.5,4,121775.0,-53.4,False
2025-09-01,Kievsky,TAO,106400,120100,443,-2.27,17.0,19.5,3,57833.0,-45.6,True
2025-09-01,Klyonovskoye,TAO,112500,117800,469,3.83,17.0,19.5,8,63300.0,-43.7,True
2025-09-01,Kokoshkino,NAO,177200,194800,738,-3.38,17.0,19.5,1,109700.0,-38.1,True
2025-09-01,Konkovo,YuZAO,371100,400500,1546,5.05,17.0,19.5,6,205800.0,-44.5,False
2025-09-01,Koptevo,SAO,307600,337000,1282,1.61,17.0,19.5,7,196214.0,-36.2,False
2025-09-01,Kosino-Ukhtomsky,VAO,253600,300500,1057,-0.47,17.0,19.5,8,137375.0,-45.8,False
2025-09-01,Kotlovka,YuZAO,378700,395000,1578,-4.42,17.0,19.5,5,297500.0,-21.4,False
2025-09-01,Krasnopakhorskoye,TAO,130600,139500,544,0.21,17.0,19.5,3,77667.0,-40.5,True
2025-09-01,Krasnoselsky,CAO,556500,616900,2319,2.83,17.0,19.5,2,344050.0,-38.2,False
2025-09-01,Krylatskoye,SZAO,445000,517300,1854,3.2,17.0,19.5,4,277100.0,-37.7,False
2025-09-01,Kuntsevo,ZAO,401800,445100,1674,-2.18,17.0,19.5,2,271100.0,-32.5,False
2025-09-01,Kurkino,SZAO,350300,385000,1460,-7.35,17.0,19.5,4,196325.0,-44.0,False
2025-09-01,Levoberezhny,SAO,297800,319900,1241,1.82,17.0,19.5,9,184667.0,-38.0,False
2025-09-01,Lianozovo,SVAO,269600,294400,1123,3.0,17.0,19.5,5,155060.0,-42.5,False
2025-09-01,Lomonosovsky,YuZAO,498800,546000,2078,4.75,17.0,19.5,6,317483.0,-36.4,False
2025-09-01,Losinoostrovsky,SVAO,286300,331300,1193,4.14,17.0,19.5,4,148225.0,-48.2,False
2025-09-01,Marfino,SVAO,287400,311400,1198,-4.35,17.0,19.5,2,250850.0,-12.7,False
2025-09-01,Marushkinskoye,NAO,167600,190300,698,-1.64,17.0,19.5,2,96250.0,-42.6,True
2025-09-01,Maryina Roshcha,SVAO,340900,389700,1421,-2.58,17.0,19.5,4,225250.0,-33.9,False
2025-09-01,Meshchansky,CAO,571600,616500,2382,8.41,17.0,19.5,4,423000.0,-26.0,False
2025-09-01,Metrogorodok,VAO,269400,299500,1123,3.07,17.0,19.5,12,200325.0,-25.6,False
2025-09-01,Mikhaylovo-Yartsevskoye,TAO,113200,125500,472,-3.2,17.0,19.5,2,78850.0,-30.3,True
2025-09-01,Mitino,SZAO,322000,366100,1342,1.59,17.0,19.5,3,255400.0,-20.7,False
2025-09-01,Molzhaninovsky,SAO,231500,250400,964,-2.01,17.0,19.5,5,111980.0,-51.6,False
2025-09-01,Moskovsky,NAO,225700,252700,940,1.48,17.0,19.5,8,101563.0,-55.0,True
2025-09-01,Moskvorechye-Saburovo,YuAO,285000,312900,1187,7.32,17.0,19.5,4,160875.0,-43.6,False
2025-09-01,Mosrentgen,NAO,222600,245400,927,-1.19,17.0,19.5,7,146600.0,-34.1,True
2025-09-01,Mozhaysky,ZAO,370700,399100,1545,1.69,17.0,19.5,3,191667.0,-48.3,False
2025-09-01,Nagatino-Sadovniki,YuAO,321300,344700,1339,4.69,17.0,19.5,6,231550.0,-27.9,False
2025-09-01,Nagatinsky Zaton,YuAO,332200,364000,1384,-5.83,17.0,19.5,3,226400.0,-31.8,False
2025-09-01,Nagorny,YuAO,328900,371900,1371,3.97,17.0,19.5,4,279200.0,-15.1,False
2025-09-01,Novo-Peredelkino,ZAO,306500,353200,1277,2.58,17.0,19.5,5,168020.0,-45.2,False
2025-09-01,Novofyodorovskoye,TAO,107100,117800,446,-4.55,17.0,19.5,5,66140.0,-38.2,True
2025-09-01,Novogireyevo,VAO,266500,277600,1110,-6.17,17.0,19.5,10,210790.0,-20.9,False
2025-09-01,Novokosino,VAO,266700,301900,1111,1.55,17.0,19.5,7,141800.0,-46.8,False
2025-09-01,Obruchevsky,YuZAO,399500,445200,1665,-1.62,17.0,19.5,6,246750.0,-38.2,False
2025-09-01,Ochakovo-Matveyevskoye,ZAO,363700,405300,1516,0.96,17.0,19.5,2,237300.0,-34.8,False
2025-09-01,Orekhovo-Borisovo Severnoye,YuAO,245900,274000,1025,-2.67,17.0,19.5,5,195940.0,-20.3,False
2025-09-01,Orekhovo-Borisovo Yuzhnoye,YuAO,246000,286300,1025,-4.09,17.0,19.5,6,146983.0,-40.3,False
2025-09-01,Ostankinsky,SVAO,340300,391900,1418,-2.32,17.0,19.5,5,244600.0,-28.1,False
2025-09-01,Otradnoye,SVAO,289400,319800,1206,-3.16,17.0,19.5,6,185017.0,-36.1,False
2025-09-01,Perovo,VAO,283000,310500,1179,2.75,17.0,19.5,11,253391.0,-10.5,False
2025-09-01,Pervomayskoye,TAO,125500,135300,523,2.74,17.0,19.5,4,56400.0,-55.1,True
2025-09-01,Pokrovskoye-Streshnevo,SZAO,346000,387800,1442,-4.47,17.0,19.5,3,198067.0,-42.8,False
2025-09-01,Preobrazhenskoye,VAO,316800,338400,1320,2.11,17.0,19.5,11,260091.0,-17.9,False
2025-09-01,Presnensky,CAO,686900,770100,2862,3.58,17.0,19.5,3,447300.0,-34.9,False
2025-09-01,Prospekt Vernadskogo,ZAO,465500,494700,1940,3.48,17.0,19.5,1,436200.0,-6.3,False
2025-09-01,Ramenki,ZAO,493800,522800,2057,3.78,17.0,19.5,6,370700.0,-24.9,False
2025-09-01,Rogovskoye,TAO,110900,123400,462,2.23,17.0,19.5,1,65800.0,-40.7,True
2025-09-01,Rostokino,SVAO,293600,333000,1223,-1.08,17.0,19.5,5,195760.0,-33.3,False
2025-09-01,Ryazanovskoye,NAO,175300,186800,730,0.84,17.0,19.5,5,94840.0,-45.9,True
2025-09-01,Savyolovsky,SAO,371100,411800,1546,-1.15,17.0,19.5,4,245675.0,-33.8,False
2025-09-01,Severnoye Butovo,YuZAO,322500,353300,1344,0.5,17.0,19.5,1,136700.0,-57.6,False
2025-09-01,Severnoye Izmaylovo,VAO,280600,329000,1169,-2.1,17.0,19.5,6,220600.0,-21.4,False
2025-09-01,Severnoye Medvedkovo,SVAO,275700,292400,1149,-2.96,17.0,19.5,6,156783.0,-43.1,False
2025-09-01,Severnoye Tushino,SZAO,334000,365600,1392,-3.15,17.0,19.5,4,205825.0,-38.4,False
2025-09-01,Severny,SVAO,256200,269700,1068,2.57,17.0,19.5,3,140167.0,-45.3,False
2025-09-01,Shchapovskoye,TAO,112300,122500,468,-2.1,17.0,19.5,10,57200.0,-49.1,True
2025-09-01,Shcherbinka,NAO,199700,226200,832,-2.62,17.0,19.5,9,107178.0,-46.3,True
2025-09-01,Shchukino,SZAO,405600,453500,1690,5.73,17.0,19.5,4,327675.0,-19.2,False
2025-09-01,Sokol,SAO,405400,458100,1689,5.6,17.0,19.5,3,279967.0,-30.9,False
2025-09-01,Sokolinaya Gora,VAO,289000,315700,1204,3.41,17.0,19.5,8,186325.0,-35.5,False
2025-09-01,Sokolniki,VAO,345800,395400,1441,-2.65,17.0,19.5,5,236160.0,-31.7,False
2025-09-01,Solntsevo,ZAO,327500,358900,1364,-1.21,17.0,19.5,3,182000.0,-44.4,False
2025-09-01,Sosenskoye,NAO,227700,250600,949,2.62,17.0,19.5,4,114050.0,-49.9,True
2025-09-01,Strogino,SZAO,416500,457100,1736,-0.88,17.0,19.5,4,286725.0,-31.2,False
2025-09-01,Sviblovo,SVAO,280000,315100,1167,-4.52,17.0,19.5,1,281000.0,0.4,False
2025-09-01,Tagansky,CAO,568900,626600,2370,1.91,17.0,19.5,6,431150.0,-24.2,False
2025-09-01,Timiryazevsky,SAO,355700,405800,1482,8.35,17.0,19.5,5,244020.0,-31.4,False
2025-09-01,Troitsk,TAO,156600,169700,652,0.61,17.0,19.5,3,76867.0,-50.9,True
2025-09-01,Troparyovo-Nikulino,ZAO,431000,463500,1796,0.01,17.0,19.5,6,278067.0,-35.5,False
2025-09-01,Tsaritsyno,YuAO,273100,294700,1138,0.54,17.0,19.5,6,173783.0,-36.4,False
2025-09-01,Tverskoy,CAO,730600,833900,3044,3.68,17.0,19.5,3,559833.0,-23.4,False
2025-09-01,Tyoply Stan,YuZAO,345800,379000,1441,3.64,17.0,19.5,7,204929.0,-40.7,False
2025-09-01,Veshnyaki,VAO,260200,282800,1084,-0.35,17.0,19.5,5,153720.0,-40.9,False
2025-09-01,Vnukovo,ZAO,295100,311000,1230,5.68,17.0,19.5,4,133775.0,-54.7,False
2025-09-01,Vnukovskoye,NAO,225700,248100,940,-2.59,17.0,19.5,7,128314.0,-43.1,True
2025-09-01,Voronovskoye,TAO,113700,115400,474,0.15,17.0,19.5,1,48100.0,-57.7,True
2025-09-01,Voskresenskoye,NAO,213500,225800,889,0.28,17.0,19.5,6,106000.0,-50.4,True
2025-09-01,Vostochnoye Izmaylovo,VAO,284700,327200,1186,-0.38,17.0,19.5,6,184550.0,-35.2,False
2025-09-01,Vostochny,VAO,240600,266400,1003,-0.23,17.0,19.5,5,148860.0,-38.1,False
2025-09-01,Voykovsky,SAO,320000,351100,1333,-3.03,17.0,19.5,5,217920.0,-31.9,False
2025-09-01,Yakimanka,CAO,692800,785200,2887,-1.57,17.0,19.5,9,569311.0,-17.8,False
2025-09-01,Yaroslavsky,SVAO,265200,291800,1105,-1.1,17.0,19.5,7,134271.0,-49.4,False
2025-09-01,Yasenevo,YuZAO,355200,389300,1480,-2.59,17.0,19.5,9,306022.0,-13.8,False
2025-09-01,Yuzhnoye Butovo,YuZAO,308800,344400,1287,-1.82,17.0,19.5,4,165125.0,-46.5,False
2025-09-01,Yuzhnoye Medvedkovo,SVAO,282300,308400,1176,-0.38,17.0,19.5,6,143583.0,-49.1,False
2025-09-01,Yuzhnoye Tushino,SZAO,329900,364800,1375,-3.39,17.0,19.5,4,210550.0,-36.2,False
2025-09-01,Zamoskvorechye,CAO,638700,702600,2661,-2.24,17.0,19.5,2,411150.0,-35.6,False
2025-09-01,Zapadnoye Degunino,SAO,272500,291100,1135,-0.69,17.0,19.5,4,170700.0,-37.4,False
2025-09-01,Zelenograd,ZelAO,190100,212400,792,6.42,17.0,19.5,3,89300.0,-53.0,True
2025-09-01,Zyablikovo,YuAO,256700,296500,1070,3.39,17.0,19.5,7,142486.0,-44.5,False
2025-09-01,Zyuzino,YuZAO,369700,414800,1540,-0.4,17.0,19.5,5,220160.0,-40.4,False
2025-10-01,Aeroport,SAO,374200,415200,1559,10.36,17.0,19.5,8,245788.0,-34.3,False
2025-10-01,Akademichesky,YuZAO,449600,478900,1873,9.23,17.0,19.5,2,264850.0,-41.1,False
2025-10-01,Alekseevsky,SVAO,355200,391700,1480,2.13,17.0,19.5,4,242000.0,-31.9,False
2025-10-01,Altufyevsky,SVAO,263000,284100,1096,0.85,17.0,19.5,6,142583.0,-45.8,False
2025-10-01,Arbat,CAO,756700,825600,3153,3.92,17.0,19.5,5,643400.0,-15.0,False
2025-10-01,Babushkinsky,SVAO,300300,321900,1251,3.83,17.0,19.5,5,191540.0,-36.2,False
2025-10-01,Basmanny,CAO,590000,654400,2458,3.14,17.0,19.5,3,273433.0,-53.7,False
2025-10-01,Begovoy,SAO,398800,427500,1662,1.45,17.0,19.5,8,301025.0,-24.5,False
2025-10-01,Beskudnikovsky,SAO,269100,295700,1121,-4.77,17.0,19.5,6,185100.0,-31.2,False
2025-10-01,Bibirevo,SVAO,278200,302200,1159,1.84,17.0,19.5,8,164188.0,-41.0,False
2025-10-01,Biryulyovo Vostochnoye,YuAO,241200,270700,1005,0.03,17.0,19.5,6,142733.0,-40.8,False
2025-10-01,Biryulyovo Zapadnoye,YuAO,240300,257200,1001,-3.98,17.0,19.5,3,152867.0,-36.4,False
2025-10-01,Bogorodskoye,VAO,288600,335300,1203,2.24,17.0,19.5,8,236688.0,-18.0,False
2025-10-01,Brateyevo,YuAO,251400,281300,1048,-4.98,17.0,19.5,8,145775.0,-42.0,False
2025-10-01,Butyrsky,SVAO,338700,374900,1411,2.79,17.0,19.5,5,254000.0,-25.0,False
2025-10-01,Chertanovo Severnoye,YuAO,292900,318100,1220,6.73,17.0,19.5,5,219940.0,-24.9,False
2025-10-01,Chertanovo Tsentralnoye,YuAO,261500,286000,1089,-3.84,17.0,19.5,11,165836.0,-36.6,False
2025-10-01,Chertanovo Yuzhnoye,YuAO,245300,262100,1022,-4.44,17.0,19.5,6,234933.0,-4.2,False
2025-10-01,Cheryomushki,YuZAO,415100,447500,1730,4.32,17.0,19.5,8,320050.0,-22.9,False
2025-10-01,Danilovsky,YuAO,365500,413100,1523,2.09,17.0,19.5,5,257300.0,-29.6,False
2025-10-01,Desyonovskoye,NAO,203500,231600,848,-2.14,17.0,19.5,10,118900.0,-41.6,True
2025-10-01,Dmitrovsky,SAO,261200,283900,1089,-3.78,17.0,19.5,4,146850.0,-43.8,False
2025-10-01,Donskoy,YuAO,367500,388500,1531,-3.4,17.0,19.5,3,273733.0,-25.5,False
2025-10-01,Dorogomilovo,ZAO,569800,652400,2374,1.24,17.0,19.5,7,433114.0,-24.0,False
2025-10-01,Fili-Davydkovo,ZAO,437700,483800,1824,7.53,17.0,19.5,7,260286.0,-40.5,False
2025-10-01,Filimonkovskoye,NAO,180800,194600,753,-4.19,17.0,19.5,5,103540.0,-42.7,True
2025-10-01,Filyovsky Park,ZAO,435400,492100,1814,-1.9,17.0,19.5,6,260267.0,-40.2,False
2025-10-01,Gagarinsky,YuZAO,505500,539700,2106,3.14,17.0,19.5,6,337883.0,-33.2,False
2025-10-01,Golovinsky,SAO,290700,334200,1211,-1.77,17.0,19.5,5,194360.0,-33.1,False
2025-10-01,Golyanovo,VAO,263300,279100,1097,1.54,17.0,19.5,1,124600.0,-52.7,False
2025-10-01,Ivanovskoye,VAO,272600,295300,1136,0.08,17.0,19.5,1,159300.0,-41.6,False
2025-10-01,Izmaylovo,VAO,325400,354600,1356,4.86,17.0,19.5,11,218045.0,-33.0,False
2025-10-01,Khamovniki,CAO,806800,894100,3362,2.51,17.0,19.5,3,471267.0,-41.6,False
2025-10-01,Khoroshyovo-Mnyovniki,SZAO,404200,449400,1684,-2.25,17.0,19.5,8,216638.0,-46.4,False
2025-10-01,Khoroshyovsky,SAO,404800,445900,1686,-1.28,17.0,19.5,5,363380.0,-10.2,False
2025-10-01,Khovrino,SAO,275900,301100,1150,5.57,17.0,19.5,5,131720.0,-52.3,False
2025-10-01,Kievsky,TAO,111400,117500,464,4.73,17.0,19.5,6,54467.0,-51.1,True
2025-10-01,Klyonovskoye,TAO,114800,120700,478,2.09,17.0,19.5,8,62825.0,-45.3,True
2025-10-01,Kokoshkino,NAO,179300,194500,747,1.2,17.0,19.5,5,100940.0,-43.7,True
2025-10-01,Konkovo,YuZAO,363300,398600,1514,-2.11,17.0,19.5,6,235467.0,-35.2,False
2025-10-01,Koptevo,SAO,298900,317400,1246,-2.82,17.0,19.5,6,207650.0,-30.5,False
2025-10-01,Kosino-Ukhtomsky,VAO,263500,299800,1098,3.9,17.0,19.5,4,154325.0,-41.4,False
2025-10-01,Kotlovka,YuZAO,393200,435600,1638,3.81,17.0,19.5,4,236050.0,-40.0,False
2025-10-01,Krasnopakhorskoye,TAO,123400,133900,514,-5.51,17.0,19.5,5,84220.0,-31.8,True
2025-10-01,Krasnoselsky,CAO,548100,613400,2284,-1.52,17.0,19.5,7,378200.0,-31.0,False
2025-10-01,Krylatskoye,SZAO,450200,486600,1876,1.17,17.0,19.5,4,281525.0,-37.5,False
2025-10-01,Kuntsevo,ZAO,392400,423900,1635,-2.33,17.0,19.5,5,229060.0,-41.6,False
2025-10-01,Kurkino,SZAO,370200,402100,1542,5.67,17.0,19.5,10,232190.0,-37.3,False
2025-10-01,Levoberezhny,SAO,292000,328500,1217,-1.93,17.0,19.5,2,198150.0,-32.1,False
2025-10-01,Lianozovo,SVAO,267400,289100,1114,-0.81,17.0,19.5,2,130400.0,-51.2,False
2025-10-01,Lomonosovsky,YuZAO,481100,516100,2005,-3.54,17.0,19.5,5,341500.0,-29.0,False
2025-10-01,Losinoostrovsky,SVAO,290600,313600,1211,1.5,17.0,19.5,6,194950.0,-32.9,False
2025-10-01,Marfino,SVAO,292500,324800,1219,1.78,17.0,19.5,5,194060.0,-33.7,False
2025-10-01,Marushkinskoye,NAO,168500,185300,702,0.52,17.0,19.5,3,76833.0,-54.4,True
2025-10-01,Maryina Roshcha,SVAO,346300,370500,1443,1.58,17.0,19.5,3,269867.0,-22.1,False
2025-10-01,Meshchansky,CAO,570800,622000,2378,-0.15,17.0,19.5,2,416900.0,-27.0,False
2025-10-01,Metrogorodok,VAO,265000,289300,1104,-1.62,17.0,19.5,7,152686.0,-42.4,False
2025-10-01,Mikhaylovo-Yartsevskoye,TAO,119200,132300,497,5.29,17.0,19.5,3,65567.0,-45.0,True
2025-10-01,Mitino,SZAO,318300,371900,1326,-1.12,17.0,19.5,4,210650.0,-33.8,False
2025-10-01,Molzhaninovsky,SAO,228500,257400,952,-1.29,17.0,19.5,3,122867.0,-46.2,False
2025-10-01,Moskovsky,NAO,231400,252400,964,2.51,17.0,19.5,4,132850.0,-42.6,True
2025-10-01,Moskvorechye-Saburovo,YuAO,274800,292400,1145,-3.56,17.0,19.5,6,182517.0,-33.6,False
2025-10-01,Mosrentgen,NAO,220000,230500,917,-1.15,17.0,19.5,6,150083.0,-31.8,True
2025-10-01,Mozhaysky,ZAO,369600,417200,1540,-0.32,17.0,19.5,6,215350.0,-41.7,False
2025-10-01,Nagatino-Sadovniki,YuAO,317100,363500,1321,-1.31,17.0,19.5,10,222930.0,-29.7,False
2025-10-01,Nagatinsky Zaton,YuAO,321300,337700,1339,-3.29,17.0,19.5,9,198522.0,-38.2,False
2025-10-01,Nagorny,YuAO,312800,346200,1303,-4.91,17.0,19.5,6,264000.0,-15.6,False
2025-10-01,Novo-Peredelkino,ZAO,296000,328700,1233,-3.41,17.0,19.5,7,182843.0,-38.2,False
2025-10-01,Novofyodorovskoye,TAO,110700,126400,461,3.41,17.0,19.5,5,61820.0,-44.2,True
2025-10-01,Novogireyevo,VAO,284300,313000,1184,6.68,17.0,19.5,4,163500.0,-42.5,False
2025-10-01,Novokosino,VAO,265800,296000,1107,-0.33,17.0,19.5,6,152367.0,-42.7,False
2025-10-01,Obruchevsky,YuZAO,407800,428900,1699,2.08,17.0,19.5,4,240525.0,-41.0,False
2025-10-01,Ochakovo-Matveyevskoye,ZAO,361900,393900,1508,-0.51,17.0,19.5,5,228880.0,-36.8,False
2025-10-01,Orekhovo-Borisovo Severnoye,YuAO,244100,256500,1017,-0.77,17.0,19.5,5,131680.0,-46.1,False
2025-10-01,Orekhovo-Borisovo Yuzhnoye,YuAO,260700,281700,1086,5.98,17.0,19.5,4,132725.0,-49.1,False
2025-10-01,Ostankinsky,SVAO,343500,366300,1431,0.92,17.0,19.5,9,253011.0,-26.3,False
2025-10-01,Otradnoye,SVAO,289600,321200,1206,0.06,17.0,19.5,2,222200.0,-23.3,False
2025-10-01,Perovo,VAO,293000,328400,1221,3.52,17.0,19.5,4,190250.0,-35.1,False
2025-10-01,Pervomayskoye,TAO,116100,125200,484,-7.47,17.0,19.5,5,51260.0,-55.8,True
2025-10-01,Pokrovskoye-Streshnevo,SZAO,369100,412500,1538,6.67,17.0,19.5,4,233500.0,-36.7,False
2025-10-01,Preobrazhenskoye,VAO,301800,330200,1257,-4.74,17.0,19.5,4,268325.0,-11.1,False
2025-10-01,Presnensky,CAO,668100,767200,2784,-2.73,17.0,19.5,5,493820.0,-26.1,False
2025-10-01,Prospekt Vernadskogo,ZAO,487700,547900,2032,4.76,17.0,19.5,4,317725.0,-34.9,False
2025-10-01,Ramenki,ZAO,506700,555900,2111,2.61,17.0,19.5,3,290367.0,-42.7,False
2025-10-01,Rogovskoye,TAO,107900,111900,450,-2.66,17.0,19.5,4,62450.0,-42.1,True
2025-10-01,Rostokino,SVAO,285300,309600,1189,-2.83,17.0,19.5,6,171900.0,-39.7,False
2025-10-01,Ryazanovskoye,NAO,176800,203100,737,0.85,17.0,19.5,3,80067.0,-54.7,True
2025-10-01,Savyolovsky,SAO,368600,418200,1536,-0.68,17.0,19.5,6,271250.0,-26.4,False
2025-10-01,Severnoye Butovo,YuZAO,337000,358700,1404,4.52,17.0,19.5,7,172629.0,-48.8,False
2025-10-01,Severnoye Izmaylovo,VAO,280800,307900,1170,0.05,17.0,19.5,7,207000.0,-26.3,False
2025-10-01,Severnoye Medvedkovo,SVAO,280800,303600,1170,1.85,17.0,19.5,9,180700.0,-35.6,False
2025-10-01,Severnoye Tushino,SZAO,320400,333100,1335,-4.1,17.0,19.5,4,204425.0,-36.2,False
2025-10-01,Severny,SVAO,253300,268200,1055,-1.15,17.0,19.5,6,119750.0,-52.7,False
2025-10-01,Shchapovskoye,TAO,119000,129200,496,6.01,17.0,19.5,10,66200.0,-44.4,True
2025-10-01,Shcherbinka,NAO,204300,227900,851,2.31,17.0,19.5,5,125700.0,-38.5,True
2025-10-01,Shchukino,SZAO,404800,454200,1687,-0.19,17.0,19.5,8,304338.0,-24.8,False
2025-10-01,Sokol,SAO,388600,426400,1619,-4.15,17.0,19.5,9,291833.0,-24.9,False
2025-10-01,Sokolinaya Gora,VAO,295700,323900,1232,2.3,17.0,19.5,5,181980.0,-38.5,False
2025-10-01,Sokolniki,VAO,342800,370300,1428,-0.85,17.0,19.5,9,262256.0,-23.5,False
2025-10-01,Solntsevo,ZAO,327600,349100,1365,0.03,17.0,19.5,5,153100.0,-53.3,False
2025-10-01,Sosenskoye,NAO,221100,241100,921,-2.91,17.0,19.5,7,135386.0,-38.8,True
2025-10-01,Strogino,SZAO,411700,451700,1715,-1.17,17.0,19.5,6,284767.0,-30.8,False
2025-10-01,Sviblovo,SVAO,280800,312000,1170,0.27,17.0,19.5,5,214920.0,-23.5,False
2025-10-01,Tagansky,CAO,554200,637400,2309,-2.58,17.0,19.5,6,417867.0,-24.6,False
2025-10-01,Timiryazevsky,SAO,333100,364500,1388,-6.35,17.0,19.5,6,259867.0,-22.0,False
2025-10-01,Troitsk,TAO,159900,177300,666,2.15,17.0,19.5,8,87800.0,-45.1,True
2025-10-01,Troparyovo-Nikulino,ZAO,435800,468600,1816,1.12,17.0,19.5,5,278940.0,-36.0,False
2025-10-01,Tsaritsyno,YuAO,268500,284900,1119,-1.71,17.0,19.5,3,144800.0,-46.1,False
2025-10-01,Tverskoy,CAO,703700,775000,2932,-3.68,17.0,19.5,2,486300.0,-30.9,False
2025-10-01,Tyoply Stan,YuZAO,333600,381600,1390,-3.55,17.0,19.5,4,218625.0,-34.5,False
2025-10-01,Veshnyaki,VAO,260000,285000,1083,-0.09,17.0,19.5,5,170840.0,-34.3,False
2025-10-01,Vnukovo,ZAO,298700,330600,1244,1.21,17.0,19.5,7,163329.0,-45.3,False
2025-10-01,Vnukovskoye,NAO,223400,237000,931,-1.03,17.0,19.5,5,112520.0,-49.6,True
2025-10-01,Voronovskoye,TAO,120000,134800,500,5.52,17.0,19.5,6,60583.0,-49.5,True
2025-10-01,Voskresenskoye,NAO,207400,232900,864,-2.84,17.0,19.5,1,111100.0,-46.4,True
2025-10-01,Vostochnoye Izmaylovo,VAO,303400,346800,1264,6.57,17.0,19.5,4,185300.0,-38.9,False
2025-10-01,Vostochny,VAO,252400,276600,1052,4.89,17.0,19.5,9,129411.0,-48.7,False
2025-10-01,Voykovsky,SAO,316400,349600,1318,-1.13,17.0,19.5,1,212400.0,-32.9,False
2025-10-01,Yakimanka,CAO,713500,778100,2973,3.0,17.0,19.5,2,480100.0,-32.7,False
2025-10-01,Yaroslavsky,SVAO,279000,309800,1162,5.22,17.0,19.5,6,145317.0,-47.9,False
2025-10-01,Yasenevo,YuZAO,363500,398200,1515,2.35,17.0,19.5,9,312078.0,-14.1,False
2025-10-01,Yuzhnoye Butovo,YuZAO,286700,317200,1195,-7.16,17.0,19.5,4,141425.0,-50.7,False
2025-10-01,Yuzhnoye Medvedkovo,SVAO,276700,306300,1153,-1.97,17.0,19.5,2,227000.0,-18.0,False
2025-10-01,Yuzhnoye Tushino,SZAO,342800,369600,1428,3.92,17.0,19.5,2,216750.0,-36.8,False
2025-10-01,Zamoskvorechye,CAO,612300,680900,2551,-4.14,17.0,19.5,6,454800.0,-25.7,False
2025-10-01,Zapadnoye Degunino,SAO,279100,306000,1163,2.43,17.0,19.5,3,197933.0,-29.1,False
2025-10-01,Zelenograd,ZelAO,187200,199000,780,-1.53,17.0,19.5,3,83200.0,-55.6,True
2025-10-01,Zyablikovo,YuAO,256300,282600,1068,-0.16,17.0,19.5,3,155067.0,-39.5,False
2025-10-01,Zyuzino,YuZAO,359000,395000,1496,-2.89,17.0,19.5,10,229860.0,-36.0,False
2025-11-01,Aeroport,SAO,375900,419000,1566,0.46,17.0,19.5,3,251533.0,-33.1,False
2025-11-01,Akademichesky,YuZAO,429200,475900,1788,-4.54,17.0,19.5,1,325800.0,-24.1,False
2025-11-01,Alekseevsky,SVAO,349000,384900,1454,-1.73,17.0,19.5,4,266150.0,-23.7,False
2025-11-01,Altufyevsky,SVAO,274900,310100,1145,4.52,17.0,19.5,7,161914.0,-41.1,False
2025-11-01,Arbat,CAO,760200,840000,3167,0.46,17.0,19.5,2,471150.0,-38.0,False
2025-11-01,Babushkinsky,SVAO,288500,314000,1202,-3.91,17.0,19.5,8,173038.0,-40.0,False
2025-11-01,Basmanny,CAO,604400,675600,2518,2.44,17.0,19.5,2,421400.0,-30.3,False
2025-11-01,Begovoy,SAO,373000,407600,1554,-6.47,17.0,19.5,4,263575.0,-29.3,False
2025-11-01,Beskudnikovsky,SAO,256900,295000,1070,-4.55,17.0,19.5,5,183140.0,-28.7,False
2025-11-01,Bibirevo,SVAO,276900,316600,1154,-0.47,17.0,19.5,6,207100.0,-25.2,False
2025-11-01,Biryulyovo Vostochnoye,YuAO,246200,268100,1026,2.08,17.0,19.5,8,145238.0,-41.0,False
2025-11-01,Biryulyovo Zapadnoye,YuAO,243600,277900,1015,1.38,17.0,19.5,9,155678.0,-36.1,False
2025-11-01,Bogorodskoye,VAO,301800,325800,1257,4.55,17.0,19.5,4,211900.0,-29.8,False
2025-11-01,Brateyevo,YuAO,252800,275800,1053,0.52,17.0,19.5,7,154243.0,-39.0,False
2025-11-01,Butyrsky,SVAO,332300,342400,1385,-1.87,17.0,19.5,6,244200.0,-26.5,False
2025-11-01,Chertanovo Severnoye,YuAO,267700,298700,1116,-8.59,17.0,19.5,8,186675.0,-30.3,False
2025-11-01,Chertanovo Tsentralnoye,YuAO,273600,294700,1140,4.64,17.0,19.5,5,162840.0,-40.5,False
2025-11-01,Chertanovo Yuzhnoye,YuAO,254100,282900,1059,3.61,17.0,19.5,4,237775.0,-6.4,False
2025-11-01,Cheryomushki,YuZAO,376700,424500,1569,-9.27,17.0,19.5,3,300500.0,-20.2,False
2025-11-01,Danilovsky,YuAO,350800,385700,1462,-4.01,17.0,19.5,6,237983.0,-32.2,False
2025-11-01,Desyonovskoye,NAO,201500,231600,840,-0.98,17.0,19.5,4,105925.0,-47.4,True
2025-11-01,Dmitrovsky,SAO,255100,295500,1063,-2.36,17.0,19.5,2,128150.0,-49.8,False
2025-11-01,Donskoy,YuAO,374000,400400,1558,1.78,17.0,19.5,7,333143.0,-10.9,False
2025-11-01,Dorogomilovo,ZAO,554700,620900,2311,-2.64,17.0,19.5,4,405075.0,-27.0,False
2025-11-01,Fili-Davydkovo,ZAO,419700,461500,1749,-4.1,17.0,19.5,4,298575.0,-28.9,False
2025-11-01,Filimonkovskoye,NAO,181400,200100,756,0.34,17.0,19.5,7,117429.0,-35.3,True
2025-11-01,Filyovsky Park,ZAO,446700,508900,1861,2.58,17.0,19.5,5,279240.0,-37.5,False
2025-11-01,Gagarinsky,YuZAO,517900,581100,2158,2.46,17.0,19.5,3,290633.0,-43.9,False
2025-11-01,Golovinsky,SAO,289300,318100,1205,-0.5,17.0,19.5,5,180940.0,-37.5,False
2025-11-01,Golyanovo,VAO,252700,275500,1053,-4.05,17.0,19.5,4,208275.0,-17.6,False
2025-11-01,Ivanovskoye,VAO,262800,295000,1095,-3.59,17.0,19.5,5,165080.0,-37.2,False
2025-11-01,Izmaylovo,VAO,310900,342400,1296,-4.44,17.0,19.5,2,236250.0,-24.0,False
2025-11-01,Khamovniki,CAO,777500,873700,3239,-3.64,17.0,19.5,4,649725.0,-16.4,False
2025-11-01,Khoroshyovo-Mnyovniki,SZAO,399800,422100,1666,-1.09,17.0,19.5,4,217325.0,-45.6,False
2025-11-01,Khoroshyovsky,SAO,404100,442500,1684,-0.16,17.0,19.5,4,311875.0,-22.8,False
2025-11-01,Khovrino,SAO,268700,286300,1119,-2.62,17.0,19.5,5,146260.0,-45.6,False
2025-11-01,Kievsky,TAO,113300,121700,472,1.64,17.0,19.5,6,55317.0,-51.2,True
2025-11-01,Klyonovskoye,TAO,110400,115500,460,-3.87,17.0,19.5,7,58357.0,-47.1,True
2025-11-01,Kokoshkino,NAO,171300,174400,714,-4.46,17.0,19.5,8,105088.0,-38.7,True
2025-11-01,Konkovo,YuZAO,357900,389200,1491,-1.49,17.0,19.5,5,222300.0,-37.9,False
2025-11-01,Koptevo,SAO,290500,307300,1211,-2.81,17.0,19.5,5,176620.0,-39.2,False
2025-11-01,Kosino-Ukhtomsky,VAO,248100,280400,1034,-5.88,17.0,19.5,1,153100.0,-38.3,False
2025-11-01,Kotlovka,YuZAO,375800,411400,1566,-4.42,17.0,19.5,5,248500.0,-33.9,False
2025-11-01,Krasnopakhorskoye,TAO,133000,143600,554,7.8,17.0,19.5,5,71340.0,-46.4,True
2025-11-01,Krasnoselsky,CAO,557800,590800,2324,1.78,17.0,19.5,7,402300.0,-27.9,False
2025-11-01,Krylatskoye,SZAO,459300,506700,1914,2.01,17.0,19.5,6,277817.0,-39.5,False
2025-11-01,Kuntsevo,ZAO,401200,426600,1672,2.24,17.0,19.5,3,296367.0,-26.1,False
2025-11-01,Kurkino,SZAO,385100,435300,1604,4.03,17.0,19.5,5,211140.0,-45.2,False
2025-11-01,Levoberezhny,SAO,291200,315600,1213,-0.28,17.0,19.5,2,161500.0,-44.5,False
2025-11-01,Lianozovo,SVAO,271500,297000,1131,1.52,17.0,19.5,7,145857.0,-46.3,False
2025-11-01,Lomonosovsky,YuZAO,482400,511500,2010,0.26,17.0,19.5,4,291575.0,-39.6,False
2025-11-01,Losinoostrovsky,SVAO,286300,311100,1193,-1.46,17.0,19.5,2,223650.0,-21.9,False
2025-11-01,Marfino,SVAO,285300,298000,1189,-2.48,17.0,19.5,4,187250.0,-34.4,False
2025-11-01,Marushkinskoye,NAO,167400,182000,698,-0.64,17.0,19.5,6,79967.0,-52.2,True
2025-11-01,Maryina Roshcha,SVAO,335700,365000,1399,-3.07,17.0,19.5,4,216375.0,-35.5,False
2025-11-01,Meshchansky,CAO,583900,646300,2433,2.3,17.0,19.5,7,483929.0,-17.1,False
2025-11-01,Metrogorodok,VAO,259400,280400,1081,-2.15,17.0,19.5,5,165680.0,-36.1,False
2025-11-01,Mikhaylovo-Yartsevskoye,TAO,115500,139000,481,-3.06,17.0,19.5,6,68433.0,-40.8,True
2025-11-01,Mitino,SZAO,308000,338600,1283,-3.24,17.0,19.5,5,228380.0,-25.9,False
2025-11-01,Molzhaninovsky,SAO,237800,258000,991,4.08,17.0,19.5,5,104760.0,-55.9,False
2025-11-01,Moskovsky,NAO,225400,252600,939,-2.56,17.0,19.5,4,123125.0,-45.4,True
2025-11-01,Moskvorechye-Saburovo,YuAO,278100,298700,1159,1.18,17.0,19.5,8,189038.0,-32.0,False
2025-11-01,Mosrentgen,NAO,223800,246800,932,1.7,17.0,19.5,7,171057.0,-23.6,True
2025-11-01,Mozhaysky,ZAO,368900,398200,1537,-0.17,17.0,19.5,2,176450.0,-52.2,False
2025-11-01,Nagatino-Sadovniki,YuAO,316600,338600,1319,-0.14,17.0,19.5,4,193600.0,-38.9,False
2025-11-01,Nagatinsky Zaton,YuAO,343200,369700,1430,6.8,17.0,19.5,3,214200.0,-37.6,False
2025-11-01,Nagorny,YuAO,317400,349400,1323,1.48,17.0,19.5,3,215333.0,-32.2,False
2025-11-01,Novo-Peredelkino,ZAO,305000,334100,1271,3.04,17.0,19.5,4,155350.0,-49.1,False
2025-11-01,Novofyodorovskoye,TAO,111500,123100,465,0.73,17.0,19.5,7,59971.0,-46.2,True
2025-11-01,Novogireyevo,VAO,281200,295900,1172,-1.09,17.0,19.5,8,235550.0,-16.2,False
2025-11-01,Novokosino,VAO,274100,294000,1142,3.11,17.0,19.5,3,192400.0,-29.8,False
2025-11-01,Obruchevsky,YuZAO,399200,422400,1663,-2.12,17.0,19.5,4,232975.0,-41.6,False
2025-11-01,Ochakovo-Matveyevskoye,ZAO,372600,402100,1552,2.96,17.0,19.5,3,262333.0,-29.6,False
2025-11-01,Orekhovo-Borisovo Severnoye,YuAO,253100,271100,1055,3.72,17.0,19.5,6,145050.0,-42.7,False
2025-11-01,Orekhovo-Borisovo Yuzhnoye,YuAO,248200,281900,1034,-4.79,17.0,19.5,3,131067.0,-47.2,False
2025-11-01,Ostankinsky,SVAO,335000,378500,1396,-2.48,17.0,19.5,3,228567.0,-31.8,False
2025-11-01,Otradnoye,SVAO,288200,316800,1201,-0.48,17.0,19.5,7,180271.0,-37.4,False
2025-11-01,Perovo,VAO,290000,323400,1208,-1.04,17.0,19.5,4,234200.0,-19.2,False
2025-11-01,Pervomayskoye,TAO,124100,135700,517,6.88,17.0,19.5,8,65613.0,-47.1,True
2025-11-01,Pokrovskoye-Streshnevo,SZAO,345700,375900,1441,-6.33,17.0,19.5,7,200343.0,-42.0,False
2025-11-01,Preobrazhenskoye,VAO,319000,339900,1329,5.7,17.0,19.5,9,232867.0,-27.0,False
2025-11-01,Presnensky,CAO,681100,764000,2838,1.95,17.0,19.5,7,506400.0,-25.6,False
2025-11-01,Prospekt Vernadskogo,ZAO,496800,534000,2070,1.87,17.0,19.5,6,294617.0,-40.7,False
2025-11-01,Ramenki,ZAO,503600,554800,2098,-0.6,17.0,19.5,1,422500.0,-16.1,False
2025-11-01,Rogovskoye,TAO,110200,121000,459,2.09,17.0,19.5,2,72200.0,-34.5,True
2025-11-01,Rostokino,SVAO,289700,325700,1207,1.57,17.0,19.5,5,174860.0,-39.6,False
2025-11-01,Ryazanovskoye,NAO,176400,201900,735,-0.21,17.0,19.5,3,106767.0,-39.5,True
2025-11-01,Savyolovsky,SAO,379300,404500,1581,2.92,17.0,19.5,5,291600.0,-23.1,False
2025-11-01,Severnoye Butovo,YuZAO,314200,349100,1309,-6.78,17.0,19.5,3,152233.0,-51.5,False
2025-11-01,Severnoye Izmaylovo,VAO,292700,315100,1220,4.27,17.0,19.5,5,251140.0,-14.2,False
2025-11-01,Severnoye Medvedkovo,SVAO,299200,326700,1247,6.55,17.0,19.5,7,167643.0,-44.0,False
2025-11-01,Severnoye Tushino,SZAO,337400,354800,1406,5.33,17.0,19.5,3,162667.0,-51.8,False
2025-11-01,Severny,SVAO,253200,275800,1055,-0.03,17.0,19.5,5,138320.0,-45.4,False
2025-11-01,Shchapovskoye,TAO,118500,132700,494,-0.44,17.0,19.5,5,66740.0,-43.7,True
2025-11-01,Shcherbinka,NAO,212100,234500,884,3.82,17.0,19.5,5,103120.0,-51.4,True
2025-11-01,Shchukino,SZAO,409900,434800,1708,1.26,17.0,19.5,8,328463.0,-19.9,False
2025-11-01,Sokol,SAO,393200,439000,1638,1.19,17.0,19.5,4,297050.0,-24.5,False
2025-11-01,Sokolinaya Gora,VAO,288600,310500,1203,-2.39,17.0,19.5,2,215650.0,-25.3,False
2025-11-01,Sokolniki,VAO,336600,362300,1402,-1.83,17.0,19.5,5,252040.0,-25.1,False
2025-11-01,Solntsevo,ZAO,322800,363200,1345,-1.46,17.0,19.5,10,191390.0,-40.7,False
2025-11-01,Sosenskoye,NAO,227300,259500,947,2.79,17.0,19.5,4,118825.0,-47.7,True
2025-11-01,Strogino,SZAO,413300,464500,1722,0.39,17.0,19.5,4,366925.0,-11.2,False
2025-11-01,Sviblovo,SVAO,275000,299500,1146,-2.06,17.0,19.5,4,238350.0,-13.3,False
2025-11-01,Tagansky,CAO,553000,597700,2304,-0.21,17.0,19.5,5,375960.0,-32.0,False
2025-11-01,Timiryazevsky,SAO,344300,365500,1435,3.38,17.0,19.5,8,289425.0,-15.9,False
2025-11-01,Troitsk,TAO,151900,167800,633,-5.04,17.0,19.5,5,84280.0,-44.5,True
2025-11-01,Troparyovo-Nikulino,ZAO,424500,450500,1769,-2.6,17.0,19.5,4,353875.0,-16.6,False
2025-11-01,Tsaritsyno,YuAO,279800,305800,1166,4.2,17.0,19.5,10,157210.0,-43.8,False
2025-11-01,Tverskoy,CAO,740600,839400,3086,5.25,17.0,19.5,2,578550.0,-21.9,False
2025-11-01,Tyoply Stan,YuZAO,337800,369100,1407,1.26,17.0,19.5,1,201800.0,-40.3,False
2025-11-01,Veshnyaki,VAO,262100,292000,1092,0.78,17.0,19.5,5,161480.0,-38.4,False
2025-11-01,Vnukovo,ZAO,298500,320900,1244,-0.04,17.0,19.5,6,163767.0,-45.1,False
2025-11-01,Vnukovskoye,NAO,227100,247700,946,1.68,17.0,19.5,2,105050.0,-53.7,True
2025-11-01,Voronovskoye,TAO,117200,130400,488,-2.36,17.0,19.5,3,73300.0,-37.5,True
2025-11-01,Voskresenskoye,NAO,213400,233000,889,2.89,17.0,19.5,10,110530.0,-48.2,True
2025-11-01,Vostochnoye Izmaylovo,VAO,292200,337000,1218,-3.69,17.0,19.5,4,206075.0,-29.5,False
2025-11-01,Vostochny,VAO,240100,265400,1001,-4.86,17.0,19.5,5,150220.0,-37.4,False
2025-11-01,Voykovsky,SAO,327300,349000,1364,3.46,17.0,19.5,5,246640.0,-24.6,False
2025-11-01,Yakimanka,CAO,723600,807200,3015,1.41,17.0,19.5,3,640067.0,-11.5,False
2025-11-01,Yaroslavsky,SVAO,267400,311000,1114,-4.15,17.0,19.5,5,159960.0,-40.2,False
2025-11-01,Yasenevo,YuZAO,365300,401800,1522,0.49,17.0,19.5,6,247900.0,-32.1,False
2025-11-01,Yuzhnoye Butovo,YuZAO,304300,348400,1268,6.14,17.0,19.5,7,160800.0,-47.2,False
2025-11-01,Yuzhnoye Medvedkovo,SVAO,290700,318500,1211,5.04,17.0,19.5,12,160475.0,-44.8,False
2025-11-01,Yuzhnoye Tushino,SZAO,345200,380600,1438,0.7,17.0,19.5,6,187617.0,-45.6,False
2025-11-01,Zamoskvorechye,CAO,652400,689000,2718,6.55,17.0,19.5,4,476400.0,-27.0,False
2025-11-01,Zapadnoye Degunino,SAO,277400,308000,1156,-0.62,17.0,19.5,3,193567.0,-30.2,False
2025-11-01,Zelenograd,ZelAO,188500,200200,785,0.7,17.0,19.5,5,97260.0,-48.4,True
2025-11-01,Zyablikovo,YuAO,256700,279800,1070,0.15,17.0,19.5,9,146656.0,-42.9,False
2025-11-01,Zyuzino,YuZAO,382000,427100,1592,6.39,17.0,19.5,4,222325.0,-41.8,False
2025-12-01,Aeroport,SAO,379200,420500,1580,0.86,17.0,19.5,7,273029.0,-28.0,False
2025-12-01,Akademichesky,YuZAO,439900,479100,1833,2.49,17.0,19.5,5,302580.0,-31.2,False
2025-12-01,Alekseevsky,SVAO,345800,389300,1441,-0.91,17.0,19.5,7,249157.0,-27.9,False
2025-12-01,Altufyevsky,SVAO,254800,277500,1062,-7.29,17.0,19.5,7,156714.0,-38.5,False
2025-12-01,Arbat,CAO,742600,766700,3094,-2.3,17.0,19.5,4,577275.0,-22.3,False
2025-12-01,Babushkinsky,SVAO,294200,318400,1226,1.96,17.0,19.5,1,257900.0,-12.3,False
2025-12-01,Basmanny,CAO,555100,573800,2313,-8.14,17.0,19.5,8,422263.0,-23.9,False
2025-12-01,Begovoy,SAO,390200,432300,1626,4.62,17.0,19.5,3,222100.0,-43.1,False
2025-12-01,Beskudnikovsky,SAO,275100,293700,1146,7.09,17.0,19.5,3,150133.0,-45.4,False
2025-12-01,Bibirevo,SVAO,270100,298100,1125,-2.44,17.0,19.5,5,171540.0,-36.5,False
2025-12-01,Biryulyovo Vostochnoye,YuAO,258500,280800,1077,5.0,17.0,19.5,6,134617.0,-47.9,False
2025-12-01,Biryulyovo Zapadnoye,YuAO,258400,295800,1076,6.05,17.0,19.5,4,156100.0,-39.6,False
2025-12-01,Bogorodskoye,VAO,284200,298300,1184,-5.83,17.0,19.5,5,180620.0,-36.4,False
2025-12-01,Brateyevo,YuAO,255900,284000,1066,1.25,17.0,19.5,7,147486.0,-42.4,False
2025-12-01,Butyrsky,SVAO,330800,352100,1378,-0.46,17.0,19.5,5,207540.0,-37.3,False
2025-12-01,Chertanovo Severnoye,YuAO,281600,315600,1173,5.17,17.0,19.5,6,183867.0,-34.7,False
2025-12-01,Chertanovo Tsentralnoye,YuAO,282900,321800,1179,3.38,17.0,19.5,5,174760.0,-38.2,False
2025-12-01,Chertanovo Yuzhnoye,YuAO,265000,291500,1104,4.29,17.0,19.5,5,202120.0,-23.7,False
2025-12-01,Cheryomushki,YuZAO,387800,427400,1616,2.97,17.0,19.5,6,303467.0,-21.7,False
2025-12-01,Danilovsky,YuAO,363300,422400,1514,3.57,17.0,19.5,5,251180.0,-30.9,False
2025-12-01,Desyonovskoye,NAO,217600,239100,907,8.01,17.0,19.5,4,107075.0,-50.8,True
2025-12-01,Dmitrovsky,SAO,264700,295300,1103,3.79,17.0,19.5,4,146200.0,-44.8,False
2025-12-01,Donskoy,YuAO,368900,408900,1537,-1.37,17.0,19.5,5,296300.0,-19.7,False
2025-12-01,Dorogomilovo,ZAO,576800,660900,2403,3.98,17.0,19.5,6,416467.0,-27.8,False
2025-12-01,Fili-Davydkovo,ZAO,428100,482600,1784,2.01,17.0,19.5,7,318357.0,-25.6,False
2025-12-01,Filimonkovskoye,NAO,184800,196700,770,1.87,17.0,19.5,7,95657.0,-48.2,True
2025-12-01,Filyovsky Park,ZAO,455300,499600,1897,1.94,17.0,19.5,1,321400.0,-29.4,False
2025-12-01,Gagarinsky,YuZAO,491300,544000,2047,-5.15,17.0,19.5,7,351114.0,-28.5,False
2025-12-01,Golovinsky,SAO,298400,336200,1243,3.17,17.0,19.5,5,209340.0,-29.8,False
2025-12-01,Golyanovo,VAO,263200,300200,1097,4.16,17.0,19.5,5,186300.0,-29.2,False
2025-12-01,Ivanovskoye,VAO,261800,279900,1091,-0.38,17.0,19.5,8,167800.0,-35.9,False
2025-12-01,Izmaylovo,VAO,316400,336900,1318,1.77,17.0,19.5,2,201450.0,-36.3,False
2025-12-01,Khamovniki,CAO,770700,845500,3211,-0.87,17.0,19.5,4,587425.0,-23.8,False
2025-12-01,Khoroshyovo-Mnyovniki,SZAO,395100,433800,1646,-1.18,17.0,19.5,3,238267.0,-39.7,False
2025-12-01,Khoroshyovsky,SAO,415600,471300,1732,2.85,17.0,19.5,3,228433.0,-45.0,False
2025-12-01,Khovrino,SAO,274500,303400,1144,2.17,17.0,19.5,4,139175.0,-49.3,False
2025-12-01,Kievsky,TAO,107900,118500,450,-4.69,17.0,19.5,7,56543.0,-47.6,True
2025-12-01,Klyonovskoye,TAO,107800,116500,449,-2.28,17.0,19.5,4,59500.0,-44.8,True
2025-12-01,Kokoshkino,NAO,177700,191900,740,3.74,17.0,19.5,10,92410.0,-48.0,True
2025-12-01,Konkovo,YuZAO,364900,394900,1520,1.95,17.0,19.5,4,260725.0,-28.5,False
2025-12-01,Koptevo,SAO,304600,333700,1269,4.83,17.0,19.5,11,182273.0,-40.2,False
2025-12-01,Kosino-Ukhtomsky,VAO,247700,278500,1032,-0.13,17.0,19.5,5,155200.0,-37.3,False
2025-12-01,Kotlovka,YuZAO,389200,439800,1622,3.59,17.0,19.5,4,259450.0,-33.3,False
2025-12-01,Krasnopakhorskoye,TAO,126400,134200,526,-5.0,17.0,19.5,6,69583.0,-44.9,True
2025-12-01,Krasnoselsky,CAO,548100,595900,2284,-1.75,17.0,19.5,3,431500.0,-21.3,False
2025-12-01,Krylatskoye,SZAO,455500,491900,1898,-0.82,17.0,19.5,2,254900.0,-44.0,False
2025-12-01,Kuntsevo,ZAO,391700,441300,1632,-2.38,17.0,19.5,5,221220.0,-43.5,False
2025-12-01,Kurkino,SZAO,380900,405400,1587,-1.07,17.0,19.5,8,226800.0,-40.5,False
2025-12-01,Levoberezhny,SAO,297300,324600,1239,2.08,17.0,19.5,9,208189.0,-30.0,False
2025-12-01,Lianozovo,SVAO,254500,280600,1060,-6.26,17.0,19.5,4,162325.0,-36.2,False
2025-12-01,Lomonosovsky,YuZAO,463400,508100,1931,-3.94,17.0,19.5,5,301640.0,-34.9,False
2025-12-01,Losinoostrovsky,SVAO,272300,292600,1135,-4.88,17.0,19.5,4,184925.0,-32.1,False
2025-12-01,Marfino,SVAO,288900,315000,1204,1.26,17.0,19.5,5,194840.0,-32.6,False
2025-12-01,Marushkinskoye,NAO,177300,197300,739,5.89,17.0,19.5,5,82480.0,-53.5,True
2025-12-01,Maryina Roshcha,SVAO,359200,381500,1497,7.01,17.0,19.5,5,225800.0,-37.1,False
2025-12-01,Meshchansky,CAO,545000,616000,2271,-6.66,17.0,19.5,6,490717.0,-10.0,False
2025-12-01,Metrogorodok,VAO,262200,280200,1093,1.11,17.0,19.5,5,154340.0,-41.1,False
2025-12-01,Mikhaylovo-Yartsevskoye,TAO,120300,129400,501,4.14,17.0,19.5,4,63700.0,-47.0,True
2025-12-01,Mitino,SZAO,305200,337400,1272,-0.91,17.0,19.5,4,218050.0,-28.6,False
2025-12-01,Molzhaninovsky,SAO,223200,252000,930,-6.13,17.0,19.5,7,120686.0,-45.9,False
2025-12-01,Moskovsky,NAO,234100,265100,975,3.85,17.0,19.5,3,113867.0,-51.4,True
2025-12-01,Moskvorechye-Saburovo,YuAO,283200,327300,1180,1.83,17.0,19.5,3,203200.0,-28.2,False
2025-12-01,Mosrentgen,NAO,227500,247200,948,1.67,17.0,19.5,7,175700.0,-22.8,True
2025-12-01,Mozhaysky,ZAO,373800,412200,1558,1.33,17.0,19.5,3,258600.0,-30.8,False
2025-12-01,Nagatino-Sadovniki,YuAO,315700,346600,1316,-0.28,17.0,19.5,3,178733.0,-43.4,False
2025-12-01,Nagatinsky Zaton,YuAO,324600,361600,1353,-5.4,17.0,19.5,6,236467.0,-27.2,False
2025-12-01,Nagorny,YuAO,319800,350600,1333,0.75,17.0,19.5,7,244929.0,-23.4,False
2025-12-01,Novo-Peredelkino,ZAO,302800,351700,1262,-0.73,17.0,19.5,4,167425.0,-44.7,False
2025-12-01,Novofyodorovskoye,TAO,110500,122200,460,-0.98,17.0,19.5,3,57700.0,-47.8,True
2025-12-01,Novogireyevo,VAO,276100,304000,1150,-1.81,17.0,19.5,6,218183.0,-21.0,False
2025-12-01,Novokosino,VAO,267700,292300,1116,-2.3,17.0,19.5,6,165950.0,-38.0,False
2025-12-01,Obruchevsky,YuZAO,388400,431600,1618,-2.69,17.0,19.5,2,311900.0,-19.7,False
2025-12-01,Ochakovo-Matveyevskoye,ZAO,375100,421800,1563,0.68,17.0,19.5,4,201775.0,-46.2,False
2025-12-01,Orekhovo-Borisovo Severnoye,YuAO,255600,284900,1065,0.96,17.0,19.5,8,167600.0,-34.4,False
2025-12-01,Orekhovo-Borisovo Yuzhnoye,YuAO,260000,286200,1083,4.75,17.0,19.5,6,146250.0,-43.8,False
2025-12-01,Ostankinsky,SVAO,340800,376200,1420,1.74,17.0,19.5,4,218800.0,-35.8,False
2025-12-01,Otradnoye,SVAO,293700,328300,1224,1.92,17.0,19.5,1,183100.0,-37.7,False
2025-12-01,Perovo,VAO,287000,320200,1196,-1.02,17.0,19.5,2,303150.0,5.6,False
2025-12-01,Pervomayskoye,TAO,126900,138600,529,2.2,17.0,19.5,7,62643.0,-50.6,True
2025-12-01,Pokrovskoye-Streshnevo,SZAO,358700,379900,1495,3.76,17.0,19.5,7,235843.0,-34.3,False
2025-12-01,Preobrazhenskoye,VAO,316700,337900,1320,-0.71,17.0,19.5,8,266000.0,-16.0,False
2025-12-01,Presnensky,CAO,689900,756000,2875,1.29,17.0,19.5,2,577500.0,-16.3,False
2025-12-01,Prospekt Vernadskogo,ZAO,466600,498100,1944,-6.08,17.0,19.5,4,301350.0,-35.4,False
2025-12-01,Ramenki,ZAO,481400,538400,2006,-4.4,17.0,19.5,6,288000.0,-40.2,False
2025-12-01,Rogovskoye,TAO,107800,118500,449,-2.2,17.0,19.5,8,56963.0,-47.2,True
2025-12-01,Rostokino,SVAO,287400,325100,1198,-0.79,17.0,19.5,3,189133.0,-34.2,False
2025-12-01,Ryazanovskoye,NAO,173000,184200,721,-1.94,17.0,19.5,3,115900.0,-33.0,True
2025-12-01,Savyolovsky,SAO,367500,409900,1531,-3.13,17.0,19.5,7,256957.0,-30.1,False
2025-12-01,Severnoye Butovo,YuZAO,316600,344000,1319,0.76,17.0,19.5,4,162500.0,-48.7,False
2025-12-01,Severnoye Izmaylovo,VAO,291700,316800,1216,-0.35,17.0,19.5,3,218633.0,-25.0,False
2025-12-01,Severnoye Medvedkovo,SVAO,277100,307000,1155,-7.37,17.0,19.5,4,162550.0,-41.3,False
2025-12-01,Severnoye Tushino,SZAO,322600,354000,1344,-4.4,17.0,19.5,4,185550.0,-42.5,False
2025-12-01,Severny,SVAO,258700,284700,1078,2.18,17.0,19.5,4,137700.0,-46.8,False
2025-12-01,Shchapovskoye,TAO,112500,129800,469,-5.12,17.0,19.5,3,69400.0,-38.3,True
2025-12-01,Shcherbinka,NAO,214100,246800,892,0.93,17.0,19.5,3,123267.0,-42.4,True
2025-12-01,Shchukino,SZAO,392900,433800,1637,-4.14,17.0,19.5,3,293300.0,-25.3,False
2025-12-01,Sokol,SAO,395800,437700,1649,0.65,17.0,19.5,7,294900.0,-25.5,False
2025-12-01,Sokolinaya Gora,VAO,283700,311500,1182,-1.69,17.0,19.5,2,131350.0,-53.7,False
2025-12-01,Sokolniki,VAO,348400,371100,1451,3.5,17.0,19.5,2,192900.0,-44.6,False
2025-12-01,Solntsevo,ZAO,345200,365400,1438,6.93,17.0,19.5,5,161460.0,-53.2,False
2025-12-01,Sosenskoye,NAO,224600,248000,936,-1.16,17.0,19.5,3,125267.0,-44.2,True
2025-12-01,Strogino,SZAO,416700,458500,1736,0.83,17.0,19.5,7,341686.0,-18.0,False
2025-12-01,Sviblovo,SVAO,297000,322200,1237,7.98,17.0,19.5,7,202443.0,-31.8,False
2025-12-01,Tagansky,CAO,540100,598000,2250,-2.35,17.0,19.5,9,387300.0,-28.3,False
2025-12-01,Timiryazevsky,SAO,337900,356500,1408,-1.87,17.0,19.5,3,172867.0,-48.8,False
2025-12-01,Troitsk,TAO,153600,167800,640,1.13,17.0,19.5,8,88950.0,-42.1,True
2025-12-01,Troparyovo-Nikulino,ZAO,439000,477500,1829,3.41,17.0,19.5,1,315300.0,-28.2,False
2025-12-01,Tsaritsyno,YuAO,273500,306000,1140,-2.23,17.0,19.5,2,151350.0,-44.7,False
2025-12-01,Tverskoy,CAO,707800,787300,2949,-4.43,17.0,19.5,10,581380.0,-17.9,False
2025-12-01,Tyoply Stan,YuZAO,333800,382700,1391,-1.18,17.0,19.5,4,259675.0,-22.2,False
2025-12-01,Veshnyaki,VAO,259500,288700,1081,-0.99,17.0,19.5,5,162980.0,-37.2,False
2025-12-01,Vnukovo,ZAO,300400,324500,1252,0.64,17.0,19.5,6,162167.0,-46.0,False
2025-12-01,Vnukovskoye,NAO,228000,248700,950,0.4,17.0,19.5,7,125671.0,-44.9,True
2025-12-01,Voronovskoye,TAO,115900,123100,483,-1.1,17.0,19.5,9,64400.0,-44.4,True
2025-12-01,Voskresenskoye,NAO,207100,229600,863,-2.93,17.0,19.5,4,102350.0,-50.6,True
2025-12-01,Vostochnoye Izmaylovo,VAO,297600,320900,1240,1.86,17.0,19.5,5,164760.0,-44.6,False
2025-12-01,Vostochny,VAO,237500,265300,990,-1.09,17.0,19.5,7,145329.0,-38.8,False
2025-12-01,Voykovsky,SAO,319200,351500,1330,-2.47,17.0,19.5,6,233350.0,-26.9,False
2025-12-01,Yakimanka,CAO,696800,791100,2903,-3.7,17.0,19.5,7,523529.0,-24.9,False
2025-12-01,Yaroslavsky,SVAO,283000,307000,1179,5.83,17.0,19.5,7,161714.0,-42.9,False
2025-12-01,Yasenevo,YuZAO,388600,426900,1619,6.39,17.0,19.5,5,285180.0,-26.6,False
2025-12-01,Yuzhnoye Butovo,YuZAO,296400,317500,1235,-2.6,17.0,19.5,5,160560.0,-45.8,False
2025-12-01,Yuzhnoye Medvedkovo,SVAO,291500,327400,1214,0.28,17.0,19.5,4,148700.0,-49.0,False
2025-12-01,Yuzhnoye Tushino,SZAO,336900,373700,1404,-2.4,17.0,19.5,4,203025.0,-39.7,False
2025-12-01,Zamoskvorechye,CAO,617600,671800,2574,-5.33,17.0,19.5,5,526320.0,-14.8,False
2025-12-01,Zapadnoye Degunino,SAO,274700,298300,1144,-0.99,17.0,19.5,9,156856.0,-42.9,False
2025-12-01,Zelenograd,ZelAO,181400,201300,756,-3.76,17.0,19.5,9,98044.0,-46.0,True
2025-12-01,Zyablikovo,YuAO,250000,276200,1042,-2.62,17.0,19.5,6,147883.0,-40.8,False
2025-12-01,Zyuzino,YuZAO,364800,397500,1520,-4.49,17.0,19.5,3,241233.0,-33.9,False
2026-01-01,Aeroport,SAO,358400,374500,1493,-5.48,17.0,19.5,11,241764.0,-32.5,False
2026-01-01,Akademichesky,YuZAO,435700,489000,1816,-0.94,17.0,19.5,4,303075.0,-30.4,False
2026-01-01,Alekseevsky,SVAO,339400,376400,1414,-1.87,17.0,19.5,6,205467.0,-39.5,False
2026-01-01,Altufyevsky,SVAO,264700,306500,1103,3.88,17.0,19.5,6,150350.0,-43.2,False
2026-01-01,Arbat,CAO,741700,809700,3091,-0.12,17.0,19.5,4,519875.0,-29.9,False
2026-01-01,Babushkinsky,SVAO,294300,320600,1226,0.04,17.0,19.5,5,187980.0,-36.1,False
2026-01-01,Basmanny,CAO,558900,591700,2329,0.67,17.0,19.5,9,413211.0,-26.1,False
2026-01-01,Begovoy,SAO,395400,429500,1647,1.31,17.0,19.5,3,287400.0,-27.3,False
2026-01-01,Beskudnikovsky,SAO,275500,295000,1148,0.14,17.0,19.5,2,141950.0,-48.5,False
2026-01-01,Bibirevo,SVAO,277100,302700,1155,2.6,17.0,19.5,3,182467.0,-34.2,False
2026-01-01,Biryulyovo Vostochnoye,YuAO,258500,278800,1077,0.0,17.0,19.5,2,124600.0,-51.8,False
2026-01-01,Biryulyovo Zapadnoye,YuAO,244200,274500,1017,-5.49,17.0,19.5,6,140800.0,-42.3,False
2026-01-01,Bogorodskoye,VAO,292100,341300,1217,2.79,17.0,19.5,4,167675.0,-42.6,False
2026-01-01,Brateyevo,YuAO,252400,276400,1052,-1.37,17.0,19.5,9,132967.0,-47.3,False
2026-01-01,Butyrsky,SVAO,336600,361300,1402,1.74,17.0,19.5,6,268417.0,-20.3,False
2026-01-01,Chertanovo Severnoye,YuAO,291400,316200,1214,3.48,17.0,19.5,5,180620.0,-38.0,False
2026-01-01,Chertanovo Tsentralnoye,YuAO,268700,285200,1120,-5.0,17.0,19.5,4,151800.0,-43.5,False
2026-01-01,Chertanovo Yuzhnoye,YuAO,249800,288700,1041,-5.75,17.0,19.5,4,227775.0,-8.8,False
2026-01-01,Cheryomushki,YuZAO,382700,431300,1595,-1.33,17.0,19.5,8,324450.0,-15.2,False
2026-01-01,Danilovsky,YuAO,347400,379700,1447,-4.4,17.0,19.5,4,253325.0,-27.1,False
2026-01-01,Desyonovskoye,NAO,209200,234600,872,-3.86,17.0,19.5,4,125225.0,-40.1,True
2026-01-01,Dmitrovsky,SAO,264100,289200,1100,-0.26,17.0,19.5,7,174771.0,-33.8,False
2026-01-01,Donskoy,YuAO,375800,405000,1566,1.88,17.0,19.5,3,326067.0,-13.2,False
2026-01-01,Dorogomilovo,ZAO,537700,593200,2240,-6.78,17.0,19.5,9,427722.0,-20.5,False
2026-01-01,Fili-Davydkovo,ZAO,435000,479800,1812,1.59,17.0,19.5,6,278050.0,-36.1,False
2026-01-01,Filimonkovskoye,NAO,185800,203000,774,0.55,17.0,19.5,9,98456.0,-47.0,True
2026-01-01,Filyovsky Park,ZAO,450600,507300,1877,-1.05,17.0,19.5,4,342350.0,-24.0,False
2026-01-01,Gagarinsky,YuZAO,483000,537100,2012,-1.7,17.0,19.5,3,338667.0,-29.9,False
2026-01-01,Golovinsky,SAO,296100,318700,1234,-0.77,17.0,19.5,4,186650.0,-37.0,False
2026-01-01,Golyanovo,VAO,245400,273100,1023,-6.75,17.0,19.5,9,174600.0,-28.9,False
2026-01-01,Ivanovskoye,VAO,272000,316800,1133,3.89,17.0,19.5,6,168917.0,-37.9,False
2026-01-01,Izmaylovo,VAO,310200,342100,1292,-1.98,17.0,19.5,7,241329.0,-22.2,False
2026-01-01,Khamovniki,CAO,794900,887100,3312,3.14,17.0,19.5,8,592850.0,-25.4,False
2026-01-01,Khoroshyovo-Mnyovniki,SZAO,429700,486300,1790,8.77,17.0,19.5,5,236780.0,-44.9,False
2026-01-01,Khoroshyovsky,SAO,389600,438000,1623,-6.26,17.0,19.5,3,304200.0,-21.9,False
2026-01-01,Khovrino,SAO,281300,317900,1172,2.48,17.0,19.5,5,161320.0,-42.7,False
2026-01-01,Kievsky,TAO,108000,116900,450,0.01,17.0,19.5,5,57920.0,-46.4,True
2026-01-01,Klyonovskoye,TAO,114000,124300,475,5.75,17.0,19.5,10,61010.0,-46.5,True
2026-01-01,Kokoshkino,NAO,175500,191300,731,-1.22,17.0,19.5,2,99250.0,-43.4,True
2026-01-01,Konkovo,YuZAO,341000,367800,1421,-6.54,17.0,19.5,3,260133.0,-23.7,False
2026-01-01,Koptevo,SAO,305800,341000,1274,0.4,17.0,19.5,6,204417.0,-33.2,False
2026-01-01,Kosino-Ukhtomsky,VAO,250300,270800,1043,1.03,17.0,19.5,7,134857.0,-46.1,False
2026-01-01,Kotlovka,YuZAO,400400,442900,1668,2.87,17.0,19.5,4,289400.0,-27.7,False
2026-01-01,Krasnopakhorskoye,TAO,137500,148400,573,8.8,17.0,19.5,6,76850.0,-44.1,True
2026-01-01,Krasnoselsky,CAO,527000,570800,2196,-3.84,17.0,19.5,6,383233.0,-27.3,False
2026-01-01,Krylatskoye,SZAO,465100,531000,1938,2.11,17.0,19.5,7,243586.0,-47.6,False
2026-01-01,Kuntsevo,ZAO,398000,441400,1658,1.61,17.0,19.5,4,239800.0,-39.7,False
2026-01-01,Kurkino,SZAO,379600,418100,1582,-0.36,17.0,19.5,7,219957.0,-42.1,False
2026-01-01,Levoberezhny,SAO,301200,321000,1255,1.33,17.0,19.5,8,165213.0,-45.1,False
2026-01-01,Lianozovo,SVAO,257500,279800,1073,1.19,17.0,19.5,8,150750.0,-41.5,False
2026-01-01,Lomonosovsky,YuZAO,471600,494500,1965,1.77,17.0,19.5,7,350071.0,-25.8,False
2026-01-01,Losinoostrovsky,SVAO,287200,318800,1197,5.45,17.0,19.5,8,172738.0,-39.9,False
2026-01-01,Marfino,SVAO,310700,345000,1295,7.57,17.0,19.5,5,162880.0,-47.6,False
2026-01-01,Marushkinskoye,NAO,172300,191600,718,-2.82,17.0,19.5,5,97640.0,-43.3,True
2026-01-01,Maryina Roshcha,SVAO,353300,388100,1472,-1.64,17.0,19.5,6,259283.0,-26.6,False
2026-01-01,Meshchansky,CAO,572300,638500,2384,5.0,17.0,19.5,5,399040.0,-30.3,False
2026-01-01,Metrogorodok,VAO,261200,274700,1088,-0.41,17.0,19.5,9,165900.0,-36.5,False
2026-01-01,Mikhaylovo-Yartsevskoye,TAO,117100,131300,488,-2.68,17.0,19.5,4,59800.0,-48.9,True
2026-01-01,Mitino,SZAO,322300,368900,1343,5.59,17.0,19.5,8,213113.0,-33.9,False
2026-01-01,Molzhaninovsky,SAO,242300,279000,1010,8.55,17.0,19.5,3,139267.0,-42.5,False
2026-01-01,Moskovsky,NAO,224900,255900,937,-3.92,17.0,19.5,6,122967.0,-45.3,True
2026-01-01,Moskvorechye-Saburovo,YuAO,279600,293000,1165,-1.25,17.0,19.5,9,184800.0,-33.9,False
2026-01-01,Mosrentgen,NAO,227800,247000,949,0.15,17.0,19.5,3,159767.0,-29.9,True
2026-01-01,Mozhaysky,ZAO,364000,396800,1517,-2.63,17.0,19.5,7,245186.0,-32.6,False
2026-01-01,Nagatino-Sadovniki,YuAO,308500,354500,1286,-2.28,17.0,19.5,5,191340.0,-38.0,False
2026-01-01,Nagatinsky Zaton,YuAO,340000,382200,1417,4.73,17.0,19.5,2,231950.0,-31.8,False
2026-01-01,Nagorny,YuAO,313200,344100,1305,-2.07,17.0,19.5,4,249625.0,-20.3,False
2026-01-01,Novo-Peredelkino,ZAO,309800,340500,1291,2.3,17.0,19.5,6,186333.0,-39.9,False
2026-01-01,Novofyodorovskoye,TAO,109600,122500,457,-0.74,17.0,19.5,5,61320.0,-44.1,True
2026-01-01,Novogireyevo,VAO,286500,310600,1194,3.75,17.0,19.5,6,193567.0,-32.4,False
2026-01-01,Novokosino,VAO,280000,312700,1167,4.57,17.0,19.5,4,179375.0,-35.9,False
2026-01-01,Obruchevsky,YuZAO,389700,429100,1624,0.34,17.0,19.5,7,295886.0,-24.1,False
2026-01-01,Ochakovo-Matveyevskoye,ZAO,378600,411100,1578,0.93,17.0,19.5,4,230850.0,-39.0,False
2026-01-01,Orekhovo-Borisovo Severnoye,YuAO,249400,274100,1039,-2.43,17.0,19.5,8,149175.0,-40.2,False
2026-01-01,Orekhovo-Borisovo Yuzhnoye,YuAO,253500,274600,1056,-2.5,17.0,19.5,5,138700.0,-45.3,False
2026-01-01,Ostankinsky,SVAO,348400,373000,1452,2.23,17.0,19.5,5,210420.0,-39.6,False
2026-01-01,Otradnoye,SVAO,299200,332400,1247,1.86,17.0,19.5,1,218600.0,-26.9,False
2026-01-01,Perovo,VAO,283300,310700,1180,-1.3,17.0,19.5,6,270883.0,-4.4,False
2026-01-01,Pervomayskoye,TAO,126900,147700,529,0.0,17.0,19.5,2,61450.0,-51.6,True
2026-01-01,Pokrovskoye-Streshnevo,SZAO,363200,393700,1513,1.25,17.0,19.5,6,251533.0,-30.7,False
2026-01-01,Preobrazhenskoye,VAO,316900,351500,1320,0.05,17.0,19.5,5,279160.0,-11.9,False
2026-01-01,Presnensky,CAO,697700,784800,2907,1.13,17.0,19.5,5,561160.0,-19.6,False
2026-01-01,Prospekt Vernadskogo,ZAO,481300,541300,2005,3.16,17.0,19.5,8,343663.0,-28.6,False
2026-01-01,Ramenki,ZAO,484600,541300,2019,0.66,17.0,19.5,3,312300.0,-35.6,False
2026-01-01,Rogovskoye,TAO,107500,112000,448,-0.22,17.0,19.5,6,52817.0,-50.9,True
2026-01-01,Rostokino,SVAO,286100,306800,1192,-0.48,17.0,19.5,2,131600.0,-54.0,False
2026-01-01,Ryazanovskoye,NAO,183300,190200,764,5.96,17.0,19.5,5,93520.0,-49.0,True
2026-01-01,Savyolovsky,SAO,371200,397300,1547,1.01,17.0,19.5,6,271183.0,-26.9,False
2026-01-01,Severnoye Butovo,YuZAO,325500,367100,1356,2.82,17.0,19.5,3,161567.0,-50.4,False
2026-01-01,Severnoye Izmaylovo,VAO,282400,315700,1176,-3.21,17.0,19.5,3,232633.0,-17.6,False
2026-01-01,Severnoye Medvedkovo,SVAO,280500,304800,1169,1.21,17.0,19.5,6,167867.0,-40.2,False
2026-01-01,Severnoye Tushino,SZAO,335500,369300,1398,3.99,17.0,19.5,3,172733.0,-48.5,False
2026-01-01,Severny,SVAO,248300,273200,1035,-4.02,17.0,19.5,6,171200.0,-31.1,False
2026-01-01,Shchapovskoye,TAO,116000,125200,483,3.12,17.0,19.5,2,63900.0,-44.9,True
2026-01-01,Shcherbinka,NAO,203600,236700,848,-4.89,17.0,19.5,8,124875.0,-38.7,True
2026-01-01,Shchukino,SZAO,386000,408000,1608,-1.78,17.0,19.5,8,272388.0,-29.4,False
2026-01-01,Sokol,SAO,395400,428400,1647,-0.1,17.0,19.5,3,291167.0,-26.4,False
2026-01-01,Sokolinaya Gora,VAO,285400,307700,1189,0.59,17.0,19.5,3,195733.0,-31.4,False
2026-01-01,Sokolniki,VAO,338500,366000,1410,-2.83,17.0,19.5,2,225650.0,-33.3,False
2026-01-01,Solntsevo,ZAO,320900,342000,1337,-7.01,17.0,19.5,11,187855.0,-41.5,False
2026-01-01,Sosenskoye,NAO,229200,257900,955,2.05,17.0,19.5,8,124575.0,-45.6,True
2026-01-01,Strogino,SZAO,405100,447900,1688,-2.78,17.0,19.5,4,331200.0,-18.2,False
2026-01-01,Sviblovo,SVAO,284300,297900,1185,-4.26,17.0,19.5,9,242222.0,-14.8,False
2026-01-01,Tagansky,CAO,549900,603100,2291,1.82,17.0,19.5,2,461900.0,-16.0,False
2026-01-01,Timiryazevsky,SAO,340200,383900,1418,0.69,17.0,19.5,5,262900.0,-22.7,False
2026-01-01,Troitsk,TAO,160200,173600,668,4.31,17.0,19.5,6,85567.0,-46.6,True
2026-01-01,Troparyovo-Nikulino,ZAO,428000,461900,1783,-2.49,17.0,19.5,1,428700.0,0.2,False
2026-01-01,Tsaritsyno,YuAO,272900,311800,1137,-0.24,17.0,19.5,5,167400.0,-38.7,False
2026-01-01,Tverskoy,CAO,741400,803500,3089,4.75,17.0,19.5,7,536571.0,-27.6,False
2026-01-01,Tyoply Stan,YuZAO,335600,360100,1398,0.54,17.0,19.5,5,229560.0,-31.6,False
2026-01-01,Veshnyaki,VAO,271400,302200,1131,4.61,17.0,19.5,3,179033.0,-34.0,False
2026-01-01,Vnukovo,ZAO,286300,312200,1193,-4.7,17.0,19.5,8,166913.0,-41.7,False
2026-01-01,Vnukovskoye,NAO,223700,244300,932,-1.91,17.0,19.5,5,118120.0,-47.2,True
2026-01-01,Voronovskoye,TAO,116100,131200,484,0.19,17.0,19.5,5,56760.0,-51.1,True
2026-01-01,Voskresenskoye,NAO,214200,229900,893,3.44,17.0,19.5,6,126100.0,-41.1,True
2026-01-01,Vostochnoye Izmaylovo,VAO,287400,310600,1198,-3.43,17.0,19.5,5,202280.0,-29.6,False
2026-01-01,Vostochny,VAO,247200,267500,1030,4.09,17.0,19.5,8,152188.0,-38.4,False
2026-01-01,Voykovsky,SAO,328000,365400,1367,2.76,17.0,19.5,4,230850.0,-29.6,False
2026-01-01,Yakimanka,CAO,728400,810900,3035,4.53,17.0,19.5,5,488680.0,-32.9,False
2026-01-01,Yaroslavsky,SVAO,279300,314200,1164,-1.32,17.0,19.5,4,170675.0,-38.9,False
2026-01-01,Yasenevo,YuZAO,376600,425300,1569,-3.1,17.0,19.5,5,262020.0,-30.4,False
2026-01-01,Yuzhnoye Butovo,YuZAO,297100,327000,1238,0.24,17.0,19.5,9,168189.0,-43.4,False
2026-01-01,Yuzhnoye Medvedkovo,SVAO,272400,289100,1135,-6.55,17.0,19.5,5,160280.0,-41.2,False
2026-01-01,Yuzhnoye Tushino,SZAO,354200,379900,1476,5.13,17.0,19.5,6,183417.0,-48.2,False
2026-01-01,Zamoskvorechye,CAO,657200,731500,2738,6.4,17.0,19.5,5,419880.0,-36.1,False
2026-01-01,Zapadnoye Degunino,SAO,268600,281800,1119,-2.22,17.0,19.5,6,198417.0,-26.1,False
2026-01-01,Zelenograd,ZelAO,195300,221900,814,7.67,17.0,19.5,4,104725.0,-46.4,True
2026-01-01,Zyablikovo,YuAO,256900,284400,1071,2.79,17.0,19.5,2,136850.0,-46.7,False
2026-01-01,Zyuzino,YuZAO,386000,431700,1608,5.8,17.0,19.5,8,219638.0,-43.1,False
2026-02-01,Aeroport,SAO,379500,410500,1581,5.89,17.0,19.5,5,249100.0,-34.4,False
2026-02-01,Akademichesky,YuZAO,428600,455600,1786,-1.64,17.0,19.5,9,275000.0,-35.8,False
2026-02-01,Alekseevsky,SVAO,345800,381300,1441,1.88,17.0,19.5,1,182600.0,-47.2,False
2026-02-01,Altufyevsky,SVAO,268700,298400,1120,1.5,17.0,19.5,3,171900.0,-36.0,False
2026-02-01,Arbat,CAO,763800,806300,3183,2.98,17.0,19.5,5,550200.0,-28.0,False
2026-02-01,Babushkinsky,SVAO,275500,307600,1148,-6.39,17.0,19.5,5,169640.0,-38.4,False
2026-02-01,Basmanny,CAO,588500,642900,2452,5.31,17.0,19.5,6,454317.0,-22.8,False
2026-02-01,Begovoy,SAO,395800,413200,1649,0.12,17.0,19.5,3,340867.0,-13.9,False
2026-02-01,Beskudnikovsky,SAO,265600,295700,1107,-3.58,17.0,19.5,6,154067.0,-42.0,False
2026-02-01,Bibirevo,SVAO,266500,294200,1110,-3.82,17.0,19.5,6,139217.0,-47.8,False
2026-02-01,Biryulyovo Vostochnoye,YuAO,246100,272400,1026,-4.8,17.0,19.5,3,127300.0,-48.3,False
2026-02-01,Biryulyovo Zapadnoye,YuAO,252400,271700,1052,3.38,17.0,19.5,4,121875.0,-51.7,False
2026-02-01,Bogorodskoye,VAO,286500,322900,1194,-1.94,17.0,19.5,3,185567.0,-35.2,False
2026-02-01,Brateyevo,YuAO,259300,282200,1080,2.74,17.0,19.5,11,148764.0,-42.6,False
2026-02-01,Butyrsky,SVAO,326700,350300,1361,-2.95,17.0,19.5,7,281043.0,-14.0,False
2026-02-01,Chertanovo Severnoye,YuAO,274700,306400,1145,-5.73,17.0,19.5,6,180350.0,-34.3,False
2026-02-01,Chertanovo Tsentralnoye,YuAO,276000,286200,1150,2.7,17.0,19.5,2,127550.0,-53.8,False
2026-02-01,Chertanovo Yuzhnoye,YuAO,255200,280100,1063,2.18,17.0,19.5,5,227180.0,-11.0,False
2026-02-01,Cheryomushki,YuZAO,387200,433100,1613,1.17,17.0,19.5,5,324380.0,-16.2,False
2026-02-01,Danilovsky,YuAO,359100,398500,1496,3.38,17.0,19.5,8,254163.0,-29.2,False
2026-02-01,Desyonovskoye,NAO,204300,230200,851,-2.33,17.0,19.5,6,120983.0,-40.8,True
2026-02-01,Dmitrovsky,SAO,270800,297600,1128,2.53,17.0,19.5,5,161800.0,-40.3,False
2026-02-01,Donskoy,YuAO,368400,391700,1535,-1.98,17.0,19.5,5,256160.0,-30.5,False
2026-02-01,Dorogomilovo,ZAO,596600,660900,2486,10.96,17.0,19.5,3,407300.0,-31.7,False
2026-02-01,Fili-Davydkovo,ZAO,433300,463800,1806,-0.37,17.0,19.5,0,,,False
2026-02-01,Filimonkovskoye,NAO,185300,209500,772,-0.27,17.0,19.5,7,97500.0,-47.4,True
2026-02-01,Filyovsky Park,ZAO,457200,494900,1905,1.48,17.0,19.5,2,307350.0,-32.8,False
2026-02-01,Gagarinsky,YuZAO,494800,542300,2062,2.46,17.0,19.5,5,305620.0,-38.2,False
2026-02-01,Golovinsky,SAO,296300,339200,1235,0.07,17.0,19.5,5,168120.0,-43.3,False
2026-02-01,Golyanovo,VAO,264200,300900,1101,7.65,17.0,19.5,4,162750.0,-38.4,False
2026-02-01,Ivanovskoye,VAO,273100,296600,1138,0.41,17.0,19.5,2,169900.0,-37.8,False
2026-02-01,Izmaylovo,VAO,313600,330700,1307,1.1,17.0,19.5,6,182367.0,-41.8,False
2026-02-01,Khamovniki,CAO,760500,848300,3169,-4.33,17.0,19.5,1,686900.0,-9.7,False
2026-02-01,Khoroshyovo-Mnyovniki,SZAO,397700,442200,1657,-7.45,17.0,19.5,6,252200.0,-36.6,False
2026-02-01,Khoroshyovsky,SAO,427300,467300,1780,9.67,17.0,19.5,3,261300.0,-38.8,False
2026-02-01,Khovrino,SAO,279500,293800,1164,-0.65,17.0,19.5,2,171400.0,-38.7,False
2026-02-01,Kievsky,TAO,113700,123000,474,5.35,17.0,19.5,7,65957.0,-42.0,True
2026-02-01,Klyonovskoye,TAO,109200,121300,455,-4.2,17.0,19.5,6,55550.0,-49.1,True
2026-02-01,Kokoshkino,NAO,183600,206100,765,4.59,17.0,19.5,5,90100.0,-50.9,True
2026-02-01,Konkovo,YuZAO,368500,405900,1536,8.07,17.0,19.5,6,266733.0,-27.6,False
2026-02-01,Koptevo,SAO,302300,331300,1260,-1.13,17.0,19.5,4,195375.0,-35.4,False
2026-02-01,Kosino-Ukhtomsky,VAO,262500,295000,1094,4.89,17.0,19.5,1,140500.0,-46.5,False
2026-02-01,Kotlovka,YuZAO,380000,393000,1583,-5.09,17.0,19.5,1,356100.0,-6.3,False
2026-02-01,Krasnopakhorskoye,TAO,123200,128800,513,-10.42,17.0,19.5,7,66471.0,-46.0,True
2026-02-01,Krasnoselsky,CAO,542400,581200,2260,2.92,17.0,19.5,4,383475.0,-29.3,False
2026-02-01,Krylatskoye,SZAO,448000,494100,1867,-3.69,17.0,19.5,2,303250.0,-32.3,False
2026-02-01,Kuntsevo,ZAO,400400,430500,1668,0.61,17.0,19.5,3,255900.0,-36.1,False
2026-02-01,Kurkino,SZAO,364400,401400,1518,-4.0,17.0,19.5,5,245720.0,-32.6,False
2026-02-01,Levoberezhny,SAO,299900,330600,1250,-0.43,17.0,19.5,2,152400.0,-49.2,False
2026-02-01,Lianozovo,SVAO,269600,296900,1123,4.7,17.0,19.5,3,178400.0,-33.8,False
2026-02-01,Lomonosovsky,YuZAO,465500,509500,1940,-1.28,17.0,19.5,6,312367.0,-32.9,False
2026-02-01,Losinoostrovsky,SVAO,279800,303300,1166,-2.55,17.0,19.5,7,146914.0,-47.5,False
2026-02-01,Marfino,SVAO,288500,294800,1202,-7.14,17.0,19.5,5,194000.0,-32.8,False
2026-02-01,Marushkinskoye,NAO,179400,191900,747,4.11,17.0,19.5,6,89600.0,-50.1,True
2026-02-01,Maryina Roshcha,SVAO,340300,383300,1418,-3.67,17.0,19.5,5,267980.0,-21.3,False
2026-02-01,Meshchansky,CAO,582300,652100,2426,1.75,17.0,19.5,7,451314.0,-22.5,False
2026-02-01,Metrogorodok,VAO,260500,273600,1086,-0.24,17.0,19.5,4,154575.0,-40.7,False
2026-02-01,Mikhaylovo-Yartsevskoye,TAO,120500,131000,502,2.95,17.0,19.5,6,60250.0,-50.0,True
2026-02-01,Mitino,SZAO,317300,344000,1322,-1.53,17.0,19.5,6,225717.0,-28.9,False
2026-02-01,Molzhaninovsky,SAO,236600,265900,986,-2.35,17.0,19.5,7,126371.0,-46.6,False
2026-02-01,Moskovsky,NAO,220900,237800,920,-1.79,17.0,19.5,3,106367.0,-51.8,True
2026-02-01,Moskvorechye-Saburovo,YuAO,277700,304500,1157,-0.67,17.0,19.5,0,,,False
2026-02-01,Mosrentgen,NAO,228800,258400,953,0.44,17.0,19.5,3,158033.0,-30.9,True
2026-02-01,Mozhaysky,ZAO,371600,406800,1549,2.1,17.0,19.5,5,232380.0,-37.5,False
2026-02-01,Nagatino-Sadovniki,YuAO,309100,365100,1288,0.18,17.0,19.5,5,198120.0,-35.9,False
2026-02-01,Nagatinsky Zaton,YuAO,335800,368300,1399,-1.25,17.0,19.5,7,213743.0,-36.3,False
2026-02-01,Nagorny,YuAO,318100,345400,1325,1.57,17.0,19.5,8,230513.0,-27.5,False
2026-02-01,Novo-Peredelkino,ZAO,297400,315200,1239,-4.0,17.0,19.5,5,166260.0,-44.1,False
2026-02-01,Novofyodorovskoye,TAO,115300,128900,481,5.21,17.0,19.5,3,69267.0,-39.9,True
2026-02-01,Novogireyevo,VAO,282500,313600,1177,-1.39,17.0,19.5,9,219633.0,-22.3,False
2026-02-01,Novokosino,VAO,271600,308000,1132,-2.99,17.0,19.5,6,150933.0,-44.4,False
2026-02-01,Obruchevsky,YuZAO,405500,431500,1690,4.05,17.0,19.5,4,241500.0,-40.4,False
2026-02-01,Ochakovo-Matveyevskoye,ZAO,374600,413700,1561,-1.07,17.0,19.5,4,239850.0,-36.0,False
2026-02-01,Orekhovo-Borisovo Severnoye,YuAO,243500,272300,1015,-2.35,17.0,19.5,1,167800.0,-31.1,False
2026-02-01,Orekhovo-Borisovo Yuzhnoye,YuAO,261300,289300,1089,3.08,17.0,19.5,3,159700.0,-38.9,False
2026-02-01,Ostankinsky,SVAO,336900,382000,1404,-3.3,17.0,19.5,8,240163.0,-28.7,False
2026-02-01,Otradnoye,SVAO,297100,320600,1238,-0.68,17.0,19.5,5,174920.0,-41.1,False
2026-02-01,Perovo,VAO,301800,339200,1257,6.53,17.0,19.5,6,238533.0,-21.0,False
2026-02-01,Pervomayskoye,TAO,121700,131600,507,-4.04,17.0,19.5,9,65889.0,-45.9,True
2026-02-01,Pokrovskoye-Streshnevo,SZAO,372700,414600,1553,2.62,17.0,19.5,2,258650.0,-30.6,False
2026-02-01,Preobrazhenskoye,VAO,319600,350000,1332,0.87,17.0,19.5,3,244300.0,-23.6,False
2026-02-01,Presnensky,CAO,702700,773000,2928,0.71,17.0,19.5,5,487020.0,-30.7,False
2026-02-01,Prospekt Vernadskogo,ZAO,496600,556400,2069,3.18,17.0,19.5,7,290729.0,-41.5,False
2026-02-01,Ramenki,ZAO,485900,542900,2025,0.27,17.0,19.5,5,299680.0,-38.3,False
2026-02-01,Rogovskoye,TAO,113800,126900,474,5.86,17.0,19.5,1,71400.0,-37.3,True
2026-02-01,Rostokino,SVAO,284500,317600,1185,-0.54,17.0,19.5,6,196683.0,-30.9,False
2026-02-01,Ryazanovskoye,NAO,182900,204100,762,-0.23,17.0,19.5,9,91478.0,-50.0,True
2026-02-01,Savyolovsky,SAO,360500,400200,1502,-2.87,17.0,19.5,4,277900.0,-22.9,False
2026-02-01,Severnoye Butovo,YuZAO,316700,347900,1319,-2.71,17.0,19.5,3,173667.0,-45.2,False
2026-02-01,Severnoye Izmaylovo,VAO,289800,333300,1208,2.64,17.0,19.5,4,257000.0,-11.3,False
2026-02-01,Severnoye Medvedkovo,SVAO,286700,311500,1195,2.22,17.0,19.5,5,177680.0,-38.0,False
2026-02-01,Severnoye Tushino,SZAO,331700,354000,1382,-1.12,17.0,19.5,4,217250.0,-34.5,False
2026-02-01,Severny,SVAO,256600,294800,1069,3.34,17.0,19.5,6,145017.0,-43.5,False
2026-02-01,Shchapovskoye,TAO,117900,135800,491,1.64,17.0,19.5,2,64300.0,-45.5,True
2026-02-01,Shcherbinka,NAO,211300,226900,881,3.81,17.0,19.5,5,124380.0,-41.1,True
2026-02-01,Shchukino,SZAO,401000,428700,1671,3.89,17.0,19.5,7,293029.0,-26.9,False
2026-02-01,Sokol,SAO,388400,434600,1618,-1.76,17.0,19.5,5,270300.0,-30.4,False
2026-02-01,Sokolinaya Gora,VAO,276200,289500,1151,-3.23,17.0,19.5,5,194980.0,-29.4,False
2026-02-01,Sokolniki,VAO,323800,354800,1349,-4.36,17.0,19.5,3,223200.0,-31.1,False
2026-02-01,Solntsevo,ZAO,316200,341500,1317,-1.48,17.0,19.5,4,168225.0,-46.8,False
2026-02-01,Sosenskoye,NAO,231200,269600,963,0.86,17.0,19.5,1,123100.0,-46.8,True
2026-02-01,Strogino,SZAO,409100,447900,1705,1.0,17.0,19.5,6,325383.0,-20.5,False
2026-02-01,Sviblovo,SVAO,280700,317500,1169,-1.29,17.0,19.5,6,203350.0,-27.6,False
2026-02-01,Tagansky,CAO,559000,604700,2329,1.66,17.0,19.5,5,475780.0,-14.9,False
2026-02-01,Timiryazevsky,SAO,348700,404700,1453,2.49,17.0,19.5,3,215333.0,-38.2,False
2026-02-01,Troitsk,TAO,154900,165000,645,-3.32,17.0,19.5,5,78540.0,-49.3,True
2026-02-01,Troparyovo-Nikulino,ZAO,430800,471100,1795,0.64,17.0,19.5,4,299975.0,-30.4,False
2026-02-01,Tsaritsyno,YuAO,261600,279800,1090,-4.13,17.0,19.5,7,187829.0,-28.2,False
2026-02-01,Tverskoy,CAO,715200,768300,2980,-3.54,17.0,19.5,4,530975.0,-25.8,False
2026-02-01,Tyoply Stan,YuZAO,340600,376500,1419,1.5,17.0,19.5,6,205017.0,-39.8,False
2026-02-01,Veshnyaki,VAO,275000,300400,1146,1.32,17.0,19.5,9,140833.0,-48.8,False
2026-02-01,Vnukovo,ZAO,296100,321200,1234,3.42,17.0,19.5,11,154191.0,-47.9,False
2026-02-01,Vnukovskoye,NAO,235400,262900,981,5.23,17.0,19.5,4,116675.0,-50.4,True
2026-02-01,Voronovskoye,TAO,121800,130900,507,4.89,17.0,19.5,5,62600.0,-48.6,True
2026-02-01,Voskresenskoye,NAO,213100,243200,888,-0.53,17.0,19.5,3,139000.0,-34.8,True
2026-02-01,Vostochnoye Izmaylovo,VAO,288500,314300,1202,0.37,17.0,19.5,4,181050.0,-37.2,False
2026-02-01,Vostochny,VAO,236100,258900,984,-4.52,17.0,19.5,2,128450.0,-45.6,False
2026-02-01,Voykovsky,SAO,326000,357800,1358,-0.61,17.0,19.5,4,284775.0,-12.6,False
2026-02-01,Yakimanka,CAO,716300,773600,2985,-1.66,17.0,19.5,5,579260.0,-19.1,False
2026-02-01,Yaroslavsky,SVAO,285500,313000,1189,2.22,17.0,19.5,3,158567.0,-44.5,False
2026-02-01,Yasenevo,YuZAO,375200,420000,1563,-0.37,17.0,19.5,8,288550.0,-23.1,False
2026-02-01,Yuzhnoye Butovo,YuZAO,298400,313300,1243,0.43,17.0,19.5,3,143067.0,-52.1,False
2026-02-01,Yuzhnoye Medvedkovo,SVAO,274600,294200,1144,0.81,17.0,19.5,7,154857.0,-43.6,False
2026-02-01,Yuzhnoye Tushino,SZAO,348600,395300,1453,-1.56,17.0,19.5,3,221600.0,-36.4,False
2026-02-01,Zamoskvorechye,CAO,640600,714200,2669,-2.53,17.0,19.5,2,410550.0,-35.9,False
2026-02-01,Zapadnoye Degunino,SAO,273700,293900,1140,1.9,17.0,19.5,7,166571.0,-39.1,False
2026-02-01,Zelenograd,ZelAO,189700,208400,791,-2.86,17.0,19.5,8,91388.0,-51.8,True
2026-02-01,Zyablikovo,YuAO,248600,277100,1036,-3.23,17.0,19.5,3,142767.0,-42.6,False
2026-02-01,Zyuzino,YuZAO,380900,411400,1587,-1.3,17.0,19.5,4,231150.0,-39.3,False
2026-03-01,Aeroport,SAO,369300,416700,1539,-2.69,17.0,19.5,11,230900.0,-37.5,False
2026-03-01,Akademichesky,YuZAO,425000,463500,1771,-0.83,17.0,19.5,2,291700.0,-31.4,False
2026-03-01,Alekseevsky,SVAO,353700,376400,1474,2.28,17.0,19.5,1,289000.0,-18.3,False
2026-03-01,Altufyevsky,SVAO,281500,312000,1173,4.78,17.0,19.5,4,167375.0,-40.5,False
2026-03-01,Arbat,CAO,759500,847100,3165,-0.57,17.0,19.5,5,586260.0,-22.8,False
2026-03-01,Babushkinsky,SVAO,311000,339600,1296,12.89,17.0,19.5,7,160600.0,-48.4,False
2026-03-01,Basmanny,CAO,571600,630200,2382,-2.88,17.0,19.5,5,461620.0,-19.2,False
2026-03-01,Begovoy,SAO,379900,412600,1583,-4.03,17.0,19.5,4,286600.0,-24.6,False
2026-03-01,Beskudnikovsky,SAO,273100,306400,1138,2.82,17.0,19.5,4,190600.0,-30.2,False
2026-03-01,Bibirevo,SVAO,279200,311600,1164,4.77,17.0,19.5,7,157343.0,-43.6,False
2026-03-01,Biryulyovo Vostochnoye,YuAO,252000,271900,1050,2.39,17.0,19.5,8,137888.0,-45.3,False
2026-03-01,Biryulyovo Zapadnoye,YuAO,247100,276100,1029,-2.12,17.0,19.5,2,144950.0,-41.3,False
2026-03-01,Bogorodskoye,VAO,283600,312200,1182,-0.99,17.0,19.5,4,162700.0,-42.6,False
2026-03-01,Brateyevo,YuAO,254900,279200,1062,-1.71,17.0,19.5,11,145373.0,-43.0,False
2026-03-01,Butyrsky,SVAO,349400,379300,1456,6.97,17.0,19.5,5,247120.0,-29.3,False
2026-03-01,Chertanovo Severnoye,YuAO,302700,336200,1261,10.19,17.0,19.5,3,150367.0,-50.3,False
2026-03-01,Chertanovo Tsentralnoye,YuAO,275100,293200,1146,-0.33,17.0,19.5,4,181550.0,-34.0,False
2026-03-01,Chertanovo Yuzhnoye,YuAO,262900,293400,1095,2.99,17.0,19.5,7,192500.0,-26.8,False
2026-03-01,Cheryomushki,YuZAO,394900,439000,1645,2.0,17.0,19.5,9,345822.0,-12.4,False
2026-03-01,Danilovsky,YuAO,352200,389500,1467,-1.93,17.0,19.5,6,288300.0,-18.1,False
2026-03-01,Desyonovskoye,NAO,206400,234000,860,0.99,17.0,19.5,8,117275.0,-43.2,True
2026-03-01,Dmitrovsky,SAO,272500,296300,1136,0.65,17.0,19.5,9,147978.0,-45.7,False
2026-03-01,Donskoy,YuAO,403900,464300,1683,9.64,17.0,19.5,3,296233.0,-26.7,False
2026-03-01,Dorogomilovo,ZAO,568500,626700,2369,-4.72,17.0,19.5,7,414329.0,-27.1,False
2026-03-01,Fili-Davydkovo,ZAO,417000,459500,1737,-3.78,17.0,19.5,4,316700.0,-24.1,False
2026-03-01,Filimonkovskoye,NAO,191300,216100,797,3.24,17.0,19.5,5,98740.0,-48.4,True
2026-03-01,Filyovsky Park,ZAO,450500,481500,1877,-1.48,17.0,19.5,4,267650.0,-40.6,False
2026-03-01,Gagarinsky,YuZAO,501600,562600,2090,1.36,17.0,19.5,6,354483.0,-29.3,False
2026-03-01,Golovinsky,SAO,294500,330300,1227,-0.62,17.0,19.5,4,155075.0,-47.3,False
2026-03-01,Golyanovo,VAO,264900,299500,1104,0.27,17.0,19.5,4,141900.0,-46.4,False
2026-03-01,Ivanovskoye,VAO,267300,282600,1114,-2.15,17.0,19.5,8,168613.0,-36.9,False
2026-03-01,Izmaylovo,VAO,313100,338000,1305,-0.16,17.0,19.5,7,199100.0,-36.4,False
2026-03-01,Khamovniki,CAO,780200,817700,3251,2.59,17.0,19.5,10,540700.0,-30.7,False
2026-03-01,Khoroshyovo-Mnyovniki,SZAO,388300,414200,1618,-2.37,17.0,19.5,6,237117.0,-38.9,False
2026-03-01,Khoroshyovsky,SAO,403200,438100,1680,-5.65,17.0,19.5,7,279171.0,-30.8,False
2026-03-01,Khovrino,SAO,290000,312900,1208,3.79,17.0,19.5,3,199567.0,-31.2,False
2026-03-01,Kievsky,TAO,110100,120000,459,-3.19,17.0,19.5,5,61760.0,-43.9,True
2026-03-01,Klyonovskoye,TAO,111200,117500,463,1.78,17.0,19.5,8,60738.0,-45.4,True
2026-03-01,Kokoshkino,NAO,178100,187200,742,-2.97,17.0,19.5,4,85375.0,-52.1,True
2026-03-01,Konkovo,YuZAO,363700,429900,1515,-1.32,17.0,19.5,5,216960.0,-40.3,False
2026-03-01,Koptevo,SAO,308400,350400,1285,2.01,17.0,19.5,4,178975.0,-42.0,False
2026-03-01,Kosino-Ukhtomsky,VAO,255200,280400,1063,-2.78,17.0,19.5,4,143525.0,-43.8,False
2026-03-01,Kotlovka,YuZAO,401500,433800,1673,5.66,17.0,19.5,8,265450.0,-33.9,False
2026-03-01,Krasnopakhorskoye,TAO,127700,143000,532,3.72,17.0,19.5,3,68900.0,-46.0,True
2026-03-01,Krasnoselsky,CAO,532600,573800,2219,-1.81,17.0,19.5,6,412100.0,-22.6,False
2026-03-01,Krylatskoye,SZAO,466900,504500,1945,4.22,17.0,19.5,3,351867.0,-24.6,False
2026-03-01,Kuntsevo,ZAO,398000,436500,1658,-0.59,17.0,19.5,6,261450.0,-34.3,False
2026-03-01,Kurkino,SZAO,357700,398200,1490,-1.85,17.0,19.5,3,236133.0,-34.0,False
2026-03-01,Levoberezhny,SAO,286800,306600,1195,-4.35,17.0,19.5,7,210186.0,-26.7,False
2026-03-01,Lianozovo,SVAO,266800,293000,1112,-1.05,17.0,19.5,5,153360.0,-42.5,False
2026-03-01,Lomonosovsky,YuZAO,447400,480000,1864,-3.88,17.0,19.5,5,361900.0,-19.1,False
2026-03-01,Losinoostrovsky,SVAO,289600,313900,1207,3.5,17.0,19.5,2,168750.0,-41.7,False
2026-03-01,Marfino,SVAO,288200,319900,1201,-0.13,17.0,19.5,3,227133.0,-21.2,False
2026-03-01,Marushkinskoye,NAO,174800,196300,728,-2.57,17.0,19.5,6,90567.0,-48.2,True
2026-03-01,Maryina Roshcha,SVAO,328100,351300,1367,-3.61,17.0,19.5,4,244450.0,-25.5,False
2026-03-01,Meshchansky,CAO,550100,611600,2292,-5.53,17.0,19.5,4,556225.0,1.1,False
2026-03-01,Metrogorodok,VAO,264800,294400,1104,1.65,17.0,19.5,3,165933.0,-37.3,False
2026-03-01,Mikhaylovo-Yartsevskoye,TAO,117800,127900,491,-2.31,17.0,19.5,6,70500.0,-40.2,True
2026-03-01,Mitino,SZAO,321000,355000,1337,1.14,17.0,19.5,3,203500.0,-36.6,False
2026-03-01,Molzhaninovsky,SAO,237400,245000,989,0.31,17.0,19.5,3,124400.0,-47.6,False
2026-03-01,Moskovsky,NAO,232300,251600,968,5.14,17.0,19.5,4,105875.0,-54.4,True
2026-03-01,Moskvorechye-Saburovo,YuAO,281700,299600,1174,1.43,17.0,19.5,6,190867.0,-32.2,False
2026-03-01,Mosrentgen,NAO,215400,230200,897,-5.88,17.0,19.5,3,153000.0,-29.0,True
2026-03-01,Mozhaysky,ZAO,371300,424800,1547,-0.09,17.0,19.5,5,265100.0,-28.6,False
2026-03-01,Nagatino-Sadovniki,YuAO,329700,366500,1374,6.67,17.0,19.5,4,191575.0,-41.9,False
2026-03-01,Nagatinsky Zaton,YuAO,335700,355400,1399,-0.02,17.0,19.5,4,203925.0,-39.3,False
2026-03-01,Nagorny,YuAO,321200,355500,1338,0.96,17.0,19.5,3,307567.0,-4.2,False
2026-03-01,Novo-Peredelkino,ZAO,307900,352900,1283,3.51,17.0,19.5,9,179289.0,-41.8,False
2026-03-01,Novofyodorovskoye,TAO,115000,127400,479,-0.3,17.0,19.5,6,51933.0,-54.8,True
2026-03-01,Novogireyevo,VAO,274500,302900,1144,-2.83,17.0,19.5,5,237060.0,-13.6,False
2026-03-01,Novokosino,VAO,267100,298600,1113,-1.64,17.0,19.5,6,150450.0,-43.7,False
2026-03-01,Obruchevsky,YuZAO,407500,448100,1698,0.49,17.0,19.5,5,263200.0,-35.4,False
2026-03-01,Ochakovo-Matveyevskoye,ZAO,362800,393900,1512,-3.14,17.0,19.5,9,242411.0,-33.2,False
2026-03-01,Orekhovo-Borisovo Severnoye,YuAO,251400,268200,1048,3.25,17.0,19.5,3,147200.0,-41.4,False
2026-03-01,Orekhovo-Borisovo Yuzhnoye,YuAO,262800,285700,1095,0.58,17.0,19.5,4,140375.0,-46.6,False
2026-03-01,Ostankinsky,SVAO,352000,389900,1467,4.49,17.0,19.5,5,276220.0,-21.5,False
2026-03-01,Otradnoye,SVAO,303700,330700,1265,2.2,17.0,19.5,4,151500.0,-50.1,False
2026-03-01,Perovo,VAO,297000,334200,1237,-1.58,17.0,19.5,4,273925.0,-7.8,False
2026-03-01,Pervomayskoye,TAO,120200,130200,501,-1.25,17.0,19.5,5,71560.0,-40.5,True
2026-03-01,Pokrovskoye-Streshnevo,SZAO,349600,380900,1457,-6.19,17.0,19.5,3,208233.0,-40.4,False
2026-03-01,Preobrazhenskoye,VAO,309800,336700,1291,-3.08,17.0,19.5,7,259800.0,-16.1,False
2026-03-01,Presnensky,CAO,701800,787400,2924,-0.13,17.0,19.5,5,618840.0,-11.8,False
2026-03-01,Prospekt Vernadskogo,ZAO,479700,515100,1999,-3.41,17.0,19.5,6,330033.0,-31.2,False
2026-03-01,Ramenki,ZAO,476000,530600,1983,-2.04,17.0,19.5,4,311500.0,-34.6,False
2026-03-01,Rogovskoye,TAO,109900,120900,458,-3.48,17.0,19.5,7,59786.0,-45.6,True
2026-03-01,Rostokino,SVAO,291800,319200,1216,2.57,17.0,19.5,8,193075.0,-33.8,False
2026-03-01,Ryazanovskoye,NAO,177900,193100,741,-2.73,17.0,19.5,4,84775.0,-52.3,True
2026-03-01,Savyolovsky,SAO,381100,413000,1588,5.7,17.0,19.5,6,239750.0,-37.1,False
2026-03-01,Severnoye Butovo,YuZAO,324400,354800,1351,2.43,17.0,19.5,6,180433.0,-44.4,False
2026-03-01,Severnoye Izmaylovo,VAO,288600,319600,1203,-0.41,17.0,19.5,3,212200.0,-26.5,False
2026-03-01,Severnoye Medvedkovo,SVAO,285100,316200,1188,-0.56,17.0,19.5,8,167013.0,-41.4,False
2026-03-01,Severnoye Tushino,SZAO,319000,357500,1329,-3.82,17.0,19.5,7,172657.0,-45.9,False
2026-03-01,Severny,SVAO,260600,292300,1086,1.56,17.0,19.5,4,135100.0,-48.2,False
2026-03-01,Shchapovskoye,TAO,119800,128500,499,1.67,17.0,19.5,2,58750.0,-51.0,True
2026-03-01,Shcherbinka,NAO,212700,234300,886,0.64,17.0,19.5,9,108400.0,-49.0,True
2026-03-01,Shchukino,SZAO,418100,461600,1742,4.26,17.0,19.5,5,269800.0,-35.5,False
2026-03-01,Sokol,SAO,386800,460500,1612,-0.41,17.0,19.5,6,315517.0,-18.4,False
2026-03-01,Sokolinaya Gora,VAO,297000,320700,1237,7.53,17.0,19.5,3,182033.0,-38.7,False
2026-03-01,Sokolniki,VAO,345900,392600,1441,6.85,17.0,19.5,5,232960.0,-32.7,False
2026-03-01,Solntsevo,ZAO,324600,345000,1352,2.65,17.0,19.5,0,,,False
2026-03-01,Sosenskoye,NAO,225700,246700,940,-2.39,17.0,19.5,6,123217.0,-45.4,True
2026-03-01,Strogino,SZAO,412200,458700,1717,0.74,17.0,19.5,5,362020.0,-12.2,False
2026-03-01,Sviblovo,SVAO,292300,325300,1218,4.14,17.0,19.5,9,201967.0,-30.9,False
2026-03-01,Tagansky,CAO,548500,595600,2286,-1.87,17.0,19.5,7,389771.0,-28.9,False
2026-03-01,Timiryazevsky,SAO,330300,359900,1376,-5.26,17.0,19.5,8,247800.0,-25.0,False
2026-03-01,Troitsk,TAO,159400,177700,664,2.94,17.0,19.5,5,88100.0,-44.7,True
2026-03-01,Troparyovo-Nikulino,ZAO,438700,468600,1828,1.84,17.0,19.5,7,337971.0,-23.0,False
2026-03-01,Tsaritsyno,YuAO,272000,301900,1133,3.98,17.0,19.5,4,177300.0,-34.8,False
2026-03-01,Tverskoy,CAO,745800,841300,3107,4.27,17.0,19.5,5,506780.0,-32.0,False
2026-03-01,Tyoply Stan,YuZAO,351400,403200,1464,3.17,17.0,19.5,6,212750.0,-39.5,False
2026-03-01,Veshnyaki,VAO,269200,291200,1122,-2.11,17.0,19.5,6,153433.0,-43.0,False
2026-03-01,Vnukovo,ZAO,298100,324300,1242,0.67,17.0,19.5,3,175100.0,-41.3,False
2026-03-01,Vnukovskoye,NAO,230400,263500,960,-2.1,17.0,19.5,6,125083.0,-45.7,True
2026-03-01,Voronovskoye,TAO,116900,126400,487,-3.95,17.0,19.5,4,71200.0,-39.1,True
2026-03-01,Voskresenskoye,NAO,208200,235800,868,-2.31,17.0,19.5,7,108343.0,-48.0,True
2026-03-01,Vostochnoye Izmaylovo,VAO,291600,310400,1215,1.07,17.0,19.5,9,189011.0,-35.2,False
2026-03-01,Vostochny,VAO,246900,268800,1029,4.61,17.0,19.5,2,139100.0,-43.7,False
2026-03-01,Voykovsky,SAO,329600,368800,1373,1.11,17.0,19.5,8,251113.0,-23.8,False
2026-03-01,Yakimanka,CAO,686800,752600,2861,-4.13,17.0,19.5,6,576900.0,-16.0,False
2026-03-01,Yaroslavsky,SVAO,287600,314200,1198,0.75,17.0,19.5,6,144433.0,-49.8,False
2026-03-01,Yasenevo,YuZAO,360900,376100,1504,-3.82,17.0,19.5,5,337800.0,-6.4,False
2026-03-01,Yuzhnoye Butovo,YuZAO,293200,330600,1222,-1.74,17.0,19.5,4,154075.0,-47.5,False
2026-03-01,Yuzhnoye Medvedkovo,SVAO,284000,303100,1183,3.44,17.0,19.5,8,174725.0,-38.5,False
2026-03-01,Yuzhnoye Tushino,SZAO,344500,385000,1435,-1.2,17.0,19.5,4,199175.0,-42.2,False
2026-03-01,Zamoskvorechye,CAO,617700,700600,2574,-3.58,17.0,19.5,7,521171.0,-15.6,False
2026-03-01,Zapadnoye Degunino,SAO,270800,306300,1128,-1.05,17.0,19.5,4,135325.0,-50.0,False
2026-03-01,Zelenograd,ZelAO,183800,203600,766,-3.12,17.0,19.5,5,106080.0,-42.3,True
2026-03-01,Zyablikovo,YuAO,241400,262600,1006,-2.9,17.0,19.5,8,141038.0,-41.6,False
2026-03-01,Zyuzino,YuZAO,368400,405100,1535,-3.29,17.0,19.5,4,254500.0,-30.9,False
2026-04-01,Aeroport,SAO,364200,398100,1518,-1.38,17.0,19.5,3,280733.0,-22.9,False
2026-04-01,Akademichesky,YuZAO,426900,473000,1779,0.43,17.0,19.5,4,277200.0,-35.1,False
2026-04-01,Alekseevsky,SVAO,347900,398000,1450,-1.61,17.0,19.5,6,254517.0,-26.8,False
2026-04-01,Altufyevsky,SVAO,281100,314700,1171,-0.14,17.0,19.5,5,160660.0,-42.8,False
2026-04-01,Arbat,CAO,761700,822100,3174,0.3,17.0,19.5,10,577750.0,-24.1,False
2026-04-01,Babushkinsky,SVAO,289400,323000,1206,-6.96,17.0,19.5,11,178782.0,-38.2,False
2026-04-01,Basmanny,CAO,578100,652100,2409,1.13,17.0,19.5,5,469060.0,-18.9,False
2026-04-01,Begovoy,SAO,387400,434800,1614,1.99,17.0,19.5,11,338673.0,-12.6,False
2026-04-01,Beskudnikovsky,SAO,287400,314200,1197,5.23,17.0,19.5,6,168517.0,-41.4,False
2026-04-01,Bibirevo,SVAO,276800,311600,1153,-0.89,17.0,19.5,9,167867.0,-39.4,False
2026-04-01,Biryulyovo Vostochnoye,YuAO,244100,273100,1017,-3.13,17.0,19.5,2,162250.0,-33.5,False
2026-04-01,Biryulyovo Zapadnoye,YuAO,256600,291600,1069,3.85,17.0,19.5,4,114100.0,-55.5,False
2026-04-01,Bogorodskoye,VAO,286600,316200,1194,1.04,17.0,19.5,6,220600.0,-23.0,False
2026-04-01,Brateyevo,YuAO,265900,298500,1108,4.32,17.0,19.5,2,154000.0,-42.1,False
2026-04-01,Butyrsky,SVAO,335900,359300,1399,-3.88,17.0,19.5,3,221633.0,-34.0,False
2026-04-01,Chertanovo Severnoye,YuAO,290100,314200,1209,-4.15,17.0,19.5,7,191600.0,-34.0,False
2026-04-01,Chertanovo Tsentralnoye,YuAO,277000,300800,1154,0.71,17.0,19.5,2,164350.0,-40.7,False
2026-04-01,Chertanovo Yuzhnoye,YuAO,252200,263600,1051,-4.05,17.0,19.5,6,192333.0,-23.7,False
2026-04-01,Cheryomushki,YuZAO,395200,445000,1647,0.07,17.0,19.5,3,317800.0,-19.6,False
2026-04-01,Danilovsky,YuAO,360100,420900,1501,2.26,17.0,19.5,3,223533.0,-37.9,False
2026-04-01,Desyonovskoye,NAO,208300,228400,868,0.94,17.0,19.5,5,101040.0,-51.5,True
2026-04-01,Dmitrovsky,SAO,278500,311800,1161,2.2,17.0,19.5,5,135600.0,-51.3,False
2026-04-01,Donskoy,YuAO,385100,419100,1605,-4.65,17.0,19.5,8,246125.0,-36.1,False
2026-04-01,Dorogomilovo,ZAO,583600,642900,2432,2.66,17.0,19.5,10,389760.0,-33.2,False
2026-04-01,Fili-Davydkovo,ZAO,436900,484000,1820,4.79,17.0,19.5,5,294980.0,-32.5,False
2026-04-01,Filimonkovskoye,NAO,182300,195000,760,-4.71,17.0,19.5,3,112800.0,-38.1,True
2026-04-01,Filyovsky Park,ZAO,462000,511000,1925,2.55,17.0,19.5,8,334863.0,-27.5,False
2026-04-01,Gagarinsky,YuZAO,507700,555500,2116,1.23,17.0,19.5,6,362367.0,-28.6,False
2026-04-01,Golovinsky,SAO,298400,328700,1243,1.33,17.0,19.5,6,162200.0,-45.6,False
2026-04-01,Golyanovo,VAO,258000,280700,1075,-2.59,17.0,19.5,5,213100.0,-17.4,False
2026-04-01,Ivanovskoye,VAO,272500,308400,1136,1.96,17.0,19.5,1,132300.0,-51.4,False
2026-04-01,Izmaylovo,VAO,334500,356500,1394,6.85,17.0,19.5,4,225800.0,-32.5,False
2026-04-01,Khamovniki,CAO,812700,891900,3386,4.16,17.0,19.5,2,492550.0,-39.4,False
2026-04-01,Khoroshyovo-Mnyovniki,SZAO,405200,445000,1688,4.37,17.0,19.5,2,311600.0,-23.1,False
2026-04-01,Khoroshyovsky,SAO,422000,478000,1758,4.68,17.0,19.5,6,346567.0,-17.9,False
2026-04-01,Khovrino,SAO,267700,287400,1115,-7.7,17.0,19.5,3,155067.0,-42.1,False
2026-04-01,Kievsky,TAO,107400,118100,447,-2.46,17.0,19.5,5,62420.0,-41.9,True
2026-04-01,Klyonovskoye,TAO,114100,126700,476,2.65,17.0,19.5,5,60240.0,-47.2,True
2026-04-01,Kokoshkino,NAO,183800,203500,766,3.18,17.0,19.5,2,103100.0,-43.9,True
2026-04-01,Konkovo,YuZAO,355500,384700,1481,-2.24,17.0,19.5,2,230150.0,-35.3,False
2026-04-01,Koptevo,SAO,305000,332600,1271,-1.12,17.0,19.5,1,202700.0,-33.5,False
2026-04-01,Kosino-Ukhtomsky,VAO,247900,267700,1033,-2.86,17.0,19.5,4,153400.0,-38.1,False
2026-04-01,Kotlovka,YuZAO,399300,423700,1664,-0.55,17.0,19.5,5,261020.0,-34.6,False
2026-04-01,Krasnopakhorskoye,TAO,133600,145300,557,4.59,17.0,19.5,3,80433.0,-39.8,True
2026-04-01,Krasnoselsky,CAO,520700,581300,2169,-2.24,17.0,19.5,4,412150.0,-20.8,False
2026-04-01,Krylatskoye,SZAO,475000,542200,1979,1.75,17.0,19.5,5,267840.0,-43.6,False
2026-04-01,Kuntsevo,ZAO,410000,468800,1708,3.0,17.0,19.5,5,257220.0,-37.3,False
2026-04-01,Kurkino,SZAO,392000,436800,1633,9.61,17.0,19.5,2,203500.0,-48.1,False
2026-04-01,Levoberezhny,SAO,292100,297300,1217,1.83,17.0,19.5,5,191260.0,-34.5,False
2026-04-01,Lianozovo,SVAO,268200,286800,1118,0.54,17.0,19.5,4,186025.0,-30.6,False
2026-04-01,Lomonosovsky,YuZAO,479300,510800,1997,7.13,17.0,19.5,11,331373.0,-30.9,False
2026-04-01,Losinoostrovsky,SVAO,278300,323400,1160,-3.92,17.0,19.5,6,174067.0,-37.5,False
2026-04-01,Marfino,SVAO,307600,327500,1282,6.74,17.0,19.5,1,236500.0,-23.1,False
2026-04-01,Marushkinskoye,NAO,180700,199700,753,3.41,17.0,19.5,6,94600.0,-47.6,True
2026-04-01,Maryina Roshcha,SVAO,347600,395500,1448,5.94,17.0,19.5,4,228100.0,-34.4,False
2026-04-01,Meshchansky,CAO,564600,600800,2353,2.65,17.0,19.5,5,386500.0,-31.5,False
2026-04-01,Metrogorodok,VAO,268700,282800,1120,1.47,17.0,19.5,4,180950.0,-32.7,False
2026-04-01,Mikhaylovo-Yartsevskoye,TAO,120800,130000,503,2.54,17.0,19.5,5,55040.0,-54.4,True
2026-04-01,Mitino,SZAO,323100,357300,1346,0.66,17.0,19.5,6,205167.0,-36.5,False
2026-04-01,Molzhaninovsky,SAO,251700,267200,1049,6.03,17.0,19.5,3,135633.0,-46.1,False
2026-04-01,Moskovsky,NAO,225300,237300,939,-2.99,17.0,19.5,7,121414.0,-46.1,True
2026-04-01,Moskvorechye-Saburovo,YuAO,273000,303000,1137,-3.09,17.0,19.5,5,185720.0,-32.0,False
2026-04-01,Mosrentgen,NAO,234300,254700,976,8.76,17.0,19.5,2,126750.0,-45.9,True
2026-04-01,Mozhaysky,ZAO,371800,400800,1549,0.12,17.0,19.5,6,229217.0,-38.3,False
2026-04-01,Nagatino-Sadovniki,YuAO,314800,351000,1312,-4.51,17.0,19.5,5,238060.0,-24.4,False
2026-04-01,Nagatinsky Zaton,YuAO,351400,386200,1464,4.7,17.0,19.5,3,206733.0,-41.2,False
2026-04-01,Nagorny,YuAO,324500,352100,1352,1.05,17.0,19.5,9,232133.0,-28.5,False
2026-04-01,Novo-Peredelkino,ZAO,309300,329300,1289,0.48,17.0,19.5,5,166500.0,-46.2,False
2026-04-01,Novofyodorovskoye,TAO,106000,114000,441,-7.86,17.0,19.5,5,68880.0,-35.0,True
2026-04-01,Novogireyevo,VAO,295900,316200,1233,7.79,17.0,19.5,5,189680.0,-35.9,False
2026-04-01,Novokosino,VAO,277600,302700,1157,3.91,17.0,19.5,5,153340.0,-44.8,False
2026-04-01,Obruchevsky,YuZAO,389000,414200,1621,-4.54,17.0,19.5,5,266840.0,-31.4,False
2026-04-01,Ochakovo-Matveyevskoye,ZAO,356900,383600,1487,-1.63,17.0,19.5,4,223025.0,-37.5,False
2026-04-01,Orekhovo-Borisovo Severnoye,YuAO,252800,271300,1053,0.54,17.0,19.5,6,155017.0,-38.7,False
2026-04-01,Orekhovo-Borisovo Yuzhnoye,YuAO,249600,278000,1040,-5.02,17.0,19.5,6,160483.0,-35.7,False
2026-04-01,Ostankinsky,SVAO,369000,395800,1537,4.83,17.0,19.5,7,255200.0,-30.8,False
2026-04-01,Otradnoye,SVAO,295000,325300,1229,-2.84,17.0,19.5,5,205980.0,-30.2,False
2026-04-01,Perovo,VAO,295100,330800,1229,-0.65,17.0,19.5,5,242620.0,-17.8,False
2026-04-01,Pervomayskoye,TAO,122100,133800,509,1.53,17.0,19.5,5,57320.0,-53.1,True
2026-04-01,Pokrovskoye-Streshnevo,SZAO,356100,397700,1484,1.84,17.0,19.5,3,230200.0,-35.4,False
2026-04-01,Preobrazhenskoye,VAO,313200,349000,1305,1.11,17.0,19.5,4,232700.0,-25.7,False
2026-04-01,Presnensky,CAO,698700,783100,2911,-0.44,17.0,19.5,6,611817.0,-12.4,False
2026-04-01,Prospekt Vernadskogo,ZAO,486300,538900,2026,1.39,17.0,19.5,5,332160.0,-31.7,False
2026-04-01,Ramenki,ZAO,485500,551600,2023,2.0,17.0,19.5,6,314017.0,-35.3,False
2026-04-01,Rogovskoye,TAO,108700,121400,453,-1.05,17.0,19.5,7,62157.0,-42.8,True
2026-04-01,Rostokino,SVAO,291100,323100,1213,-0.24,17.0,19.5,9,178689.0,-38.6,False
2026-04-01,Ryazanovskoye,NAO,179800,200300,749,1.05,17.0,19.5,2,97000.0,-46.1,True
2026-04-01,Savyolovsky,SAO,382800,422100,1595,0.46,17.0,19.5,1,296000.0,-22.7,False
2026-04-01,Severnoye Butovo,YuZAO,329100,361400,1371,1.47,17.0,19.5,2,150950.0,-54.1,False
2026-04-01,Severnoye Izmaylovo,VAO,288600,314900,1203,0.0,17.0,19.5,5,193100.0,-33.1,False
2026-04-01,Severnoye Medvedkovo,SVAO,292000,320400,1216,2.41,17.0,19.5,4,170275.0,-41.7,False
2026-04-01,Severnoye Tushino,SZAO,331400,349700,1381,3.89,17.0,19.5,3,171600.0,-48.2,False
2026-04-01,Severny,SVAO,248100,277800,1034,-4.82,17.0,19.5,4,137050.0,-44.8,False
2026-04-01,Shchapovskoye,TAO,121600,130900,507,1.5,17.0,19.5,4,54025.0,-55.6,True
2026-04-01,Shcherbinka,NAO,204500,220000,852,-3.88,17.0,19.5,3,94967.0,-53.6,True
2026-04-01,Shchukino,SZAO,404100,454200,1684,-3.35,17.0,19.5,2,240800.0,-40.4,False
2026-04-01,Sokol,SAO,393900,429800,1641,1.84,17.0,19.5,5,259200.0,-34.2,False
2026-04-01,Sokolinaya Gora,VAO,301900,334800,1258,1.65,17.0,19.5,4,181250.0,-40.0,False
2026-04-01,Sokolniki,VAO,328400,353200,1368,-5.08,17.0,19.5,5,291540.0,-11.2,False
2026-04-01,Solntsevo,ZAO,328100,376600,1367,1.09,17.0,19.5,0,,,False
2026-04-01,Sosenskoye,NAO,229600,265500,957,1.74,17.0,19.5,9,107278.0,-53.3,True
2026-04-01,Strogino,SZAO,417700,439400,1740,1.34,17.0,19.5,6,304583.0,-27.1,False
2026-04-01,Sviblovo,SVAO,287500,324300,1198,-1.63,17.0,19.5,3,141167.0,-50.9,False
2026-04-01,Tagansky,CAO,563700,629500,2349,2.77,17.0,19.5,7,449829.0,-20.2,False
2026-04-01,Timiryazevsky,SAO,336100,374500,1400,1.75,17.0,19.5,3,279733.0,-16.8,False
2026-04-01,Troitsk,TAO,157600,176800,657,-1.16,17.0,19.5,5,91980.0,-41.6,True
2026-04-01,Troparyovo-Nikulino,ZAO,439100,472900,1830,0.09,17.0,19.5,7,304043.0,-30.8,False
2026-04-01,Tsaritsyno,YuAO,290100,318900,1209,6.65,17.0,19.5,3,148900.0,-48.7,False
2026-04-01,Tverskoy,CAO,699900,780000,2916,-6.15,17.0,19.5,6,529300.0,-24.4,False
2026-04-01,Tyoply Stan,YuZAO,337000,358300,1404,-4.1,17.0,19.5,7,226886.0,-32.7,False
2026-04-01,Veshnyaki,VAO,258100,288600,1076,-4.11,17.0,19.5,5,147020.0,-43.0,False
2026-04-01,Vnukovo,ZAO,299700,334200,1249,0.54,17.0,19.5,4,147050.0,-50.9,False
2026-04-01,Vnukovskoye,NAO,226400,246000,943,-1.75,17.0,19.5,1,130100.0,-42.5,True
2026-04-01,Voronovskoye,TAO,117000,121100,488,0.06,17.0,19.5,4,67550.0,-42.3,True
2026-04-01,Voskresenskoye,NAO,204300,224700,851,-1.86,17.0,19.5,3,113867.0,-44.3,True
2026-04-01,Vostochnoye Izmaylovo,VAO,285400,303400,1189,-2.11,17.0,19.5,4,212750.0,-25.5,False
2026-04-01,Vostochny,VAO,236900,256300,987,-4.08,17.0,19.5,3,159333.0,-32.7,False
2026-04-01,Voykovsky,SAO,325700,361800,1357,-1.18,17.0,19.5,4,247575.0,-24.0,False
2026-04-01,Yakimanka,CAO,696300,770400,2901,1.39,17.0,19.5,4,632400.0,-9.2,False
2026-04-01,Yaroslavsky,SVAO,279700,301900,1165,-2.75,17.0,19.5,3,181167.0,-35.2,False
2026-04-01,Yasenevo,YuZAO,352500,401500,1469,-2.33,17.0,19.5,5,298520.0,-15.3,False
2026-04-01,Yuzhnoye Butovo,YuZAO,313900,348700,1308,7.07,17.0,19.5,5,174080.0,-44.5,False
2026-04-01,Yuzhnoye Medvedkovo,SVAO,282700,323400,1178,-0.48,17.0,19.5,0,,,False
2026-04-01,Yuzhnoye Tushino,SZAO,344600,364300,1436,0.05,17.0,19.5,5,206820.0,-40.0,False
2026-04-01,Zamoskvorechye,CAO,637900,722200,2658,3.28,17.0,19.5,5,512600.0,-19.6,False
2026-04-01,Zapadnoye Degunino,SAO,278400,297100,1160,2.8,17.0,19.5,6,171600.0,-38.4,False
2026-04-01,Zelenograd,ZelAO,190000,198200,792,3.39,17.0,19.5,7,102557.0,-46.0,True
2026-04-01,Zyablikovo,YuAO,268500,277400,1119,11.21,17.0,19.5,6,150217.0,-44.1,False
2026-04-01,Zyuzino,YuZAO,378400,409400,1577,2.72,17.0,19.5,2,260200.0,-31.2,False
